# github.com/gabrielima7/GopherCore/circuitbreaker
circuitbreaker/circuitbreaker.go:61:6: can inline State.String
circuitbreaker/circuitbreaker.go:121:6: can inline DefaultConfig
circuitbreaker/circuitbreaker.go:149:6: can inline New
circuitbreaker/circuitbreaker.go:332:6: can inline to
circuitbreaker/circuitbreaker.go:175:2: can inline (*Breaker).State.deferwrap1
circuitbreaker/circuitbreaker.go:218:3: can inline (*Breaker).Execute.func1.deferwrap1
circuitbreaker/circuitbreaker.go:340:2: can inline (*Breaker).Reset.deferwrap1
circuitbreaker/circuitbreaker.go:19:32: inlining call to errors.New
circuitbreaker/circuitbreaker.go:25:36: inlining call to errors.New
circuitbreaker/circuitbreaker.go:324:34: inlining call to to
circuitbreaker/circuitbreaker.go:174:11: inlining call to sync.(*Mutex).Lock
circuitbreaker/circuitbreaker.go:174:11: inlining call to sync.(*Mutex).Lock
circuitbreaker/circuitbreaker.go:175:19: inlining call to sync.(*Mutex).Unlock
circuitbreaker/circuitbreaker.go:175:19: inlining call to sync.(*Mutex).Unlock
circuitbreaker/circuitbreaker.go:184:11: inlining call to sync.(*Mutex).Lock
circuitbreaker/circuitbreaker.go:193:14: inlining call to sync.(*Mutex).Unlock
circuitbreaker/circuitbreaker.go:201:15: inlining call to sync.(*Mutex).Unlock
circuitbreaker/circuitbreaker.go:211:13: inlining call to sync.(*Mutex).Unlock
circuitbreaker/circuitbreaker.go:184:11: inlining call to sync.(*Mutex).Lock
circuitbreaker/circuitbreaker.go:193:14: inlining call to sync.(*Mutex).Unlock
circuitbreaker/circuitbreaker.go:201:15: inlining call to sync.(*Mutex).Unlock
circuitbreaker/circuitbreaker.go:211:13: inlining call to sync.(*Mutex).Unlock
circuitbreaker/circuitbreaker.go:217:12: inlining call to sync.(*Mutex).Lock
circuitbreaker/circuitbreaker.go:217:12: inlining call to sync.(*Mutex).Lock
circuitbreaker/circuitbreaker.go:218:20: inlining call to sync.(*Mutex).Unlock
circuitbreaker/circuitbreaker.go:218:20: inlining call to sync.(*Mutex).Unlock
circuitbreaker/circuitbreaker.go:339:11: inlining call to sync.(*Mutex).Lock
circuitbreaker/circuitbreaker.go:339:11: inlining call to sync.(*Mutex).Lock
circuitbreaker/circuitbreaker.go:340:19: inlining call to sync.(*Mutex).Unlock
circuitbreaker/circuitbreaker.go:340:19: inlining call to sync.(*Mutex).Unlock
<autogenerated>:1: inlining call to State.String
circuitbreaker/circuitbreaker.go:149:10: leaking param: cfg
circuitbreaker/circuitbreaker.go:165:9: &Breaker{...} escapes to heap
circuitbreaker/circuitbreaker.go:310:7: b does not escape
circuitbreaker/circuitbreaker.go:248:7: b does not escape
circuitbreaker/circuitbreaker.go:173:7: leaking param: b
circuitbreaker/circuitbreaker.go:287:7: b does not escape
circuitbreaker/circuitbreaker.go:265:7: b does not escape
circuitbreaker/circuitbreaker.go:183:7: leaking param: b
circuitbreaker/circuitbreaker.go:183:27: fn does not escape
circuitbreaker/circuitbreaker.go:216:8: func literal does not escape
circuitbreaker/circuitbreaker.go:338:7: leaking param: b
# github.com/gabrielima7/GopherCore/dbkit
dbkit/db.go:57:6: can inline DefaultConfig
dbkit/db.go:81:6: can inline WithMaxOpenConns
dbkit/db.go:82:9: can inline WithMaxOpenConns.func1
dbkit/db.go:91:6: can inline WithMaxIdleConns
dbkit/db.go:92:9: can inline WithMaxIdleConns.func1
dbkit/db.go:101:6: can inline WithConnMaxLifetime
dbkit/db.go:102:9: can inline WithConnMaxLifetime.func1
dbkit/db.go:111:6: can inline WithConnMaxIdleTime
dbkit/db.go:112:9: can inline WithConnMaxIdleTime.func1
dbkit/db.go:177:6: can inline HealthCheck
dbkit/migration.go:45:8: can inline RunMigrations.func1
dbkit/migration.go:75:8: can inline RollbackMigrations.func1
dbkit/migration.go:128:8: can inline GetMigrationVersion.func1
/home/jules/go/pkg/mod/golang.org/toolchain@v0.0.1-go1.26.5.linux-amd64/src/sync/atomic/type.go:67:6: can inline atomic.(*Pointer[go.shape.interface { Error() string }]).CompareAndSwap
/home/jules/go/pkg/mod/golang.org/toolchain@v0.0.1-go1.26.5.linux-amd64/src/sync/atomic/type.go:64:6: can inline atomic.(*Pointer[go.shape.interface { Error() string }]).Swap
/home/jules/go/pkg/mod/golang.org/toolchain@v0.0.1-go1.26.5.linux-amd64/src/sync/atomic/type.go:61:6: can inline atomic.(*Pointer[go.shape.interface { Error() string }]).Store
/home/jules/go/pkg/mod/golang.org/toolchain@v0.0.1-go1.26.5.linux-amd64/src/sync/atomic/type.go:58:6: can inline atomic.(*Pointer[go.shape.interface { Error() string }]).Load
/home/jules/go/pkg/mod/golang.org/toolchain@v0.0.1-go1.26.5.linux-amd64/src/sync/atomic/type.go:67:6: can inline atomic.(*Pointer[error]).CompareAndSwap
/home/jules/go/pkg/mod/golang.org/toolchain@v0.0.1-go1.26.5.linux-amd64/src/sync/atomic/type.go:64:6: can inline atomic.(*Pointer[error]).Swap
/home/jules/go/pkg/mod/golang.org/toolchain@v0.0.1-go1.26.5.linux-amd64/src/sync/atomic/type.go:61:6: can inline atomic.(*Pointer[error]).Store
/home/jules/go/pkg/mod/golang.org/toolchain@v0.0.1-go1.26.5.linux-amd64/src/sync/atomic/type.go:58:6: can inline atomic.(*Pointer[error]).Load
dbkit/db.go:124:25: inlining call to errors.New
dbkit/db.go:127:25: inlining call to errors.New
dbkit/db.go:130:22: inlining call to DefaultConfig
/home/jules/go/pkg/mod/golang.org/toolchain@v0.0.1-go1.26.5.linux-amd64/src/sync/atomic/type.go:67:6: inlining call to atomic.(*Pointer[go.shape.interface { Error() string }]).CompareAndSwap
/home/jules/go/pkg/mod/golang.org/toolchain@v0.0.1-go1.26.5.linux-amd64/src/sync/atomic/type.go:64:6: inlining call to atomic.(*Pointer[go.shape.interface { Error() string }]).Swap
/home/jules/go/pkg/mod/golang.org/toolchain@v0.0.1-go1.26.5.linux-amd64/src/sync/atomic/type.go:61:6: inlining call to atomic.(*Pointer[go.shape.interface { Error() string }]).Store
/home/jules/go/pkg/mod/golang.org/toolchain@v0.0.1-go1.26.5.linux-amd64/src/sync/atomic/type.go:58:6: inlining call to atomic.(*Pointer[go.shape.interface { Error() string }]).Load
<autogenerated>:1: inlining call to reflect.flag.kind
<autogenerated>:1: inlining call to reflect.flag.kind
<autogenerated>:1: inlining call to reflect.flag.mustBe
<autogenerated>:1: inlining call to reflect.flag.kind
<autogenerated>:1: inlining call to reflect.flag.mustBe
<autogenerated>:1: inlining call to reflect.flag.kind
<autogenerated>:1: inlining call to reflect.flag.mustBeAssignable
<autogenerated>:1: inlining call to reflect.flag.mustBeAssignable
<autogenerated>:1: inlining call to reflect.flag.mustBeExported
<autogenerated>:1: inlining call to reflect.flag.mustBeExported
<autogenerated>:1: inlining call to reflect.flag.ro
<autogenerated>:1: inlining call to reflect.flag.ro
dbkit/db.go:57:20: leaking param: driver to result ~r0 level=0
dbkit/db.go:57:28: leaking param: dsn to result ~r0 level=0
dbkit/db.go:82:14: c does not escape
dbkit/db.go:82:9: func literal escapes to heap
dbkit/db.go:92:14: c does not escape
dbkit/db.go:92:9: func literal escapes to heap
dbkit/db.go:102:14: c does not escape
dbkit/db.go:102:9: func literal escapes to heap
dbkit/db.go:112:14: c does not escape
dbkit/db.go:112:9: func literal escapes to heap
dbkit/db.go:122:14: leaking param: ctx
dbkit/db.go:122:35: leaking param: driver
dbkit/db.go:122:43: leaking param: dsn
dbkit/db.go:122:55: opts does not escape
dbkit/db.go:130:2: moved to heap: cfg
dbkit/db.go:124:25: &errors.errorString{...} escapes to heap
dbkit/db.go:127:25: &errors.errorString{...} escapes to heap
dbkit/db.go:161:18: leaking param: ctx
dbkit/db.go:161:39: leaking param: driver
dbkit/db.go:161:47: leaking param: dsn
dbkit/db.go:161:59: opts does not escape
dbkit/db.go:168:19: "dbkit: " + err.Error() escapes to heap
dbkit/db.go:168:19: "dbkit: " + err.Error() escapes to heap
dbkit/db.go:177:18: leaking param: ctx
dbkit/db.go:177:39: leaking param content: db
dbkit/migration.go:40:20: db does not escape
dbkit/migration.go:40:33: leaking param: driverName
dbkit/migration.go:40:52: leaking param: driver
dbkit/migration.go:40:76: leaking param: sourceURL
dbkit/migration.go:45:8: func literal does not escape
dbkit/migration.go:70:25: db does not escape
dbkit/migration.go:70:38: leaking param: driverName
dbkit/migration.go:70:57: leaking param: driver
dbkit/migration.go:70:81: leaking param: sourceURL
dbkit/migration.go:75:8: func literal does not escape
dbkit/migration.go:123:26: leaking param: driverName
dbkit/migration.go:123:45: leaking param: driver
dbkit/migration.go:123:69: leaking param: sourceURL
dbkit/migration.go:128:8: func literal does not escape
<autogenerated>:1: &reflect.ValueError{...} escapes to heap
<autogenerated>:1: &reflect.ValueError{...} escapes to heap
# github.com/gabrielima7/GopherCore/config
/home/jules/go/pkg/mod/golang.org/toolchain@v0.0.1-go1.26.5.linux-amd64/src/sync/atomic/type.go:67:6: can inline atomic.(*Pointer[go.shape.struct { sync.poolDequeue; sync.next sync/atomic.Pointer[sync.poolChainElt]; sync.prev sync/atomic.Pointer[sync.poolChainElt] }]).CompareAndSwap
/home/jules/go/pkg/mod/golang.org/toolchain@v0.0.1-go1.26.5.linux-amd64/src/sync/atomic/type.go:64:6: can inline atomic.(*Pointer[go.shape.struct { sync.poolDequeue; sync.next sync/atomic.Pointer[sync.poolChainElt]; sync.prev sync/atomic.Pointer[sync.poolChainElt] }]).Swap
/home/jules/go/pkg/mod/golang.org/toolchain@v0.0.1-go1.26.5.linux-amd64/src/sync/atomic/type.go:61:6: can inline atomic.(*Pointer[go.shape.struct { sync.poolDequeue; sync.next sync/atomic.Pointer[sync.poolChainElt]; sync.prev sync/atomic.Pointer[sync.poolChainElt] }]).Store
/home/jules/go/pkg/mod/golang.org/toolchain@v0.0.1-go1.26.5.linux-amd64/src/sync/atomic/type.go:58:6: can inline atomic.(*Pointer[go.shape.struct { sync.poolDequeue; sync.next sync/atomic.Pointer[sync.poolChainElt]; sync.prev sync/atomic.Pointer[sync.poolChainElt] }]).Load
/home/jules/go/pkg/mod/golang.org/toolchain@v0.0.1-go1.26.5.linux-amd64/src/sync/atomic/type.go:67:6: can inline atomic.(*Pointer[sync.poolChainElt]).CompareAndSwap
/home/jules/go/pkg/mod/golang.org/toolchain@v0.0.1-go1.26.5.linux-amd64/src/sync/atomic/type.go:64:6: can inline atomic.(*Pointer[sync.poolChainElt]).Swap
/home/jules/go/pkg/mod/golang.org/toolchain@v0.0.1-go1.26.5.linux-amd64/src/sync/atomic/type.go:61:6: can inline atomic.(*Pointer[sync.poolChainElt]).Store
/home/jules/go/pkg/mod/golang.org/toolchain@v0.0.1-go1.26.5.linux-amd64/src/sync/atomic/type.go:58:6: can inline atomic.(*Pointer[sync.poolChainElt]).Load
config/config.go:130:15: inlining call to reflect.Value.Kind
config/config.go:136:12: inlining call to reflect.Value.Type
config/config.go:136:32: inlining call to reflect.TypeOf
config/config.go:150:19: inlining call to reflect.Value.OverflowInt
config/config.go:151:21: inlining call to fmt.Errorf
config/config.go:159:20: inlining call to reflect.Value.OverflowUint
config/config.go:160:21: inlining call to fmt.Errorf
config/config.go:174:21: inlining call to reflect.Value.OverflowFloat
config/config.go:175:21: inlining call to fmt.Errorf
config/config.go:179:25: inlining call to strings.Split
config/config.go:180:36: inlining call to reflect.Value.Type
config/config.go:186:30: inlining call to reflect.Value.Type
config/config.go:194:50: inlining call to reflect.Value.Kind
config/config.go:194:20: inlining call to fmt.Errorf
config/config.go:130:15: inlining call to reflect.flag.kind
config/config.go:136:12: inlining call to abi.NoEscape
config/config.go:136:32: inlining call to abi.TypeOf
config/config.go:136:32: inlining call to reflect.toType
config/config.go:150:19: inlining call to reflect.flag.kind
config/config.go:150:19: inlining call to reflect.Value.typ
config/config.go:150:19: inlining call to abi.(*Type).Size
config/config.go:150:19: inlining call to reflect.flag.kind
config/config.go:151:21: inlining call to errors.New
config/config.go:159:20: inlining call to reflect.flag.kind
config/config.go:159:20: inlining call to abi.(*Type).Size
config/config.go:159:20: inlining call to reflect.flag.kind
config/config.go:160:21: inlining call to errors.New
config/config.go:174:21: inlining call to reflect.flag.kind
config/config.go:174:21: inlining call to reflect.overflowFloat32
config/config.go:174:21: inlining call to reflect.flag.kind
config/config.go:175:21: inlining call to errors.New
config/config.go:180:36: inlining call to abi.NoEscape
config/config.go:186:30: inlining call to abi.NoEscape
config/config.go:194:50: inlining call to reflect.flag.kind
config/config.go:194:20: inlining call to errors.New
config/config.go:136:32: inlining call to abi.NoEscape
config/config.go:136:32: inlining call to reflect.toRType
config/config.go:150:19: inlining call to abi.NoEscape
config/config.go:69:13: inlining call to reflect.Value.Type
config/config.go:75:24: inlining call to reflect.Value.CanSet
config/config.go:80:21: inlining call to reflect.Value.Kind
config/config.go:88:21: inlining call to reflect.Value.Kind
config/config.go:88:61: inlining call to reflect.Value.Type
config/config.go:89:23: inlining call to reflect.Value.IsNil
config/config.go:90:47: inlining call to reflect.Value.Type
config/config.go:99:26: inlining call to reflect.StructTag.Get
config/config.go:108:31: inlining call to reflect.StructTag.Get
config/config.go:117:21: inlining call to fmt.Errorf
config/config.go:69:13: inlining call to abi.NoEscape
config/config.go:80:21: inlining call to reflect.flag.kind
config/config.go:88:21: inlining call to reflect.flag.kind
config/config.go:88:61: inlining call to abi.NoEscape
config/config.go:89:23: inlining call to reflect.flag.kind
config/config.go:89:23: inlining call to reflect.flag.kind
config/config.go:90:47: inlining call to abi.NoEscape
config/config.go:117:21: inlining call to errors.New
config/config.go:43:22: inlining call to reflect.ValueOf
config/config.go:44:11: inlining call to reflect.Value.Kind
config/config.go:44:43: inlining call to reflect.Value.IsNil
config/config.go:45:20: inlining call to errors.New
config/config.go:50:11: inlining call to reflect.Value.Kind
config/config.go:51:20: inlining call to errors.New
config/config.go:58:24: inlining call to validator.(*Validate).Struct
config/config.go:43:22: inlining call to reflect.unpackEface
config/config.go:44:11: inlining call to reflect.flag.kind
config/config.go:44:43: inlining call to reflect.flag.kind
config/config.go:44:43: inlining call to reflect.flag.kind
config/config.go:50:11: inlining call to reflect.flag.kind
config/config.go:58:24: inlining call to context.Background
config/config.go:43:22: inlining call to abi.(*Type).Kind
config/config.go:43:22: inlining call to abi.(*Type).IsDirectIface
/home/jules/go/pkg/mod/golang.org/toolchain@v0.0.1-go1.26.5.linux-amd64/src/sync/atomic/type.go:67:6: inlining call to atomic.(*Pointer[go.shape.struct { sync.poolDequeue; sync.next sync/atomic.Pointer[sync.poolChainElt]; sync.prev sync/atomic.Pointer[sync.poolChainElt] }]).CompareAndSwap
/home/jules/go/pkg/mod/golang.org/toolchain@v0.0.1-go1.26.5.linux-amd64/src/sync/atomic/type.go:64:6: inlining call to atomic.(*Pointer[go.shape.struct { sync.poolDequeue; sync.next sync/atomic.Pointer[sync.poolChainElt]; sync.prev sync/atomic.Pointer[sync.poolChainElt] }]).Swap
/home/jules/go/pkg/mod/golang.org/toolchain@v0.0.1-go1.26.5.linux-amd64/src/sync/atomic/type.go:61:6: inlining call to atomic.(*Pointer[go.shape.struct { sync.poolDequeue; sync.next sync/atomic.Pointer[sync.poolChainElt]; sync.prev sync/atomic.Pointer[sync.poolChainElt] }]).Store
/home/jules/go/pkg/mod/golang.org/toolchain@v0.0.1-go1.26.5.linux-amd64/src/sync/atomic/type.go:58:6: inlining call to atomic.(*Pointer[go.shape.struct { sync.poolDequeue; sync.next sync/atomic.Pointer[sync.poolChainElt]; sync.prev sync/atomic.Pointer[sync.poolChainElt] }]).Load
<autogenerated>:1: inlining call to reflect.flag.kind
<autogenerated>:1: inlining call to reflect.flag.kind
<autogenerated>:1: inlining call to reflect.flag.mustBe
<autogenerated>:1: inlining call to reflect.flag.kind
<autogenerated>:1: inlining call to reflect.flag.mustBe
<autogenerated>:1: inlining call to reflect.flag.kind
<autogenerated>:1: inlining call to reflect.flag.mustBeAssignable
<autogenerated>:1: inlining call to reflect.flag.mustBeAssignable
<autogenerated>:1: inlining call to reflect.flag.mustBeExported
<autogenerated>:1: inlining call to reflect.flag.mustBeExported
<autogenerated>:1: inlining call to reflect.flag.ro
<autogenerated>:1: inlining call to reflect.flag.ro
<autogenerated>:1: inlining call to sync.(*poolDequeue).pack
<autogenerated>:1: inlining call to sync.(*poolDequeue).unpack
config/config.go:129:15: leaking param: v
config/config.go:129:32: leaking param: value
config/config.go:136:46: time.Duration(0) does not escape
config/config.go:150:19: &reflect.ValueError{...} escapes to heap
config/config.go:151:21: ... argument does not escape
config/config.go:151:55: value escapes to heap
config/config.go:151:21: &errors.errorString{...} escapes to heap
config/config.go:159:20: &reflect.ValueError{...} escapes to heap
config/config.go:160:21: ... argument does not escape
config/config.go:160:52: value escapes to heap
config/config.go:160:21: &errors.errorString{...} escapes to heap
config/config.go:174:21: &reflect.ValueError{...} escapes to heap
config/config.go:175:21: ... argument does not escape
config/config.go:175:53: value escapes to heap
config/config.go:175:21: &errors.errorString{...} escapes to heap
config/config.go:190:26: ... argument does not escape
config/config.go:194:20: ... argument does not escape
config/config.go:194:50: ~r0 escapes to heap
config/config.go:194:20: &errors.errorString{...} escapes to heap
config/config.go:68:15: leaking param: v
config/config.go:89:23: &reflect.ValueError{...} escapes to heap
config/config.go:117:21: ... argument does not escape
config/config.go:117:57: field.Name escapes to heap
config/config.go:117:21: &errors.errorString{...} escapes to heap
config/config.go:40:11: leaking param: cfg
config/config.go:44:43: &reflect.ValueError{...} escapes to heap
config/config.go:45:20: &errors.errorString{...} escapes to heap
config/config.go:51:20: &errors.errorString{...} escapes to heap
config/config.go:58:24: context.backgroundCtx{} escapes to heap
<autogenerated>:1: &reflect.ValueError{...} escapes to heap
<autogenerated>:1: &reflect.ValueError{...} escapes to heap
# github.com/gabrielima7/GopherCore/guard
guard/guard.go:64:6: can inline ValidationError.Error
guard/guard.go:78:6: can inline ValidationErrors.Error
guard/guard.go:128:6: can inline RegisterValidation
guard/guard.go:160:6: can inline StripHTML
/home/jules/go/pkg/mod/golang.org/toolchain@v0.0.1-go1.26.5.linux-amd64/src/sync/atomic/type.go:67:6: can inline atomic.(*Pointer[go.shape.struct { sync.poolDequeue; sync.next sync/atomic.Pointer[sync.poolChainElt]; sync.prev sync/atomic.Pointer[sync.poolChainElt] }]).CompareAndSwap
/home/jules/go/pkg/mod/golang.org/toolchain@v0.0.1-go1.26.5.linux-amd64/src/sync/atomic/type.go:64:6: can inline atomic.(*Pointer[go.shape.struct { sync.poolDequeue; sync.next sync/atomic.Pointer[sync.poolChainElt]; sync.prev sync/atomic.Pointer[sync.poolChainElt] }]).Swap
/home/jules/go/pkg/mod/golang.org/toolchain@v0.0.1-go1.26.5.linux-amd64/src/sync/atomic/type.go:61:6: can inline atomic.(*Pointer[go.shape.struct { sync.poolDequeue; sync.next sync/atomic.Pointer[sync.poolChainElt]; sync.prev sync/atomic.Pointer[sync.poolChainElt] }]).Store
/home/jules/go/pkg/mod/golang.org/toolchain@v0.0.1-go1.26.5.linux-amd64/src/sync/atomic/type.go:58:6: can inline atomic.(*Pointer[go.shape.struct { sync.poolDequeue; sync.next sync/atomic.Pointer[sync.poolChainElt]; sync.prev sync/atomic.Pointer[sync.poolChainElt] }]).Load
/home/jules/go/pkg/mod/golang.org/toolchain@v0.0.1-go1.26.5.linux-amd64/src/sync/atomic/type.go:67:6: can inline atomic.(*Pointer[sync.poolChainElt]).CompareAndSwap
/home/jules/go/pkg/mod/golang.org/toolchain@v0.0.1-go1.26.5.linux-amd64/src/sync/atomic/type.go:64:6: can inline atomic.(*Pointer[sync.poolChainElt]).Swap
/home/jules/go/pkg/mod/golang.org/toolchain@v0.0.1-go1.26.5.linux-amd64/src/sync/atomic/type.go:61:6: can inline atomic.(*Pointer[sync.poolChainElt]).Store
/home/jules/go/pkg/mod/golang.org/toolchain@v0.0.1-go1.26.5.linux-amd64/src/sync/atomic/type.go:58:6: can inline atomic.(*Pointer[sync.poolChainElt]).Load
guard/guard.go:29:41: inlining call to bluemonday.StrictPolicy
guard/guard.go:94:24: inlining call to validator.(*Validate).Struct
guard/guard.go:94:24: inlining call to context.Background
guard/guard.go:148:24: inlining call to unicode.IsControl
guard/guard.go:152:35: inlining call to strings.(*Builder).String
/home/jules/go/pkg/mod/golang.org/toolchain@v0.0.1-go1.26.5.linux-amd64/src/sync/atomic/type.go:67:6: inlining call to atomic.(*Pointer[go.shape.struct { sync.poolDequeue; sync.next sync/atomic.Pointer[sync.poolChainElt]; sync.prev sync/atomic.Pointer[sync.poolChainElt] }]).CompareAndSwap
/home/jules/go/pkg/mod/golang.org/toolchain@v0.0.1-go1.26.5.linux-amd64/src/sync/atomic/type.go:64:6: inlining call to atomic.(*Pointer[go.shape.struct { sync.poolDequeue; sync.next sync/atomic.Pointer[sync.poolChainElt]; sync.prev sync/atomic.Pointer[sync.poolChainElt] }]).Swap
/home/jules/go/pkg/mod/golang.org/toolchain@v0.0.1-go1.26.5.linux-amd64/src/sync/atomic/type.go:61:6: inlining call to atomic.(*Pointer[go.shape.struct { sync.poolDequeue; sync.next sync/atomic.Pointer[sync.poolChainElt]; sync.prev sync/atomic.Pointer[sync.poolChainElt] }]).Store
/home/jules/go/pkg/mod/golang.org/toolchain@v0.0.1-go1.26.5.linux-amd64/src/sync/atomic/type.go:58:6: inlining call to atomic.(*Pointer[go.shape.struct { sync.poolDequeue; sync.next sync/atomic.Pointer[sync.poolChainElt]; sync.prev sync/atomic.Pointer[sync.poolChainElt] }]).Load
<autogenerated>:1: inlining call to ValidationError.Error
<autogenerated>:1: inlining call to ValidationErrors.Error
<autogenerated>:1: inlining call to reflect.flag.kind
<autogenerated>:1: inlining call to reflect.flag.kind
<autogenerated>:1: inlining call to reflect.flag.mustBe
<autogenerated>:1: inlining call to reflect.flag.kind
<autogenerated>:1: inlining call to reflect.flag.mustBe
<autogenerated>:1: inlining call to reflect.flag.kind
<autogenerated>:1: inlining call to reflect.flag.mustBeAssignable
<autogenerated>:1: inlining call to reflect.flag.mustBeAssignable
<autogenerated>:1: inlining call to reflect.flag.mustBeExported
<autogenerated>:1: inlining call to reflect.flag.mustBeExported
<autogenerated>:1: inlining call to reflect.flag.ro
<autogenerated>:1: inlining call to reflect.flag.ro
<autogenerated>:1: inlining call to sync.(*poolDequeue).pack
<autogenerated>:1: inlining call to sync.(*poolDequeue).unpack
guard/guard.go:64:7: leaking param: v to result ~r0 level=0
guard/guard.go:78:7: leaking param content: ve
guard/guard.go:83:16: append does not escape
guard/guard.go:170:28: leaking param: fe
guard/guard.go:176:21: ... argument does not escape
guard/guard.go:176:56: fe.Field() escapes to heap
guard/guard.go:178:21: ... argument does not escape
guard/guard.go:178:74: fe.Field() escapes to heap
guard/guard.go:180:21: ... argument does not escape
guard/guard.go:180:64: fe.Field() escapes to heap
guard/guard.go:180:76: fe.Param() escapes to heap
guard/guard.go:182:21: ... argument does not escape
guard/guard.go:182:63: fe.Field() escapes to heap
guard/guard.go:182:75: fe.Param() escapes to heap
guard/guard.go:184:21: ... argument does not escape
guard/guard.go:184:80: fe.Field() escapes to heap
guard/guard.go:184:92: fe.Param() escapes to heap
guard/guard.go:186:21: ... argument does not escape
guard/guard.go:186:77: fe.Field() escapes to heap
guard/guard.go:186:89: fe.Param() escapes to heap
guard/guard.go:188:21: ... argument does not escape
guard/guard.go:188:64: fe.Field() escapes to heap
guard/guard.go:190:21: ... argument does not escape
guard/guard.go:190:65: fe.Field() escapes to heap
guard/guard.go:192:21: ... argument does not escape
guard/guard.go:192:74: fe.Field() escapes to heap
guard/guard.go:192:84: fe.Tag() escapes to heap
guard/guard.go:93:15: leaking param: s
guard/guard.go:102:6: moved to heap: validationErrors
guard/guard.go:94:24: context.backgroundCtx{} escapes to heap
guard/guard.go:110:14: make(ValidationErrors, 0, len(validationErrors)) escapes to heap
guard/guard.go:115:24: ... argument does not escape
guard/guard.go:112:16: append escapes to heap
guard/guard.go:119:9: errs escapes to heap
guard/guard.go:128:25: leaking param: tag
guard/guard.go:128:37: leaking param: fn
guard/guard.go:139:21: s does not escape
guard/guard.go:160:16: leaking param: s
<autogenerated>:1: append does not escape
<autogenerated>:1: &reflect.ValueError{...} escapes to heap
<autogenerated>:1: &reflect.ValueError{...} escapes to heap
guard/guard.go:148:24: index bounds check elided
# github.com/gabrielima7/GopherCore/cachekit
cachekit/memory.go:90:2: can inline (*InMemoryCache).evictExpired.deferwrap1
cachekit/memory.go:52:2: can inline (*InMemoryCache).cleanupLoop.deferwrap1
cachekit/memory.go:54:2: can inline (*InMemoryCache).cleanupLoop.deferwrap2
cachekit/memory.go:44:3: can inline NewInMemoryCache.gowrap1
cachekit/memory.go:105:17: can inline (*InMemoryCache).Close.func1
cachekit/memory.go:131:2: can inline (*InMemoryCache).Set.deferwrap1
cachekit/memory.go:186:2: can inline (*InMemoryCache).Delete.deferwrap1
cachekit/redis.go:27:6: can inline NewRedisCache
/home/jules/go/pkg/mod/golang.org/toolchain@v0.0.1-go1.26.5.linux-amd64/src/sync/atomic/type.go:67:6: can inline atomic.(*Pointer[go.shape.struct { internal/sync.node = internal/sync.node[interface {},interface {}]; internal/sync.overflow sync/atomic.Pointer[internal/sync.entry[interface {},interface {}]]; internal/sync.key interface {}; internal/sync.value interface {} }]).CompareAndSwap
/home/jules/go/pkg/mod/golang.org/toolchain@v0.0.1-go1.26.5.linux-amd64/src/sync/atomic/type.go:64:6: can inline atomic.(*Pointer[go.shape.struct { internal/sync.node = internal/sync.node[interface {},interface {}]; internal/sync.overflow sync/atomic.Pointer[internal/sync.entry[interface {},interface {}]]; internal/sync.key interface {}; internal/sync.value interface {} }]).Swap
/home/jules/go/pkg/mod/golang.org/toolchain@v0.0.1-go1.26.5.linux-amd64/src/sync/atomic/type.go:61:6: can inline atomic.(*Pointer[go.shape.struct { internal/sync.node = internal/sync.node[interface {},interface {}]; internal/sync.overflow sync/atomic.Pointer[internal/sync.entry[interface {},interface {}]]; internal/sync.key interface {}; internal/sync.value interface {} }]).Store
/home/jules/go/pkg/mod/golang.org/toolchain@v0.0.1-go1.26.5.linux-amd64/src/sync/atomic/type.go:58:6: can inline atomic.(*Pointer[go.shape.struct { internal/sync.node = internal/sync.node[interface {},interface {}]; internal/sync.overflow sync/atomic.Pointer[internal/sync.entry[interface {},interface {}]]; internal/sync.key interface {}; internal/sync.value interface {} }]).Load
/home/jules/go/pkg/mod/golang.org/toolchain@v0.0.1-go1.26.5.linux-amd64/src/sync/atomic/type.go:67:6: can inline atomic.(*Pointer[go.shape.struct { internal/sync.node = internal/sync.node[interface {},interface {}]; internal/sync.dead sync/atomic.Bool; internal/sync.mu internal/sync.Mutex; internal/sync.parent *internal/sync.indirect[interface {},interface {}]; internal/sync.children [16]sync/atomic.Pointer[internal/sync.node[interface {},interface {}]] }]).CompareAndSwap
/home/jules/go/pkg/mod/golang.org/toolchain@v0.0.1-go1.26.5.linux-amd64/src/sync/atomic/type.go:64:6: can inline atomic.(*Pointer[go.shape.struct { internal/sync.node = internal/sync.node[interface {},interface {}]; internal/sync.dead sync/atomic.Bool; internal/sync.mu internal/sync.Mutex; internal/sync.parent *internal/sync.indirect[interface {},interface {}]; internal/sync.children [16]sync/atomic.Pointer[internal/sync.node[interface {},interface {}]] }]).Swap
/home/jules/go/pkg/mod/golang.org/toolchain@v0.0.1-go1.26.5.linux-amd64/src/sync/atomic/type.go:61:6: can inline atomic.(*Pointer[go.shape.struct { internal/sync.node = internal/sync.node[interface {},interface {}]; internal/sync.dead sync/atomic.Bool; internal/sync.mu internal/sync.Mutex; internal/sync.parent *internal/sync.indirect[interface {},interface {}]; internal/sync.children [16]sync/atomic.Pointer[internal/sync.node[interface {},interface {}]] }]).Store
/home/jules/go/pkg/mod/golang.org/toolchain@v0.0.1-go1.26.5.linux-amd64/src/sync/atomic/type.go:58:6: can inline atomic.(*Pointer[go.shape.struct { internal/sync.node = internal/sync.node[interface {},interface {}]; internal/sync.dead sync/atomic.Bool; internal/sync.mu internal/sync.Mutex; internal/sync.parent *internal/sync.indirect[interface {},interface {}]; internal/sync.children [16]sync/atomic.Pointer[internal/sync.node[interface {},interface {}]] }]).Load
/home/jules/go/pkg/mod/golang.org/toolchain@v0.0.1-go1.26.5.linux-amd64/src/sync/atomic/type.go:61:6: can inline atomic.(*Pointer[go.shape.struct { internal/sync.node = internal/sync.node[go.shape.interface {},go.shape.interface {}]; internal/sync.dead sync/atomic.Bool; internal/sync.mu internal/sync.Mutex; internal/sync.parent *internal/sync.indirect[go.shape.interface {},go.shape.interface {}]; internal/sync.children [16]sync/atomic.Pointer[go.shape.struct { internal/sync.isEntry bool }] }]).Store
/home/jules/go/pkg/mod/golang.org/toolchain@v0.0.1-go1.26.5.linux-amd64/src/internal/sync/hashtriemap.go:549:6: can inline sync.newIndirectNode[go.shape.interface {},go.shape.interface {}]
/home/jules/go/pkg/mod/golang.org/toolchain@v0.0.1-go1.26.5.linux-amd64/src/internal/sync/hashtriemap.go:39:2: can inline sync.(*HashTrieMap[go.shape.interface {},go.shape.interface {}]).initSlow.deferwrap1
/home/jules/go/pkg/mod/golang.org/toolchain@v0.0.1-go1.26.5.linux-amd64/src/internal/sync/hashtriemap.go:30:6: can inline sync.(*HashTrieMap[go.shape.interface {},go.shape.interface {}]).init
/home/jules/go/pkg/mod/golang.org/toolchain@v0.0.1-go1.26.5.linux-amd64/src/sync/atomic/type.go:58:6: can inline atomic.(*Pointer[go.shape.struct { internal/sync.isEntry bool }]).Load
/home/jules/go/pkg/mod/golang.org/toolchain@v0.0.1-go1.26.5.linux-amd64/src/internal/sync/hashtriemap.go:713:6: can inline sync.(*node[go.shape.interface {},go.shape.interface {}]).indirect
/home/jules/go/pkg/mod/golang.org/toolchain@v0.0.1-go1.26.5.linux-amd64/src/internal/sync/hashtriemap.go:706:6: can inline sync.(*node[go.shape.interface {},go.shape.interface {}]).entry
/home/jules/go/pkg/mod/golang.org/toolchain@v0.0.1-go1.26.5.linux-amd64/src/sync/atomic/type.go:58:6: can inline atomic.(*Pointer[go.shape.struct { internal/sync.node = internal/sync.node[go.shape.interface {},go.shape.interface {}]; internal/sync.overflow sync/atomic.Pointer[internal/sync.entry[go.shape.interface {},go.shape.interface {}]]; internal/sync.key go.shape.interface {}; internal/sync.value go.shape.interface {} }]).Load
/home/jules/go/pkg/mod/golang.org/toolchain@v0.0.1-go1.26.5.linux-amd64/src/sync/atomic/type.go:67:6: can inline atomic.(*Pointer[go.shape.struct { internal/sync.node = internal/sync.node[go.shape.interface {},go.shape.interface {}]; internal/sync.overflow sync/atomic.Pointer[internal/sync.entry[go.shape.interface {},go.shape.interface {}]]; internal/sync.key go.shape.interface {}; internal/sync.value go.shape.interface {} }]).CompareAndSwap
/home/jules/go/pkg/mod/golang.org/toolchain@v0.0.1-go1.26.5.linux-amd64/src/sync/atomic/type.go:64:6: can inline atomic.(*Pointer[go.shape.struct { internal/sync.node = internal/sync.node[go.shape.interface {},go.shape.interface {}]; internal/sync.overflow sync/atomic.Pointer[internal/sync.entry[go.shape.interface {},go.shape.interface {}]]; internal/sync.key go.shape.interface {}; internal/sync.value go.shape.interface {} }]).Swap
/home/jules/go/pkg/mod/golang.org/toolchain@v0.0.1-go1.26.5.linux-amd64/src/sync/atomic/type.go:61:6: can inline atomic.(*Pointer[go.shape.struct { internal/sync.node = internal/sync.node[go.shape.interface {},go.shape.interface {}]; internal/sync.overflow sync/atomic.Pointer[internal/sync.entry[go.shape.interface {},go.shape.interface {}]]; internal/sync.key go.shape.interface {}; internal/sync.value go.shape.interface {} }]).Store
/home/jules/go/pkg/mod/golang.org/toolchain@v0.0.1-go1.26.5.linux-amd64/src/sync/atomic/type.go:58:6: can inline atomic.(*Pointer[go.shape.struct { internal/sync.node = internal/sync.node[go.shape.interface {},go.shape.interface {}]; internal/sync.dead sync/atomic.Bool; internal/sync.mu internal/sync.Mutex; internal/sync.parent *internal/sync.indirect[go.shape.interface {},go.shape.interface {}]; internal/sync.children [16]sync/atomic.Pointer[go.shape.struct { internal/sync.isEntry bool }] }]).Load
/home/jules/go/pkg/mod/golang.org/toolchain@v0.0.1-go1.26.5.linux-amd64/src/internal/sync/hashtriemap.go:483:9: can inline sync.(*HashTrieMap[go.shape.interface {},go.shape.interface {}]).All.func1
/home/jules/go/pkg/mod/golang.org/toolchain@v0.0.1-go1.26.5.linux-amd64/src/internal/sync/hashtriemap.go:589:6: can inline sync.(*entry[go.shape.interface {},go.shape.interface {}]).lookupWithValue
/home/jules/go/pkg/mod/golang.org/toolchain@v0.0.1-go1.26.5.linux-amd64/src/sync/atomic/type.go:61:6: can inline atomic.(*Pointer[go.shape.struct { internal/sync.isEntry bool }]).Store
/home/jules/go/pkg/mod/golang.org/toolchain@v0.0.1-go1.26.5.linux-amd64/src/internal/sync/hashtriemap.go:553:6: can inline sync.(*indirect[go.shape.interface {},go.shape.interface {}]).empty
/home/jules/go/pkg/mod/golang.org/toolchain@v0.0.1-go1.26.5.linux-amd64/src/internal/sync/hashtriemap.go:359:6: can inline sync.(*HashTrieMap[go.shape.interface {},go.shape.interface {}]).Delete
/home/jules/go/pkg/mod/golang.org/toolchain@v0.0.1-go1.26.5.linux-amd64/src/internal/sync/hashtriemap.go:571:6: can inline sync.newEntryNode[go.shape.interface {},go.shape.interface {}]
/home/jules/go/pkg/mod/golang.org/toolchain@v0.0.1-go1.26.5.linux-amd64/src/internal/sync/hashtriemap.go:290:3: can inline sync.(*HashTrieMap[go.shape.interface {},go.shape.interface {}]).CompareAndSwap.deferwrap1
/home/jules/go/pkg/mod/golang.org/toolchain@v0.0.1-go1.26.5.linux-amd64/src/internal/sync/hashtriemap.go:249:2: can inline sync.(*HashTrieMap[go.shape.interface {},go.shape.interface {}]).Swap.deferwrap1
/home/jules/go/pkg/mod/golang.org/toolchain@v0.0.1-go1.26.5.linux-amd64/src/internal/sync/hashtriemap.go:199:6: can inline sync.(*HashTrieMap[go.shape.interface {},go.shape.interface {}]).Store
/home/jules/go/pkg/mod/golang.org/toolchain@v0.0.1-go1.26.5.linux-amd64/src/internal/sync/hashtriemap.go:579:6: can inline sync.(*entry[go.shape.interface {},go.shape.interface {}]).lookup
/home/jules/go/pkg/mod/golang.org/toolchain@v0.0.1-go1.26.5.linux-amd64/src/internal/sync/hashtriemap.go:141:2: can inline sync.(*HashTrieMap[go.shape.interface {},go.shape.interface {}]).LoadOrStore.deferwrap1
/home/jules/go/pkg/mod/golang.org/toolchain@v0.0.1-go1.26.5.linux-amd64/src/sync/atomic/type.go:67:6: can inline atomic.(*Pointer[go.shape.struct { internal/sync.node = internal/sync.node[go.shape.interface {},go.shape.interface {}]; internal/sync.dead sync/atomic.Bool; internal/sync.mu internal/sync.Mutex; internal/sync.parent *internal/sync.indirect[go.shape.interface {},go.shape.interface {}]; internal/sync.children [16]sync/atomic.Pointer[go.shape.struct { internal/sync.isEntry bool }] }]).CompareAndSwap
/home/jules/go/pkg/mod/golang.org/toolchain@v0.0.1-go1.26.5.linux-amd64/src/sync/atomic/type.go:64:6: can inline atomic.(*Pointer[go.shape.struct { internal/sync.node = internal/sync.node[go.shape.interface {},go.shape.interface {}]; internal/sync.dead sync/atomic.Bool; internal/sync.mu internal/sync.Mutex; internal/sync.parent *internal/sync.indirect[go.shape.interface {},go.shape.interface {}]; internal/sync.children [16]sync/atomic.Pointer[go.shape.struct { internal/sync.isEntry bool }] }]).Swap
/home/jules/go/pkg/mod/golang.org/toolchain@v0.0.1-go1.26.5.linux-amd64/src/sync/atomic/type.go:67:6: can inline atomic.(*Pointer[go.shape.struct { internal/sync.isEntry bool }]).CompareAndSwap
/home/jules/go/pkg/mod/golang.org/toolchain@v0.0.1-go1.26.5.linux-amd64/src/sync/atomic/type.go:64:6: can inline atomic.(*Pointer[go.shape.struct { internal/sync.isEntry bool }]).Swap
/home/jules/go/pkg/mod/golang.org/toolchain@v0.0.1-go1.26.5.linux-amd64/src/sync/atomic/type.go:67:6: can inline atomic.(*Pointer[internal/sync.entry[go.shape.interface {},go.shape.interface {}]]).CompareAndSwap
/home/jules/go/pkg/mod/golang.org/toolchain@v0.0.1-go1.26.5.linux-amd64/src/sync/atomic/type.go:64:6: can inline atomic.(*Pointer[internal/sync.entry[go.shape.interface {},go.shape.interface {}]]).Swap
/home/jules/go/pkg/mod/golang.org/toolchain@v0.0.1-go1.26.5.linux-amd64/src/sync/atomic/type.go:61:6: can inline atomic.(*Pointer[internal/sync.entry[go.shape.interface {},go.shape.interface {}]]).Store
/home/jules/go/pkg/mod/golang.org/toolchain@v0.0.1-go1.26.5.linux-amd64/src/sync/atomic/type.go:58:6: can inline atomic.(*Pointer[internal/sync.entry[go.shape.interface {},go.shape.interface {}]]).Load
/home/jules/go/pkg/mod/golang.org/toolchain@v0.0.1-go1.26.5.linux-amd64/src/internal/sync/hashtriemap.go:522:6: can inline sync.(*HashTrieMap[interface {},interface {}]).Clear
/home/jules/go/pkg/mod/golang.org/toolchain@v0.0.1-go1.26.5.linux-amd64/src/internal/sync/hashtriemap.go:498:6: can inline sync.(*HashTrieMap[interface {},interface {}]).iter
/home/jules/go/pkg/mod/golang.org/toolchain@v0.0.1-go1.26.5.linux-amd64/src/internal/sync/hashtriemap.go:493:6: can inline sync.(*HashTrieMap[interface {},interface {}]).Range
/home/jules/go/pkg/mod/golang.org/toolchain@v0.0.1-go1.26.5.linux-amd64/src/internal/sync/hashtriemap.go:481:6: can inline sync.(*HashTrieMap[interface {},interface {}]).All
/home/jules/go/pkg/mod/golang.org/toolchain@v0.0.1-go1.26.5.linux-amd64/src/internal/sync/hashtriemap.go:368:6: can inline sync.(*HashTrieMap[interface {},interface {}]).CompareAndDelete
/home/jules/go/pkg/mod/golang.org/toolchain@v0.0.1-go1.26.5.linux-amd64/src/internal/sync/hashtriemap.go:359:6: can inline sync.(*HashTrieMap[interface {},interface {}]).Delete
/home/jules/go/pkg/mod/golang.org/toolchain@v0.0.1-go1.26.5.linux-amd64/src/internal/sync/hashtriemap.go:309:6: can inline sync.(*HashTrieMap[interface {},interface {}]).LoadAndDelete
/home/jules/go/pkg/mod/golang.org/toolchain@v0.0.1-go1.26.5.linux-amd64/src/internal/sync/hashtriemap.go:280:6: can inline sync.(*HashTrieMap[interface {},interface {}]).CompareAndSwap
/home/jules/go/pkg/mod/golang.org/toolchain@v0.0.1-go1.26.5.linux-amd64/src/internal/sync/hashtriemap.go:205:6: can inline sync.(*HashTrieMap[interface {},interface {}]).Swap
/home/jules/go/pkg/mod/golang.org/toolchain@v0.0.1-go1.26.5.linux-amd64/src/internal/sync/hashtriemap.go:199:6: can inline sync.(*HashTrieMap[interface {},interface {}]).Store
/home/jules/go/pkg/mod/golang.org/toolchain@v0.0.1-go1.26.5.linux-amd64/src/internal/sync/hashtriemap.go:167:6: can inline sync.(*HashTrieMap[interface {},interface {}]).expand
/home/jules/go/pkg/mod/golang.org/toolchain@v0.0.1-go1.26.5.linux-amd64/src/internal/sync/hashtriemap.go:88:6: can inline sync.(*HashTrieMap[interface {},interface {}]).LoadOrStore
/home/jules/go/pkg/mod/golang.org/toolchain@v0.0.1-go1.26.5.linux-amd64/src/internal/sync/hashtriemap.go:64:6: can inline sync.(*HashTrieMap[interface {},interface {}]).Load
/home/jules/go/pkg/mod/golang.org/toolchain@v0.0.1-go1.26.5.linux-amd64/src/internal/sync/hashtriemap.go:30:6: can inline sync.(*HashTrieMap[interface {},interface {}]).init
/home/jules/go/pkg/mod/golang.org/toolchain@v0.0.1-go1.26.5.linux-amd64/src/sync/atomic/type.go:67:6: can inline atomic.(*Pointer[internal/sync.indirect[interface {},interface {}]]).CompareAndSwap
/home/jules/go/pkg/mod/golang.org/toolchain@v0.0.1-go1.26.5.linux-amd64/src/sync/atomic/type.go:64:6: can inline atomic.(*Pointer[internal/sync.indirect[interface {},interface {}]]).Swap
/home/jules/go/pkg/mod/golang.org/toolchain@v0.0.1-go1.26.5.linux-amd64/src/sync/atomic/type.go:61:6: can inline atomic.(*Pointer[internal/sync.indirect[interface {},interface {}]]).Store
/home/jules/go/pkg/mod/golang.org/toolchain@v0.0.1-go1.26.5.linux-amd64/src/sync/atomic/type.go:58:6: can inline atomic.(*Pointer[internal/sync.indirect[interface {},interface {}]]).Load
/home/jules/go/pkg/mod/golang.org/toolchain@v0.0.1-go1.26.5.linux-amd64/src/internal/sync/hashtriemap.go:553:6: can inline sync.(*indirect[interface {},interface {}]).empty
/home/jules/go/pkg/mod/golang.org/toolchain@v0.0.1-go1.26.5.linux-amd64/src/sync/atomic/type.go:67:6: can inline atomic.(*Pointer[internal/sync.node[interface {},interface {}]]).CompareAndSwap
/home/jules/go/pkg/mod/golang.org/toolchain@v0.0.1-go1.26.5.linux-amd64/src/sync/atomic/type.go:64:6: can inline atomic.(*Pointer[internal/sync.node[interface {},interface {}]]).Swap
/home/jules/go/pkg/mod/golang.org/toolchain@v0.0.1-go1.26.5.linux-amd64/src/sync/atomic/type.go:61:6: can inline atomic.(*Pointer[internal/sync.node[interface {},interface {}]]).Store
/home/jules/go/pkg/mod/golang.org/toolchain@v0.0.1-go1.26.5.linux-amd64/src/sync/atomic/type.go:58:6: can inline atomic.(*Pointer[internal/sync.node[interface {},interface {}]]).Load
/home/jules/go/pkg/mod/golang.org/toolchain@v0.0.1-go1.26.5.linux-amd64/src/internal/sync/hashtriemap.go:713:6: can inline sync.(*node[interface {},interface {}]).indirect
/home/jules/go/pkg/mod/golang.org/toolchain@v0.0.1-go1.26.5.linux-amd64/src/internal/sync/hashtriemap.go:706:6: can inline sync.(*node[interface {},interface {}]).entry
/home/jules/go/pkg/mod/golang.org/toolchain@v0.0.1-go1.26.5.linux-amd64/src/internal/sync/hashtriemap.go:682:6: can inline sync.(*entry[interface {},interface {}]).compareAndDelete
/home/jules/go/pkg/mod/golang.org/toolchain@v0.0.1-go1.26.5.linux-amd64/src/internal/sync/hashtriemap.go:660:6: can inline sync.(*entry[interface {},interface {}]).loadAndDelete
/home/jules/go/pkg/mod/golang.org/toolchain@v0.0.1-go1.26.5.linux-amd64/src/internal/sync/hashtriemap.go:632:6: can inline sync.(*entry[interface {},interface {}]).compareAndSwap
/home/jules/go/pkg/mod/golang.org/toolchain@v0.0.1-go1.26.5.linux-amd64/src/internal/sync/hashtriemap.go:603:6: can inline sync.(*entry[interface {},interface {}]).swap
/home/jules/go/pkg/mod/golang.org/toolchain@v0.0.1-go1.26.5.linux-amd64/src/internal/sync/hashtriemap.go:579:6: can inline sync.(*entry[interface {},interface {}]).lookup
/home/jules/go/pkg/mod/golang.org/toolchain@v0.0.1-go1.26.5.linux-amd64/src/sync/atomic/type.go:67:6: can inline atomic.(*Pointer[internal/sync.entry[interface {},interface {}]]).CompareAndSwap
/home/jules/go/pkg/mod/golang.org/toolchain@v0.0.1-go1.26.5.linux-amd64/src/sync/atomic/type.go:64:6: can inline atomic.(*Pointer[internal/sync.entry[interface {},interface {}]]).Swap
/home/jules/go/pkg/mod/golang.org/toolchain@v0.0.1-go1.26.5.linux-amd64/src/sync/atomic/type.go:61:6: can inline atomic.(*Pointer[internal/sync.entry[interface {},interface {}]]).Store
/home/jules/go/pkg/mod/golang.org/toolchain@v0.0.1-go1.26.5.linux-amd64/src/sync/atomic/type.go:58:6: can inline atomic.(*Pointer[internal/sync.entry[interface {},interface {}]]).Load
cachekit/cache.go:17:30: inlining call to errors.New
cachekit/memory.go:73:12: inlining call to sync.(*RWMutex).RLock
cachekit/memory.go:76:26: inlining call to time.Time.IsZero
cachekit/memory.go:80:14: inlining call to sync.(*RWMutex).RUnlock
cachekit/memory.go:94:61: inlining call to time.Time.IsZero
cachekit/memory.go:73:12: inlining call to atomic.(*Int32).Add
cachekit/memory.go:80:14: inlining call to atomic.(*Int32).Add
cachekit/memory.go:52:17: inlining call to sync.(*WaitGroup).Done
cachekit/memory.go:54:19: inlining call to time.(*Ticker).Stop
cachekit/memory.go:105:16: inlining call to sync.(*Once).Do
cachekit/memory.go:105:16: inlining call to atomic.(*Bool).Load
cachekit/memory.go:150:12: inlining call to sync.(*RWMutex).RLock
cachekit/memory.go:152:14: inlining call to sync.(*RWMutex).RUnlock
cachekit/memory.go:158:28: inlining call to time.Time.IsZero
cachekit/memory.go:150:12: inlining call to atomic.(*Int32).Add
cachekit/memory.go:152:14: inlining call to atomic.(*Int32).Add
cachekit/redis.go:39:54: inlining call to redis.(*baseCmd).Err
cachekit/redis.go:52:26: inlining call to redis.cmdable.Get
cachekit/redis.go:52:42: inlining call to redis.(*StringCmd).Bytes
cachekit/redis.go:52:26: inlining call to redis.NewStringCmd
cachekit/redis.go:52:42: inlining call to util.StringToBytes
cachekit/redis.go:67:21: inlining call to redis.cmdable.Del
cachekit/redis.go:67:35: inlining call to redis.(*baseCmd).Err
cachekit/redis.go:67:21: inlining call to redis.NewIntCmd
/home/jules/go/pkg/mod/golang.org/toolchain@v0.0.1-go1.26.5.linux-amd64/src/internal/sync/hashtriemap.go:38:16: inlining call to sync.(*Mutex).Lock
/home/jules/go/pkg/mod/golang.org/toolchain@v0.0.1-go1.26.5.linux-amd64/src/internal/sync/hashtriemap.go:41:19: inlining call to atomic.(*Uint32).Load
/home/jules/go/pkg/mod/golang.org/toolchain@v0.0.1-go1.26.5.linux-amd64/src/internal/sync/hashtriemap.go:49:23: inlining call to abi.TypeOf
/home/jules/go/pkg/mod/golang.org/toolchain@v0.0.1-go1.26.5.linux-amd64/src/internal/sync/hashtriemap.go:49:34: inlining call to abi.(*Type).MapType
/home/jules/go/pkg/mod/golang.org/toolchain@v0.0.1-go1.26.5.linux-amd64/src/internal/sync/hashtriemap.go:50:37: inlining call to sync.newIndirectNode[go.shape.interface {},go.shape.interface {}]
/home/jules/go/pkg/mod/golang.org/toolchain@v0.0.1-go1.26.5.linux-amd64/src/internal/sync/hashtriemap.go:50:15: inlining call to atomic.(*Pointer[go.shape.struct { internal/sync.node = internal/sync.node[go.shape.interface {},go.shape.interface {}]; internal/sync.dead sync/atomic.Bool; internal/sync.mu internal/sync.Mutex; internal/sync.parent *internal/sync.indirect[go.shape.interface {},go.shape.interface {}]; internal/sync.children [16]sync/atomic.Pointer[go.shape.struct { internal/sync.isEntry bool }] }]).Store
/home/jules/go/pkg/mod/golang.org/toolchain@v0.0.1-go1.26.5.linux-amd64/src/internal/sync/hashtriemap.go:55:17: inlining call to atomic.(*Uint32).Store
/home/jules/go/pkg/mod/golang.org/toolchain@v0.0.1-go1.26.5.linux-amd64/src/internal/sync/hashtriemap.go:49:23: inlining call to abi.NoEscape
/home/jules/go/pkg/mod/golang.org/toolchain@v0.0.1-go1.26.5.linux-amd64/src/internal/sync/hashtriemap.go:49:34: inlining call to abi.(*Type).Kind
/home/jules/go/pkg/mod/golang.org/toolchain@v0.0.1-go1.26.5.linux-amd64/src/internal/sync/hashtriemap.go:39:24: inlining call to sync.(*Mutex).Unlock
/home/jules/go/pkg/mod/golang.org/toolchain@v0.0.1-go1.26.5.linux-amd64/src/internal/sync/hashtriemap.go:31:19: inlining call to atomic.(*Uint32).Load
/home/jules/go/pkg/mod/golang.org/toolchain@v0.0.1-go1.26.5.linux-amd64/src/internal/sync/hashtriemap.go:523:9: inlining call to sync.(*HashTrieMap[go.shape.interface {},go.shape.interface {}]).init
/home/jules/go/pkg/mod/golang.org/toolchain@v0.0.1-go1.26.5.linux-amd64/src/internal/sync/hashtriemap.go:527:37: inlining call to sync.newIndirectNode[go.shape.interface {},go.shape.interface {}]
/home/jules/go/pkg/mod/golang.org/toolchain@v0.0.1-go1.26.5.linux-amd64/src/internal/sync/hashtriemap.go:527:15: inlining call to atomic.(*Pointer[go.shape.struct { internal/sync.node = internal/sync.node[go.shape.interface {},go.shape.interface {}]; internal/sync.dead sync/atomic.Bool; internal/sync.mu internal/sync.Mutex; internal/sync.parent *internal/sync.indirect[go.shape.interface {},go.shape.interface {}]; internal/sync.children [16]sync/atomic.Pointer[go.shape.struct { internal/sync.isEntry bool }] }]).Store
/home/jules/go/pkg/mod/golang.org/toolchain@v0.0.1-go1.26.5.linux-amd64/src/internal/sync/hashtriemap.go:523:9: inlining call to atomic.(*Uint32).Load
/home/jules/go/pkg/mod/golang.org/toolchain@v0.0.1-go1.26.5.linux-amd64/src/internal/sync/hashtriemap.go:500:26: inlining call to atomic.(*Pointer[go.shape.struct { internal/sync.isEntry bool }]).Load
/home/jules/go/pkg/mod/golang.org/toolchain@v0.0.1-go1.26.5.linux-amd64/src/internal/sync/hashtriemap.go:505:26: inlining call to sync.(*node[go.shape.interface {},go.shape.interface {}]).indirect
/home/jules/go/pkg/mod/golang.org/toolchain@v0.0.1-go1.26.5.linux-amd64/src/internal/sync/hashtriemap.go:510:15: inlining call to sync.(*node[go.shape.interface {},go.shape.interface {}]).entry
/home/jules/go/pkg/mod/golang.org/toolchain@v0.0.1-go1.26.5.linux-amd64/src/internal/sync/hashtriemap.go:515:23: inlining call to atomic.(*Pointer[go.shape.struct { internal/sync.node = internal/sync.node[go.shape.interface {},go.shape.interface {}]; internal/sync.overflow sync/atomic.Pointer[internal/sync.entry[go.shape.interface {},go.shape.interface {}]]; internal/sync.key go.shape.interface {}; internal/sync.value go.shape.interface {} }]).Load
/home/jules/go/pkg/mod/golang.org/toolchain@v0.0.1-go1.26.5.linux-amd64/src/internal/sync/hashtriemap.go:494:9: inlining call to sync.(*HashTrieMap[go.shape.interface {},go.shape.interface {}]).init
/home/jules/go/pkg/mod/golang.org/toolchain@v0.0.1-go1.26.5.linux-amd64/src/internal/sync/hashtriemap.go:495:22: inlining call to atomic.(*Pointer[go.shape.struct { internal/sync.node = internal/sync.node[go.shape.interface {},go.shape.interface {}]; internal/sync.dead sync/atomic.Bool; internal/sync.mu internal/sync.Mutex; internal/sync.parent *internal/sync.indirect[go.shape.interface {},go.shape.interface {}]; internal/sync.children [16]sync/atomic.Pointer[go.shape.struct { internal/sync.isEntry bool }] }]).Load
/home/jules/go/pkg/mod/golang.org/toolchain@v0.0.1-go1.26.5.linux-amd64/src/internal/sync/hashtriemap.go:494:9: inlining call to atomic.(*Uint32).Load
/home/jules/go/pkg/mod/golang.org/toolchain@v0.0.1-go1.26.5.linux-amd64/src/internal/sync/hashtriemap.go:482:9: inlining call to sync.(*HashTrieMap[go.shape.interface {},go.shape.interface {}]).init
/home/jules/go/pkg/mod/golang.org/toolchain@v0.0.1-go1.26.5.linux-amd64/src/internal/sync/hashtriemap.go:482:9: inlining call to atomic.(*Uint32).Load
/home/jules/go/pkg/mod/golang.org/toolchain@v0.0.1-go1.26.5.linux-amd64/src/internal/sync/hashtriemap.go:484:23: inlining call to atomic.(*Pointer[go.shape.struct { internal/sync.node = internal/sync.node[go.shape.interface {},go.shape.interface {}]; internal/sync.dead sync/atomic.Bool; internal/sync.mu internal/sync.Mutex; internal/sync.parent *internal/sync.indirect[go.shape.interface {},go.shape.interface {}]; internal/sync.children [16]sync/atomic.Pointer[go.shape.struct { internal/sync.isEntry bool }] }]).Load
/home/jules/go/pkg/mod/golang.org/toolchain@v0.0.1-go1.26.5.linux-amd64/src/internal/sync/hashtriemap.go:591:89: inlining call to abi.NoEscape
/home/jules/go/pkg/mod/golang.org/toolchain@v0.0.1-go1.26.5.linux-amd64/src/internal/sync/hashtriemap.go:594:22: inlining call to atomic.(*Pointer[go.shape.struct { internal/sync.node = internal/sync.node[go.shape.interface {},go.shape.interface {}]; internal/sync.overflow sync/atomic.Pointer[internal/sync.entry[go.shape.interface {},go.shape.interface {}]]; internal/sync.key go.shape.interface {}; internal/sync.value go.shape.interface {} }]).Load
/home/jules/go/pkg/mod/golang.org/toolchain@v0.0.1-go1.26.5.linux-amd64/src/internal/sync/hashtriemap.go:429:19: inlining call to atomic.(*Pointer[go.shape.struct { internal/sync.node = internal/sync.node[go.shape.interface {},go.shape.interface {}]; internal/sync.dead sync/atomic.Bool; internal/sync.mu internal/sync.Mutex; internal/sync.parent *internal/sync.indirect[go.shape.interface {},go.shape.interface {}]; internal/sync.children [16]sync/atomic.Pointer[go.shape.struct { internal/sync.isEntry bool }] }]).Load
/home/jules/go/pkg/mod/golang.org/toolchain@v0.0.1-go1.26.5.linux-amd64/src/internal/sync/hashtriemap.go:436:17: inlining call to atomic.(*Pointer[go.shape.struct { internal/sync.isEntry bool }]).Load
/home/jules/go/pkg/mod/golang.org/toolchain@v0.0.1-go1.26.5.linux-amd64/src/internal/sync/hashtriemap.go:444:24: inlining call to sync.(*node[go.shape.interface {},go.shape.interface {}]).entry
/home/jules/go/pkg/mod/golang.org/toolchain@v0.0.1-go1.26.5.linux-amd64/src/internal/sync/hashtriemap.go:444:42: inlining call to sync.(*entry[go.shape.interface {},go.shape.interface {}]).lookupWithValue
/home/jules/go/pkg/mod/golang.org/toolchain@v0.0.1-go1.26.5.linux-amd64/src/internal/sync/hashtriemap.go:454:18: inlining call to sync.(*node[go.shape.interface {},go.shape.interface {}]).indirect
/home/jules/go/pkg/mod/golang.org/toolchain@v0.0.1-go1.26.5.linux-amd64/src/internal/sync/hashtriemap.go:461:12: inlining call to sync.(*Mutex).Lock
/home/jules/go/pkg/mod/golang.org/toolchain@v0.0.1-go1.26.5.linux-amd64/src/internal/sync/hashtriemap.go:462:16: inlining call to atomic.(*Pointer[go.shape.struct { internal/sync.isEntry bool }]).Load
/home/jules/go/pkg/mod/golang.org/toolchain@v0.0.1-go1.26.5.linux-amd64/src/internal/sync/hashtriemap.go:463:18: inlining call to atomic.(*Bool).Load
/home/jules/go/pkg/mod/golang.org/toolchain@v0.0.1-go1.26.5.linux-amd64/src/internal/sync/hashtriemap.go:469:14: inlining call to sync.(*Mutex).Unlock
/home/jules/go/pkg/mod/golang.org/toolchain@v0.0.1-go1.26.5.linux-amd64/src/internal/sync/hashtriemap.go:444:42: inlining call to abi.NoEscape
/home/jules/go/pkg/mod/golang.org/toolchain@v0.0.1-go1.26.5.linux-amd64/src/internal/sync/hashtriemap.go:444:42: inlining call to atomic.(*Pointer[go.shape.struct { internal/sync.node = internal/sync.node[go.shape.interface {},go.shape.interface {}]; internal/sync.overflow sync/atomic.Pointer[internal/sync.entry[go.shape.interface {},go.shape.interface {}]]; internal/sync.key go.shape.interface {}; internal/sync.value go.shape.interface {} }]).Load
/home/jules/go/pkg/mod/golang.org/toolchain@v0.0.1-go1.26.5.linux-amd64/src/internal/sync/hashtriemap.go:683:74: inlining call to abi.NoEscape
/home/jules/go/pkg/mod/golang.org/toolchain@v0.0.1-go1.26.5.linux-amd64/src/internal/sync/hashtriemap.go:685:28: inlining call to atomic.(*Pointer[go.shape.struct { internal/sync.node = internal/sync.node[go.shape.interface {},go.shape.interface {}]; internal/sync.overflow sync/atomic.Pointer[internal/sync.entry[go.shape.interface {},go.shape.interface {}]]; internal/sync.key go.shape.interface {}; internal/sync.value go.shape.interface {} }]).Load
/home/jules/go/pkg/mod/golang.org/toolchain@v0.0.1-go1.26.5.linux-amd64/src/internal/sync/hashtriemap.go:688:13: inlining call to atomic.(*Pointer[go.shape.struct { internal/sync.node = internal/sync.node[go.shape.interface {},go.shape.interface {}]; internal/sync.overflow sync/atomic.Pointer[internal/sync.entry[go.shape.interface {},go.shape.interface {}]]; internal/sync.key go.shape.interface {}; internal/sync.value go.shape.interface {} }]).Load
/home/jules/go/pkg/mod/golang.org/toolchain@v0.0.1-go1.26.5.linux-amd64/src/internal/sync/hashtriemap.go:690:69: inlining call to abi.NoEscape
/home/jules/go/pkg/mod/golang.org/toolchain@v0.0.1-go1.26.5.linux-amd64/src/internal/sync/hashtriemap.go:691:27: inlining call to atomic.(*Pointer[go.shape.struct { internal/sync.node = internal/sync.node[go.shape.interface {},go.shape.interface {}]; internal/sync.overflow sync/atomic.Pointer[internal/sync.entry[go.shape.interface {},go.shape.interface {}]]; internal/sync.key go.shape.interface {}; internal/sync.value go.shape.interface {} }]).Load
/home/jules/go/pkg/mod/golang.org/toolchain@v0.0.1-go1.26.5.linux-amd64/src/internal/sync/hashtriemap.go:691:11: inlining call to atomic.(*Pointer[go.shape.struct { internal/sync.node = internal/sync.node[go.shape.interface {},go.shape.interface {}]; internal/sync.overflow sync/atomic.Pointer[internal/sync.entry[go.shape.interface {},go.shape.interface {}]]; internal/sync.key go.shape.interface {}; internal/sync.value go.shape.interface {} }]).Store
/home/jules/go/pkg/mod/golang.org/toolchain@v0.0.1-go1.26.5.linux-amd64/src/internal/sync/hashtriemap.go:695:22: inlining call to atomic.(*Pointer[go.shape.struct { internal/sync.node = internal/sync.node[go.shape.interface {},go.shape.interface {}]; internal/sync.overflow sync/atomic.Pointer[internal/sync.entry[go.shape.interface {},go.shape.interface {}]]; internal/sync.key go.shape.interface {}; internal/sync.value go.shape.interface {} }]).Load
/home/jules/go/pkg/mod/golang.org/toolchain@v0.0.1-go1.26.5.linux-amd64/src/internal/sync/hashtriemap.go:556:24: inlining call to atomic.(*Pointer[go.shape.struct { internal/sync.isEntry bool }]).Load
/home/jules/go/pkg/mod/golang.org/toolchain@v0.0.1-go1.26.5.linux-amd64/src/internal/sync/hashtriemap.go:369:9: inlining call to sync.(*HashTrieMap[go.shape.interface {},go.shape.interface {}]).init
/home/jules/go/pkg/mod/golang.org/toolchain@v0.0.1-go1.26.5.linux-amd64/src/internal/sync/hashtriemap.go:373:33: inlining call to abi.NoEscape
/home/jules/go/pkg/mod/golang.org/toolchain@v0.0.1-go1.26.5.linux-amd64/src/internal/sync/hashtriemap.go:379:15: inlining call to sync.(*Mutex).Unlock
/home/jules/go/pkg/mod/golang.org/toolchain@v0.0.1-go1.26.5.linux-amd64/src/internal/sync/hashtriemap.go:385:23: inlining call to sync.(*node[go.shape.interface {},go.shape.interface {}]).entry
/home/jules/go/pkg/mod/golang.org/toolchain@v0.0.1-go1.26.5.linux-amd64/src/internal/sync/hashtriemap.go:388:14: inlining call to sync.(*Mutex).Unlock
/home/jules/go/pkg/mod/golang.org/toolchain@v0.0.1-go1.26.5.linux-amd64/src/internal/sync/hashtriemap.go:394:13: inlining call to atomic.(*Pointer[go.shape.struct { internal/sync.isEntry bool }]).Store
/home/jules/go/pkg/mod/golang.org/toolchain@v0.0.1-go1.26.5.linux-amd64/src/internal/sync/hashtriemap.go:395:14: inlining call to sync.(*Mutex).Unlock
/home/jules/go/pkg/mod/golang.org/toolchain@v0.0.1-go1.26.5.linux-amd64/src/internal/sync/hashtriemap.go:399:12: inlining call to atomic.(*Pointer[go.shape.struct { internal/sync.isEntry bool }]).Store
/home/jules/go/pkg/mod/golang.org/toolchain@v0.0.1-go1.26.5.linux-amd64/src/internal/sync/hashtriemap.go:402:32: inlining call to sync.(*indirect[go.shape.interface {},go.shape.interface {}]).empty
/home/jules/go/pkg/mod/golang.org/toolchain@v0.0.1-go1.26.5.linux-amd64/src/internal/sync/hashtriemap.go:410:17: inlining call to sync.(*Mutex).Lock
/home/jules/go/pkg/mod/golang.org/toolchain@v0.0.1-go1.26.5.linux-amd64/src/internal/sync/hashtriemap.go:411:15: inlining call to atomic.(*Bool).Store
/home/jules/go/pkg/mod/golang.org/toolchain@v0.0.1-go1.26.5.linux-amd64/src/internal/sync/hashtriemap.go:412:57: inlining call to atomic.(*Pointer[go.shape.struct { internal/sync.isEntry bool }]).Store
/home/jules/go/pkg/mod/golang.org/toolchain@v0.0.1-go1.26.5.linux-amd64/src/internal/sync/hashtriemap.go:413:14: inlining call to sync.(*Mutex).Unlock
/home/jules/go/pkg/mod/golang.org/toolchain@v0.0.1-go1.26.5.linux-amd64/src/internal/sync/hashtriemap.go:416:13: inlining call to sync.(*Mutex).Unlock
/home/jules/go/pkg/mod/golang.org/toolchain@v0.0.1-go1.26.5.linux-amd64/src/internal/sync/hashtriemap.go:369:9: inlining call to atomic.(*Uint32).Load
/home/jules/go/pkg/mod/golang.org/toolchain@v0.0.1-go1.26.5.linux-amd64/src/internal/sync/hashtriemap.go:402:32: inlining call to atomic.(*Pointer[go.shape.struct { internal/sync.isEntry bool }]).Load
/home/jules/go/pkg/mod/golang.org/toolchain@v0.0.1-go1.26.5.linux-amd64/src/internal/sync/hashtriemap.go:411:15: inlining call to atomic.b32
/home/jules/go/pkg/mod/golang.org/toolchain@v0.0.1-go1.26.5.linux-amd64/src/internal/sync/hashtriemap.go:663:40: inlining call to atomic.(*Pointer[go.shape.struct { internal/sync.node = internal/sync.node[go.shape.interface {},go.shape.interface {}]; internal/sync.overflow sync/atomic.Pointer[internal/sync.entry[go.shape.interface {},go.shape.interface {}]]; internal/sync.key go.shape.interface {}; internal/sync.value go.shape.interface {} }]).Load
/home/jules/go/pkg/mod/golang.org/toolchain@v0.0.1-go1.26.5.linux-amd64/src/internal/sync/hashtriemap.go:666:13: inlining call to atomic.(*Pointer[go.shape.struct { internal/sync.node = internal/sync.node[go.shape.interface {},go.shape.interface {}]; internal/sync.overflow sync/atomic.Pointer[internal/sync.entry[go.shape.interface {},go.shape.interface {}]]; internal/sync.key go.shape.interface {}; internal/sync.value go.shape.interface {} }]).Load
/home/jules/go/pkg/mod/golang.org/toolchain@v0.0.1-go1.26.5.linux-amd64/src/internal/sync/hashtriemap.go:669:27: inlining call to atomic.(*Pointer[go.shape.struct { internal/sync.node = internal/sync.node[go.shape.interface {},go.shape.interface {}]; internal/sync.overflow sync/atomic.Pointer[internal/sync.entry[go.shape.interface {},go.shape.interface {}]]; internal/sync.key go.shape.interface {}; internal/sync.value go.shape.interface {} }]).Load
/home/jules/go/pkg/mod/golang.org/toolchain@v0.0.1-go1.26.5.linux-amd64/src/internal/sync/hashtriemap.go:669:11: inlining call to atomic.(*Pointer[go.shape.struct { internal/sync.node = internal/sync.node[go.shape.interface {},go.shape.interface {}]; internal/sync.overflow sync/atomic.Pointer[internal/sync.entry[go.shape.interface {},go.shape.interface {}]]; internal/sync.key go.shape.interface {}; internal/sync.value go.shape.interface {} }]).Store
/home/jules/go/pkg/mod/golang.org/toolchain@v0.0.1-go1.26.5.linux-amd64/src/internal/sync/hashtriemap.go:673:22: inlining call to atomic.(*Pointer[go.shape.struct { internal/sync.node = internal/sync.node[go.shape.interface {},go.shape.interface {}]; internal/sync.overflow sync/atomic.Pointer[internal/sync.entry[go.shape.interface {},go.shape.interface {}]]; internal/sync.key go.shape.interface {}; internal/sync.value go.shape.interface {} }]).Load
/home/jules/go/pkg/mod/golang.org/toolchain@v0.0.1-go1.26.5.linux-amd64/src/internal/sync/hashtriemap.go:310:9: inlining call to sync.(*HashTrieMap[go.shape.interface {},go.shape.interface {}]).init
/home/jules/go/pkg/mod/golang.org/toolchain@v0.0.1-go1.26.5.linux-amd64/src/internal/sync/hashtriemap.go:311:33: inlining call to abi.NoEscape
/home/jules/go/pkg/mod/golang.org/toolchain@v0.0.1-go1.26.5.linux-amd64/src/internal/sync/hashtriemap.go:317:15: inlining call to sync.(*Mutex).Unlock
/home/jules/go/pkg/mod/golang.org/toolchain@v0.0.1-go1.26.5.linux-amd64/src/internal/sync/hashtriemap.go:323:25: inlining call to sync.(*node[go.shape.interface {},go.shape.interface {}]).entry
/home/jules/go/pkg/mod/golang.org/toolchain@v0.0.1-go1.26.5.linux-amd64/src/internal/sync/hashtriemap.go:326:14: inlining call to sync.(*Mutex).Unlock
/home/jules/go/pkg/mod/golang.org/toolchain@v0.0.1-go1.26.5.linux-amd64/src/internal/sync/hashtriemap.go:332:13: inlining call to atomic.(*Pointer[go.shape.struct { internal/sync.isEntry bool }]).Store
/home/jules/go/pkg/mod/golang.org/toolchain@v0.0.1-go1.26.5.linux-amd64/src/internal/sync/hashtriemap.go:333:14: inlining call to sync.(*Mutex).Unlock
/home/jules/go/pkg/mod/golang.org/toolchain@v0.0.1-go1.26.5.linux-amd64/src/internal/sync/hashtriemap.go:337:12: inlining call to atomic.(*Pointer[go.shape.struct { internal/sync.isEntry bool }]).Store
/home/jules/go/pkg/mod/golang.org/toolchain@v0.0.1-go1.26.5.linux-amd64/src/internal/sync/hashtriemap.go:340:32: inlining call to sync.(*indirect[go.shape.interface {},go.shape.interface {}]).empty
/home/jules/go/pkg/mod/golang.org/toolchain@v0.0.1-go1.26.5.linux-amd64/src/internal/sync/hashtriemap.go:348:17: inlining call to sync.(*Mutex).Lock
/home/jules/go/pkg/mod/golang.org/toolchain@v0.0.1-go1.26.5.linux-amd64/src/internal/sync/hashtriemap.go:349:15: inlining call to atomic.(*Bool).Store
/home/jules/go/pkg/mod/golang.org/toolchain@v0.0.1-go1.26.5.linux-amd64/src/internal/sync/hashtriemap.go:350:57: inlining call to atomic.(*Pointer[go.shape.struct { internal/sync.isEntry bool }]).Store
/home/jules/go/pkg/mod/golang.org/toolchain@v0.0.1-go1.26.5.linux-amd64/src/internal/sync/hashtriemap.go:351:14: inlining call to sync.(*Mutex).Unlock
/home/jules/go/pkg/mod/golang.org/toolchain@v0.0.1-go1.26.5.linux-amd64/src/internal/sync/hashtriemap.go:354:13: inlining call to sync.(*Mutex).Unlock
/home/jules/go/pkg/mod/golang.org/toolchain@v0.0.1-go1.26.5.linux-amd64/src/internal/sync/hashtriemap.go:310:9: inlining call to atomic.(*Uint32).Load
/home/jules/go/pkg/mod/golang.org/toolchain@v0.0.1-go1.26.5.linux-amd64/src/internal/sync/hashtriemap.go:340:32: inlining call to atomic.(*Pointer[go.shape.struct { internal/sync.isEntry bool }]).Load
/home/jules/go/pkg/mod/golang.org/toolchain@v0.0.1-go1.26.5.linux-amd64/src/internal/sync/hashtriemap.go:349:15: inlining call to atomic.b32
/home/jules/go/pkg/mod/golang.org/toolchain@v0.0.1-go1.26.5.linux-amd64/src/internal/sync/hashtriemap.go:633:74: inlining call to abi.NoEscape
/home/jules/go/pkg/mod/golang.org/toolchain@v0.0.1-go1.26.5.linux-amd64/src/internal/sync/hashtriemap.go:635:20: inlining call to sync.newEntryNode[go.shape.interface {},go.shape.interface {}]
/home/jules/go/pkg/mod/golang.org/toolchain@v0.0.1-go1.26.5.linux-amd64/src/internal/sync/hashtriemap.go:636:33: inlining call to atomic.(*Pointer[go.shape.struct { internal/sync.node = internal/sync.node[go.shape.interface {},go.shape.interface {}]; internal/sync.overflow sync/atomic.Pointer[internal/sync.entry[go.shape.interface {},go.shape.interface {}]]; internal/sync.key go.shape.interface {}; internal/sync.value go.shape.interface {} }]).Load
/home/jules/go/pkg/mod/golang.org/toolchain@v0.0.1-go1.26.5.linux-amd64/src/internal/sync/hashtriemap.go:637:20: inlining call to atomic.(*Pointer[go.shape.struct { internal/sync.node = internal/sync.node[go.shape.interface {},go.shape.interface {}]; internal/sync.overflow sync/atomic.Pointer[internal/sync.entry[go.shape.interface {},go.shape.interface {}]]; internal/sync.key go.shape.interface {}; internal/sync.value go.shape.interface {} }]).Store
/home/jules/go/pkg/mod/golang.org/toolchain@v0.0.1-go1.26.5.linux-amd64/src/internal/sync/hashtriemap.go:642:13: inlining call to atomic.(*Pointer[go.shape.struct { internal/sync.node = internal/sync.node[go.shape.interface {},go.shape.interface {}]; internal/sync.overflow sync/atomic.Pointer[internal/sync.entry[go.shape.interface {},go.shape.interface {}]]; internal/sync.key go.shape.interface {}; internal/sync.value go.shape.interface {} }]).Load
/home/jules/go/pkg/mod/golang.org/toolchain@v0.0.1-go1.26.5.linux-amd64/src/internal/sync/hashtriemap.go:644:69: inlining call to abi.NoEscape
/home/jules/go/pkg/mod/golang.org/toolchain@v0.0.1-go1.26.5.linux-amd64/src/internal/sync/hashtriemap.go:645:24: inlining call to sync.newEntryNode[go.shape.interface {},go.shape.interface {}]
/home/jules/go/pkg/mod/golang.org/toolchain@v0.0.1-go1.26.5.linux-amd64/src/internal/sync/hashtriemap.go:646:39: inlining call to atomic.(*Pointer[go.shape.struct { internal/sync.node = internal/sync.node[go.shape.interface {},go.shape.interface {}]; internal/sync.overflow sync/atomic.Pointer[internal/sync.entry[go.shape.interface {},go.shape.interface {}]]; internal/sync.key go.shape.interface {}; internal/sync.value go.shape.interface {} }]).Load
/home/jules/go/pkg/mod/golang.org/toolchain@v0.0.1-go1.26.5.linux-amd64/src/internal/sync/hashtriemap.go:646:23: inlining call to atomic.(*Pointer[go.shape.struct { internal/sync.node = internal/sync.node[go.shape.interface {},go.shape.interface {}]; internal/sync.overflow sync/atomic.Pointer[internal/sync.entry[go.shape.interface {},go.shape.interface {}]]; internal/sync.key go.shape.interface {}; internal/sync.value go.shape.interface {} }]).Store
/home/jules/go/pkg/mod/golang.org/toolchain@v0.0.1-go1.26.5.linux-amd64/src/internal/sync/hashtriemap.go:647:11: inlining call to atomic.(*Pointer[go.shape.struct { internal/sync.node = internal/sync.node[go.shape.interface {},go.shape.interface {}]; internal/sync.overflow sync/atomic.Pointer[internal/sync.entry[go.shape.interface {},go.shape.interface {}]]; internal/sync.key go.shape.interface {}; internal/sync.value go.shape.interface {} }]).Store
/home/jules/go/pkg/mod/golang.org/toolchain@v0.0.1-go1.26.5.linux-amd64/src/internal/sync/hashtriemap.go:651:22: inlining call to atomic.(*Pointer[go.shape.struct { internal/sync.node = internal/sync.node[go.shape.interface {},go.shape.interface {}]; internal/sync.overflow sync/atomic.Pointer[internal/sync.entry[go.shape.interface {},go.shape.interface {}]]; internal/sync.key go.shape.interface {}; internal/sync.value go.shape.interface {} }]).Load
/home/jules/go/pkg/mod/golang.org/toolchain@v0.0.1-go1.26.5.linux-amd64/src/internal/sync/hashtriemap.go:281:9: inlining call to sync.(*HashTrieMap[go.shape.interface {},go.shape.interface {}]).init
/home/jules/go/pkg/mod/golang.org/toolchain@v0.0.1-go1.26.5.linux-amd64/src/internal/sync/hashtriemap.go:285:33: inlining call to abi.NoEscape
/home/jules/go/pkg/mod/golang.org/toolchain@v0.0.1-go1.26.5.linux-amd64/src/internal/sync/hashtriemap.go:297:23: inlining call to sync.(*node[go.shape.interface {},go.shape.interface {}]).entry
/home/jules/go/pkg/mod/golang.org/toolchain@v0.0.1-go1.26.5.linux-amd64/src/internal/sync/hashtriemap.go:303:12: inlining call to atomic.(*Pointer[go.shape.struct { internal/sync.isEntry bool }]).Store
/home/jules/go/pkg/mod/golang.org/toolchain@v0.0.1-go1.26.5.linux-amd64/src/internal/sync/hashtriemap.go:281:9: inlining call to atomic.(*Uint32).Load
/home/jules/go/pkg/mod/golang.org/toolchain@v0.0.1-go1.26.5.linux-amd64/src/internal/sync/hashtriemap.go:290:20: inlining call to sync.(*Mutex).Unlock
/home/jules/go/pkg/mod/golang.org/toolchain@v0.0.1-go1.26.5.linux-amd64/src/internal/sync/hashtriemap.go:606:20: inlining call to sync.newEntryNode[go.shape.interface {},go.shape.interface {}]
/home/jules/go/pkg/mod/golang.org/toolchain@v0.0.1-go1.26.5.linux-amd64/src/internal/sync/hashtriemap.go:607:33: inlining call to atomic.(*Pointer[go.shape.struct { internal/sync.node = internal/sync.node[go.shape.interface {},go.shape.interface {}]; internal/sync.overflow sync/atomic.Pointer[internal/sync.entry[go.shape.interface {},go.shape.interface {}]]; internal/sync.key go.shape.interface {}; internal/sync.value go.shape.interface {} }]).Load
/home/jules/go/pkg/mod/golang.org/toolchain@v0.0.1-go1.26.5.linux-amd64/src/internal/sync/hashtriemap.go:608:20: inlining call to atomic.(*Pointer[go.shape.struct { internal/sync.node = internal/sync.node[go.shape.interface {},go.shape.interface {}]; internal/sync.overflow sync/atomic.Pointer[internal/sync.entry[go.shape.interface {},go.shape.interface {}]]; internal/sync.key go.shape.interface {}; internal/sync.value go.shape.interface {} }]).Store
/home/jules/go/pkg/mod/golang.org/toolchain@v0.0.1-go1.26.5.linux-amd64/src/internal/sync/hashtriemap.go:613:13: inlining call to atomic.(*Pointer[go.shape.struct { internal/sync.node = internal/sync.node[go.shape.interface {},go.shape.interface {}]; internal/sync.overflow sync/atomic.Pointer[internal/sync.entry[go.shape.interface {},go.shape.interface {}]]; internal/sync.key go.shape.interface {}; internal/sync.value go.shape.interface {} }]).Load
/home/jules/go/pkg/mod/golang.org/toolchain@v0.0.1-go1.26.5.linux-amd64/src/internal/sync/hashtriemap.go:616:24: inlining call to sync.newEntryNode[go.shape.interface {},go.shape.interface {}]
/home/jules/go/pkg/mod/golang.org/toolchain@v0.0.1-go1.26.5.linux-amd64/src/internal/sync/hashtriemap.go:617:39: inlining call to atomic.(*Pointer[go.shape.struct { internal/sync.node = internal/sync.node[go.shape.interface {},go.shape.interface {}]; internal/sync.overflow sync/atomic.Pointer[internal/sync.entry[go.shape.interface {},go.shape.interface {}]]; internal/sync.key go.shape.interface {}; internal/sync.value go.shape.interface {} }]).Load
/home/jules/go/pkg/mod/golang.org/toolchain@v0.0.1-go1.26.5.linux-amd64/src/internal/sync/hashtriemap.go:617:23: inlining call to atomic.(*Pointer[go.shape.struct { internal/sync.node = internal/sync.node[go.shape.interface {},go.shape.interface {}]; internal/sync.overflow sync/atomic.Pointer[internal/sync.entry[go.shape.interface {},go.shape.interface {}]]; internal/sync.key go.shape.interface {}; internal/sync.value go.shape.interface {} }]).Store
/home/jules/go/pkg/mod/golang.org/toolchain@v0.0.1-go1.26.5.linux-amd64/src/internal/sync/hashtriemap.go:618:11: inlining call to atomic.(*Pointer[go.shape.struct { internal/sync.node = internal/sync.node[go.shape.interface {},go.shape.interface {}]; internal/sync.overflow sync/atomic.Pointer[internal/sync.entry[go.shape.interface {},go.shape.interface {}]]; internal/sync.key go.shape.interface {}; internal/sync.value go.shape.interface {} }]).Store
/home/jules/go/pkg/mod/golang.org/toolchain@v0.0.1-go1.26.5.linux-amd64/src/internal/sync/hashtriemap.go:622:22: inlining call to atomic.(*Pointer[go.shape.struct { internal/sync.node = internal/sync.node[go.shape.interface {},go.shape.interface {}]; internal/sync.overflow sync/atomic.Pointer[internal/sync.entry[go.shape.interface {},go.shape.interface {}]]; internal/sync.key go.shape.interface {}; internal/sync.value go.shape.interface {} }]).Load
/home/jules/go/pkg/mod/golang.org/toolchain@v0.0.1-go1.26.5.linux-amd64/src/internal/sync/hashtriemap.go:173:26: inlining call to atomic.(*Pointer[go.shape.struct { internal/sync.node = internal/sync.node[go.shape.interface {},go.shape.interface {}]; internal/sync.overflow sync/atomic.Pointer[internal/sync.entry[go.shape.interface {},go.shape.interface {}]]; internal/sync.key go.shape.interface {}; internal/sync.value go.shape.interface {} }]).Store
/home/jules/go/pkg/mod/golang.org/toolchain@v0.0.1-go1.26.5.linux-amd64/src/internal/sync/hashtriemap.go:177:32: inlining call to sync.newIndirectNode[go.shape.interface {},go.shape.interface {}]
/home/jules/go/pkg/mod/golang.org/toolchain@v0.0.1-go1.26.5.linux-amd64/src/internal/sync/hashtriemap.go:187:34: inlining call to atomic.(*Pointer[go.shape.struct { internal/sync.isEntry bool }]).Store
/home/jules/go/pkg/mod/golang.org/toolchain@v0.0.1-go1.26.5.linux-amd64/src/internal/sync/hashtriemap.go:188:34: inlining call to atomic.(*Pointer[go.shape.struct { internal/sync.isEntry bool }]).Store
/home/jules/go/pkg/mod/golang.org/toolchain@v0.0.1-go1.26.5.linux-amd64/src/internal/sync/hashtriemap.go:191:34: inlining call to sync.newIndirectNode[go.shape.interface {},go.shape.interface {}]
/home/jules/go/pkg/mod/golang.org/toolchain@v0.0.1-go1.26.5.linux-amd64/src/internal/sync/hashtriemap.go:192:33: inlining call to atomic.(*Pointer[go.shape.struct { internal/sync.isEntry bool }]).Store
/home/jules/go/pkg/mod/golang.org/toolchain@v0.0.1-go1.26.5.linux-amd64/src/internal/sync/hashtriemap.go:206:9: inlining call to sync.(*HashTrieMap[go.shape.interface {},go.shape.interface {}]).init
/home/jules/go/pkg/mod/golang.org/toolchain@v0.0.1-go1.26.5.linux-amd64/src/internal/sync/hashtriemap.go:207:33: inlining call to abi.NoEscape
/home/jules/go/pkg/mod/golang.org/toolchain@v0.0.1-go1.26.5.linux-amd64/src/internal/sync/hashtriemap.go:214:19: inlining call to atomic.(*Pointer[go.shape.struct { internal/sync.node = internal/sync.node[go.shape.interface {},go.shape.interface {}]; internal/sync.dead sync/atomic.Bool; internal/sync.mu internal/sync.Mutex; internal/sync.parent *internal/sync.indirect[go.shape.interface {},go.shape.interface {}]; internal/sync.children [16]sync/atomic.Pointer[go.shape.struct { internal/sync.isEntry bool }] }]).Load
/home/jules/go/pkg/mod/golang.org/toolchain@v0.0.1-go1.26.5.linux-amd64/src/internal/sync/hashtriemap.go:221:17: inlining call to atomic.(*Pointer[go.shape.struct { internal/sync.isEntry bool }]).Load
/home/jules/go/pkg/mod/golang.org/toolchain@v0.0.1-go1.26.5.linux-amd64/src/internal/sync/hashtriemap.go:228:18: inlining call to sync.(*node[go.shape.interface {},go.shape.interface {}]).indirect
/home/jules/go/pkg/mod/golang.org/toolchain@v0.0.1-go1.26.5.linux-amd64/src/internal/sync/hashtriemap.go:235:12: inlining call to sync.(*Mutex).Lock
/home/jules/go/pkg/mod/golang.org/toolchain@v0.0.1-go1.26.5.linux-amd64/src/internal/sync/hashtriemap.go:236:16: inlining call to atomic.(*Pointer[go.shape.struct { internal/sync.isEntry bool }]).Load
/home/jules/go/pkg/mod/golang.org/toolchain@v0.0.1-go1.26.5.linux-amd64/src/internal/sync/hashtriemap.go:237:45: inlining call to atomic.(*Bool).Load
/home/jules/go/pkg/mod/golang.org/toolchain@v0.0.1-go1.26.5.linux-amd64/src/internal/sync/hashtriemap.go:242:14: inlining call to sync.(*Mutex).Unlock
/home/jules/go/pkg/mod/golang.org/toolchain@v0.0.1-go1.26.5.linux-amd64/src/internal/sync/hashtriemap.go:255:21: inlining call to sync.(*node[go.shape.interface {},go.shape.interface {}]).entry
/home/jules/go/pkg/mod/golang.org/toolchain@v0.0.1-go1.26.5.linux-amd64/src/internal/sync/hashtriemap.go:258:14: inlining call to atomic.(*Pointer[go.shape.struct { internal/sync.isEntry bool }]).Store
/home/jules/go/pkg/mod/golang.org/toolchain@v0.0.1-go1.26.5.linux-amd64/src/internal/sync/hashtriemap.go:263:26: inlining call to sync.newEntryNode[go.shape.interface {},go.shape.interface {}]
/home/jules/go/pkg/mod/golang.org/toolchain@v0.0.1-go1.26.5.linux-amd64/src/internal/sync/hashtriemap.go:266:13: inlining call to atomic.(*Pointer[go.shape.struct { internal/sync.isEntry bool }]).Store
/home/jules/go/pkg/mod/golang.org/toolchain@v0.0.1-go1.26.5.linux-amd64/src/internal/sync/hashtriemap.go:272:13: inlining call to atomic.(*Pointer[go.shape.struct { internal/sync.isEntry bool }]).Store
/home/jules/go/pkg/mod/golang.org/toolchain@v0.0.1-go1.26.5.linux-amd64/src/internal/sync/hashtriemap.go:206:9: inlining call to atomic.(*Uint32).Load
/home/jules/go/pkg/mod/golang.org/toolchain@v0.0.1-go1.26.5.linux-amd64/src/internal/sync/hashtriemap.go:249:19: inlining call to sync.(*Mutex).Unlock
/home/jules/go/pkg/mod/golang.org/toolchain@v0.0.1-go1.26.5.linux-amd64/src/internal/sync/hashtriemap.go:584:22: inlining call to atomic.(*Pointer[go.shape.struct { internal/sync.node = internal/sync.node[go.shape.interface {},go.shape.interface {}]; internal/sync.overflow sync/atomic.Pointer[internal/sync.entry[go.shape.interface {},go.shape.interface {}]]; internal/sync.key go.shape.interface {}; internal/sync.value go.shape.interface {} }]).Load
/home/jules/go/pkg/mod/golang.org/toolchain@v0.0.1-go1.26.5.linux-amd64/src/internal/sync/hashtriemap.go:89:9: inlining call to sync.(*HashTrieMap[go.shape.interface {},go.shape.interface {}]).init
/home/jules/go/pkg/mod/golang.org/toolchain@v0.0.1-go1.26.5.linux-amd64/src/internal/sync/hashtriemap.go:90:33: inlining call to abi.NoEscape
/home/jules/go/pkg/mod/golang.org/toolchain@v0.0.1-go1.26.5.linux-amd64/src/internal/sync/hashtriemap.go:97:19: inlining call to atomic.(*Pointer[go.shape.struct { internal/sync.node = internal/sync.node[go.shape.interface {},go.shape.interface {}]; internal/sync.dead sync/atomic.Bool; internal/sync.mu internal/sync.Mutex; internal/sync.parent *internal/sync.indirect[go.shape.interface {},go.shape.interface {}]; internal/sync.children [16]sync/atomic.Pointer[go.shape.struct { internal/sync.isEntry bool }] }]).Load
/home/jules/go/pkg/mod/golang.org/toolchain@v0.0.1-go1.26.5.linux-amd64/src/internal/sync/hashtriemap.go:104:17: inlining call to atomic.(*Pointer[go.shape.struct { internal/sync.isEntry bool }]).Load
/home/jules/go/pkg/mod/golang.org/toolchain@v0.0.1-go1.26.5.linux-amd64/src/internal/sync/hashtriemap.go:114:24: inlining call to sync.(*node[go.shape.interface {},go.shape.interface {}]).entry
/home/jules/go/pkg/mod/golang.org/toolchain@v0.0.1-go1.26.5.linux-amd64/src/internal/sync/hashtriemap.go:114:33: inlining call to sync.(*entry[go.shape.interface {},go.shape.interface {}]).lookup
/home/jules/go/pkg/mod/golang.org/toolchain@v0.0.1-go1.26.5.linux-amd64/src/internal/sync/hashtriemap.go:120:18: inlining call to sync.(*node[go.shape.interface {},go.shape.interface {}]).indirect
/home/jules/go/pkg/mod/golang.org/toolchain@v0.0.1-go1.26.5.linux-amd64/src/internal/sync/hashtriemap.go:127:12: inlining call to sync.(*Mutex).Lock
/home/jules/go/pkg/mod/golang.org/toolchain@v0.0.1-go1.26.5.linux-amd64/src/internal/sync/hashtriemap.go:128:16: inlining call to atomic.(*Pointer[go.shape.struct { internal/sync.isEntry bool }]).Load
/home/jules/go/pkg/mod/golang.org/toolchain@v0.0.1-go1.26.5.linux-amd64/src/internal/sync/hashtriemap.go:129:45: inlining call to atomic.(*Bool).Load
/home/jules/go/pkg/mod/golang.org/toolchain@v0.0.1-go1.26.5.linux-amd64/src/internal/sync/hashtriemap.go:134:14: inlining call to sync.(*Mutex).Unlock
/home/jules/go/pkg/mod/golang.org/toolchain@v0.0.1-go1.26.5.linux-amd64/src/internal/sync/hashtriemap.go:145:21: inlining call to sync.(*node[go.shape.interface {},go.shape.interface {}]).entry
/home/jules/go/pkg/mod/golang.org/toolchain@v0.0.1-go1.26.5.linux-amd64/src/internal/sync/hashtriemap.go:146:30: inlining call to sync.(*entry[go.shape.interface {},go.shape.interface {}]).lookup
/home/jules/go/pkg/mod/golang.org/toolchain@v0.0.1-go1.26.5.linux-amd64/src/internal/sync/hashtriemap.go:151:26: inlining call to sync.newEntryNode[go.shape.interface {},go.shape.interface {}]
/home/jules/go/pkg/mod/golang.org/toolchain@v0.0.1-go1.26.5.linux-amd64/src/internal/sync/hashtriemap.go:154:13: inlining call to atomic.(*Pointer[go.shape.struct { internal/sync.isEntry bool }]).Store
/home/jules/go/pkg/mod/golang.org/toolchain@v0.0.1-go1.26.5.linux-amd64/src/internal/sync/hashtriemap.go:160:13: inlining call to atomic.(*Pointer[go.shape.struct { internal/sync.isEntry bool }]).Store
/home/jules/go/pkg/mod/golang.org/toolchain@v0.0.1-go1.26.5.linux-amd64/src/internal/sync/hashtriemap.go:89:9: inlining call to atomic.(*Uint32).Load
/home/jules/go/pkg/mod/golang.org/toolchain@v0.0.1-go1.26.5.linux-amd64/src/internal/sync/hashtriemap.go:114:33: inlining call to atomic.(*Pointer[go.shape.struct { internal/sync.node = internal/sync.node[go.shape.interface {},go.shape.interface {}]; internal/sync.overflow sync/atomic.Pointer[internal/sync.entry[go.shape.interface {},go.shape.interface {}]]; internal/sync.key go.shape.interface {}; internal/sync.value go.shape.interface {} }]).Load
/home/jules/go/pkg/mod/golang.org/toolchain@v0.0.1-go1.26.5.linux-amd64/src/internal/sync/hashtriemap.go:146:30: inlining call to atomic.(*Pointer[go.shape.struct { internal/sync.node = internal/sync.node[go.shape.interface {},go.shape.interface {}]; internal/sync.overflow sync/atomic.Pointer[internal/sync.entry[go.shape.interface {},go.shape.interface {}]]; internal/sync.key go.shape.interface {}; internal/sync.value go.shape.interface {} }]).Load
/home/jules/go/pkg/mod/golang.org/toolchain@v0.0.1-go1.26.5.linux-amd64/src/internal/sync/hashtriemap.go:141:19: inlining call to sync.(*Mutex).Unlock
/home/jules/go/pkg/mod/golang.org/toolchain@v0.0.1-go1.26.5.linux-amd64/src/internal/sync/hashtriemap.go:65:9: inlining call to sync.(*HashTrieMap[go.shape.interface {},go.shape.interface {}]).init
/home/jules/go/pkg/mod/golang.org/toolchain@v0.0.1-go1.26.5.linux-amd64/src/internal/sync/hashtriemap.go:66:33: inlining call to abi.NoEscape
/home/jules/go/pkg/mod/golang.org/toolchain@v0.0.1-go1.26.5.linux-amd64/src/internal/sync/hashtriemap.go:68:19: inlining call to atomic.(*Pointer[go.shape.struct { internal/sync.node = internal/sync.node[go.shape.interface {},go.shape.interface {}]; internal/sync.dead sync/atomic.Bool; internal/sync.mu internal/sync.Mutex; internal/sync.parent *internal/sync.indirect[go.shape.interface {},go.shape.interface {}]; internal/sync.children [16]sync/atomic.Pointer[go.shape.struct { internal/sync.isEntry bool }] }]).Load
/home/jules/go/pkg/mod/golang.org/toolchain@v0.0.1-go1.26.5.linux-amd64/src/internal/sync/hashtriemap.go:73:56: inlining call to atomic.(*Pointer[go.shape.struct { internal/sync.isEntry bool }]).Load
/home/jules/go/pkg/mod/golang.org/toolchain@v0.0.1-go1.26.5.linux-amd64/src/internal/sync/hashtriemap.go:78:18: inlining call to sync.(*node[go.shape.interface {},go.shape.interface {}]).entry
/home/jules/go/pkg/mod/golang.org/toolchain@v0.0.1-go1.26.5.linux-amd64/src/internal/sync/hashtriemap.go:78:27: inlining call to sync.(*entry[go.shape.interface {},go.shape.interface {}]).lookup
/home/jules/go/pkg/mod/golang.org/toolchain@v0.0.1-go1.26.5.linux-amd64/src/internal/sync/hashtriemap.go:80:17: inlining call to sync.(*node[go.shape.interface {},go.shape.interface {}]).indirect
/home/jules/go/pkg/mod/golang.org/toolchain@v0.0.1-go1.26.5.linux-amd64/src/internal/sync/hashtriemap.go:65:9: inlining call to atomic.(*Uint32).Load
/home/jules/go/pkg/mod/golang.org/toolchain@v0.0.1-go1.26.5.linux-amd64/src/internal/sync/hashtriemap.go:78:27: inlining call to atomic.(*Pointer[go.shape.struct { internal/sync.node = internal/sync.node[go.shape.interface {},go.shape.interface {}]; internal/sync.overflow sync/atomic.Pointer[internal/sync.entry[go.shape.interface {},go.shape.interface {}]]; internal/sync.key go.shape.interface {}; internal/sync.value go.shape.interface {} }]).Load
/home/jules/go/pkg/mod/golang.org/toolchain@v0.0.1-go1.26.5.linux-amd64/src/internal/sync/hashtriemap.go:359:6: inlining call to sync.(*HashTrieMap[go.shape.interface {},go.shape.interface {}]).Delete
/home/jules/go/pkg/mod/golang.org/toolchain@v0.0.1-go1.26.5.linux-amd64/src/internal/sync/hashtriemap.go:199:6: inlining call to sync.(*HashTrieMap[go.shape.interface {},go.shape.interface {}]).Store
/home/jules/go/pkg/mod/golang.org/toolchain@v0.0.1-go1.26.5.linux-amd64/src/internal/sync/hashtriemap.go:30:6: inlining call to sync.(*HashTrieMap[go.shape.interface {},go.shape.interface {}]).init
/home/jules/go/pkg/mod/golang.org/toolchain@v0.0.1-go1.26.5.linux-amd64/src/internal/sync/hashtriemap.go:30:6: inlining call to atomic.(*Uint32).Load
/home/jules/go/pkg/mod/golang.org/toolchain@v0.0.1-go1.26.5.linux-amd64/src/sync/atomic/type.go:67:6: inlining call to atomic.(*Pointer[go.shape.struct { internal/sync.node = internal/sync.node[interface {},interface {}]; internal/sync.dead sync/atomic.Bool; internal/sync.mu internal/sync.Mutex; internal/sync.parent *internal/sync.indirect[interface {},interface {}]; internal/sync.children [16]sync/atomic.Pointer[internal/sync.node[interface {},interface {}]] }]).CompareAndSwap
/home/jules/go/pkg/mod/golang.org/toolchain@v0.0.1-go1.26.5.linux-amd64/src/sync/atomic/type.go:64:6: inlining call to atomic.(*Pointer[go.shape.struct { internal/sync.node = internal/sync.node[interface {},interface {}]; internal/sync.dead sync/atomic.Bool; internal/sync.mu internal/sync.Mutex; internal/sync.parent *internal/sync.indirect[interface {},interface {}]; internal/sync.children [16]sync/atomic.Pointer[internal/sync.node[interface {},interface {}]] }]).Swap
/home/jules/go/pkg/mod/golang.org/toolchain@v0.0.1-go1.26.5.linux-amd64/src/sync/atomic/type.go:61:6: inlining call to atomic.(*Pointer[go.shape.struct { internal/sync.node = internal/sync.node[interface {},interface {}]; internal/sync.dead sync/atomic.Bool; internal/sync.mu internal/sync.Mutex; internal/sync.parent *internal/sync.indirect[interface {},interface {}]; internal/sync.children [16]sync/atomic.Pointer[internal/sync.node[interface {},interface {}]] }]).Store
/home/jules/go/pkg/mod/golang.org/toolchain@v0.0.1-go1.26.5.linux-amd64/src/sync/atomic/type.go:58:6: inlining call to atomic.(*Pointer[go.shape.struct { internal/sync.node = internal/sync.node[interface {},interface {}]; internal/sync.dead sync/atomic.Bool; internal/sync.mu internal/sync.Mutex; internal/sync.parent *internal/sync.indirect[interface {},interface {}]; internal/sync.children [16]sync/atomic.Pointer[internal/sync.node[interface {},interface {}]] }]).Load
/home/jules/go/pkg/mod/golang.org/toolchain@v0.0.1-go1.26.5.linux-amd64/src/internal/sync/hashtriemap.go:553:6: inlining call to sync.(*indirect[go.shape.interface {},go.shape.interface {}]).empty
/home/jules/go/pkg/mod/golang.org/toolchain@v0.0.1-go1.26.5.linux-amd64/src/internal/sync/hashtriemap.go:553:6: inlining call to atomic.(*Pointer[go.shape.struct { internal/sync.isEntry bool }]).Load
/home/jules/go/pkg/mod/golang.org/toolchain@v0.0.1-go1.26.5.linux-amd64/src/sync/atomic/type.go:67:6: inlining call to atomic.(*Pointer[go.shape.struct { internal/sync.isEntry bool }]).CompareAndSwap
/home/jules/go/pkg/mod/golang.org/toolchain@v0.0.1-go1.26.5.linux-amd64/src/sync/atomic/type.go:64:6: inlining call to atomic.(*Pointer[go.shape.struct { internal/sync.isEntry bool }]).Swap
/home/jules/go/pkg/mod/golang.org/toolchain@v0.0.1-go1.26.5.linux-amd64/src/sync/atomic/type.go:61:6: inlining call to atomic.(*Pointer[go.shape.struct { internal/sync.isEntry bool }]).Store
/home/jules/go/pkg/mod/golang.org/toolchain@v0.0.1-go1.26.5.linux-amd64/src/sync/atomic/type.go:58:6: inlining call to atomic.(*Pointer[go.shape.struct { internal/sync.isEntry bool }]).Load
/home/jules/go/pkg/mod/golang.org/toolchain@v0.0.1-go1.26.5.linux-amd64/src/internal/sync/hashtriemap.go:713:6: inlining call to sync.(*node[go.shape.interface {},go.shape.interface {}]).indirect
/home/jules/go/pkg/mod/golang.org/toolchain@v0.0.1-go1.26.5.linux-amd64/src/internal/sync/hashtriemap.go:706:6: inlining call to sync.(*node[go.shape.interface {},go.shape.interface {}]).entry
/home/jules/go/pkg/mod/golang.org/toolchain@v0.0.1-go1.26.5.linux-amd64/src/internal/sync/hashtriemap.go:589:6: inlining call to sync.(*entry[go.shape.interface {},go.shape.interface {}]).lookupWithValue
/home/jules/go/pkg/mod/golang.org/toolchain@v0.0.1-go1.26.5.linux-amd64/src/internal/sync/hashtriemap.go:589:6: inlining call to abi.NoEscape
/home/jules/go/pkg/mod/golang.org/toolchain@v0.0.1-go1.26.5.linux-amd64/src/internal/sync/hashtriemap.go:589:6: inlining call to atomic.(*Pointer[go.shape.struct { internal/sync.node = internal/sync.node[go.shape.interface {},go.shape.interface {}]; internal/sync.overflow sync/atomic.Pointer[internal/sync.entry[go.shape.interface {},go.shape.interface {}]]; internal/sync.key go.shape.interface {}; internal/sync.value go.shape.interface {} }]).Load
/home/jules/go/pkg/mod/golang.org/toolchain@v0.0.1-go1.26.5.linux-amd64/src/internal/sync/hashtriemap.go:579:6: inlining call to sync.(*entry[go.shape.interface {},go.shape.interface {}]).lookup
/home/jules/go/pkg/mod/golang.org/toolchain@v0.0.1-go1.26.5.linux-amd64/src/internal/sync/hashtriemap.go:579:6: inlining call to atomic.(*Pointer[go.shape.struct { internal/sync.node = internal/sync.node[go.shape.interface {},go.shape.interface {}]; internal/sync.overflow sync/atomic.Pointer[internal/sync.entry[go.shape.interface {},go.shape.interface {}]]; internal/sync.key go.shape.interface {}; internal/sync.value go.shape.interface {} }]).Load
/home/jules/go/pkg/mod/golang.org/toolchain@v0.0.1-go1.26.5.linux-amd64/src/sync/atomic/type.go:67:6: inlining call to atomic.(*Pointer[go.shape.struct { internal/sync.node = internal/sync.node[interface {},interface {}]; internal/sync.overflow sync/atomic.Pointer[internal/sync.entry[interface {},interface {}]]; internal/sync.key interface {}; internal/sync.value interface {} }]).CompareAndSwap
/home/jules/go/pkg/mod/golang.org/toolchain@v0.0.1-go1.26.5.linux-amd64/src/sync/atomic/type.go:64:6: inlining call to atomic.(*Pointer[go.shape.struct { internal/sync.node = internal/sync.node[interface {},interface {}]; internal/sync.overflow sync/atomic.Pointer[internal/sync.entry[interface {},interface {}]]; internal/sync.key interface {}; internal/sync.value interface {} }]).Swap
/home/jules/go/pkg/mod/golang.org/toolchain@v0.0.1-go1.26.5.linux-amd64/src/sync/atomic/type.go:61:6: inlining call to atomic.(*Pointer[go.shape.struct { internal/sync.node = internal/sync.node[interface {},interface {}]; internal/sync.overflow sync/atomic.Pointer[internal/sync.entry[interface {},interface {}]]; internal/sync.key interface {}; internal/sync.value interface {} }]).Store
/home/jules/go/pkg/mod/golang.org/toolchain@v0.0.1-go1.26.5.linux-amd64/src/sync/atomic/type.go:58:6: inlining call to atomic.(*Pointer[go.shape.struct { internal/sync.node = internal/sync.node[interface {},interface {}]; internal/sync.overflow sync/atomic.Pointer[internal/sync.entry[interface {},interface {}]]; internal/sync.key interface {}; internal/sync.value interface {} }]).Load
<autogenerated>:1: inlining call to sync.(*node[interface {},interface {}]).entry
<autogenerated>:1: inlining call to sync.(*node[go.shape.interface {},go.shape.interface {}]).entry
<autogenerated>:1: inlining call to sync.(*node[interface {},interface {}]).indirect
<autogenerated>:1: inlining call to sync.(*node[go.shape.interface {},go.shape.interface {}]).indirect
<autogenerated>:1: inlining call to sync.(*node[interface {},interface {}]).entry
<autogenerated>:1: inlining call to sync.(*node[go.shape.interface {},go.shape.interface {}]).entry
<autogenerated>:1: inlining call to sync.(*node[interface {},interface {}]).indirect
<autogenerated>:1: inlining call to sync.(*node[go.shape.interface {},go.shape.interface {}]).indirect
<autogenerated>:1: inlining call to sync.(*node[go.shape.interface {},go.shape.interface {}]).entry
<autogenerated>:1: inlining call to sync.(*node[go.shape.interface {},go.shape.interface {}]).indirect
<autogenerated>:1: inlining call to sync.(*node[go.shape.interface {},go.shape.interface {}]).entry
<autogenerated>:1: inlining call to sync.(*node[go.shape.interface {},go.shape.interface {}]).indirect
<autogenerated>:1: inlining call to sync.(*node[go.shape.interface {},go.shape.interface {}]).entry
<autogenerated>:1: inlining call to sync.(*node[go.shape.interface {},go.shape.interface {}]).indirect
<autogenerated>:1: inlining call to sync.(*node[interface {},interface {}]).entry
<autogenerated>:1: inlining call to sync.(*node[go.shape.interface {},go.shape.interface {}]).entry
<autogenerated>:1: inlining call to sync.(*node[interface {},interface {}]).indirect
<autogenerated>:1: inlining call to sync.(*node[go.shape.interface {},go.shape.interface {}]).indirect
<autogenerated>:1: inlining call to sync.(*node[interface {},interface {}]).entry
<autogenerated>:1: inlining call to sync.(*node[go.shape.interface {},go.shape.interface {}]).entry
<autogenerated>:1: inlining call to sync.(*node[interface {},interface {}]).indirect
<autogenerated>:1: inlining call to sync.(*node[go.shape.interface {},go.shape.interface {}]).indirect
<autogenerated>:1: inlining call to sync.(*node[go.shape.interface {},go.shape.interface {}]).entry
<autogenerated>:1: inlining call to sync.(*node[go.shape.interface {},go.shape.interface {}]).indirect
cachekit/memory.go:67:7: leaking param: c
cachekit/memory.go:77:24: append does not escape
cachekit/memory.go:51:7: leaking param: c
cachekit/memory.go:37:7: &InMemoryCache{...} escapes to heap
cachekit/memory.go:38:15: make(map[string]cacheItem) escapes to heap
cachekit/memory.go:104:7: leaking param: c
cachekit/memory.go:105:17: func literal does not escape
cachekit/memory.go:116:7: leaking param: c
cachekit/memory.go:116:29: leaking param: ctx
cachekit/memory.go:116:50: leaking param: key
cachekit/memory.go:116:62: value does not escape
cachekit/memory.go:127:17: make([]byte, len(value)) escapes to heap
cachekit/memory.go:145:7: leaking param: c
cachekit/memory.go:145:29: leaking param: ctx
cachekit/memory.go:145:50: key does not escape
cachekit/memory.go:170:17: make([]byte, len(item.value)) escapes to heap
cachekit/memory.go:180:7: leaking param: c
cachekit/memory.go:180:32: leaking param: ctx
cachekit/memory.go:180:53: key does not escape
cachekit/redis.go:27:20: leaking param: client
cachekit/redis.go:28:9: &RedisCache{...} escapes to heap
cachekit/redis.go:38:7: c does not escape
cachekit/redis.go:38:26: leaking param: ctx
cachekit/redis.go:38:47: leaking param: key
cachekit/redis.go:38:59: leaking param: value
cachekit/redis.go:39:32: value escapes to heap
cachekit/redis.go:51:7: c does not escape
cachekit/redis.go:51:26: leaking param: ctx
cachekit/redis.go:51:47: leaking param: key
cachekit/redis.go:52:26: ... argument escapes to heap
cachekit/redis.go:52:26: "get" escapes to heap
cachekit/redis.go:52:26: redis.key escapes to heap
cachekit/redis.go:52:26: &redis.StringCmd{...} escapes to heap
cachekit/redis.go:54:26: proto.RedisError("redis: nil") escapes to heap
cachekit/redis.go:66:7: c does not escape
cachekit/redis.go:66:29: leaking param: ctx
cachekit/redis.go:66:50: leaking param: key
cachekit/redis.go:67:21: ... argument does not escape
cachekit/redis.go:67:21: make([]interface {}, 1 + len(redis.keys)) escapes to heap
cachekit/redis.go:67:21: "del" escapes to heap
cachekit/redis.go:67:21: redis.key escapes to heap
cachekit/redis.go:67:21: &redis.IntCmd{...} escapes to heap
/home/jules/go/pkg/mod/golang.org/toolchain@v0.0.1-go1.26.5.linux-amd64/src/internal/sync/hashtriemap.go:50:37: &sync.indirect[go.shape.interface {},go.shape.interface {}]{...} escapes to heap
/home/jules/go/pkg/mod/golang.org/toolchain@v0.0.1-go1.26.5.linux-amd64/src/internal/sync/hashtriemap.go:527:37: &sync.indirect[go.shape.interface {},go.shape.interface {}]{...} escapes to heap
/home/jules/go/pkg/mod/golang.org/toolchain@v0.0.1-go1.26.5.linux-amd64/src/internal/sync/hashtriemap.go:550:9: &sync.indirect[go.shape.interface {},go.shape.interface {}]{...} escapes to heap
/home/jules/go/pkg/mod/golang.org/toolchain@v0.0.1-go1.26.5.linux-amd64/src/internal/sync/hashtriemap.go:505:26: "called indirect on entry node" escapes to heap
/home/jules/go/pkg/mod/golang.org/toolchain@v0.0.1-go1.26.5.linux-amd64/src/internal/sync/hashtriemap.go:510:15: "called entry on non-entry node" escapes to heap
/home/jules/go/pkg/mod/golang.org/toolchain@v0.0.1-go1.26.5.linux-amd64/src/internal/sync/hashtriemap.go:483:9: func literal escapes to heap
/home/jules/go/pkg/mod/golang.org/toolchain@v0.0.1-go1.26.5.linux-amd64/src/internal/sync/hashtriemap.go:444:24: "called entry on non-entry node" escapes to heap
/home/jules/go/pkg/mod/golang.org/toolchain@v0.0.1-go1.26.5.linux-amd64/src/internal/sync/hashtriemap.go:444:42: new(<node DYNAMICTYPE>) does not escape
/home/jules/go/pkg/mod/golang.org/toolchain@v0.0.1-go1.26.5.linux-amd64/src/internal/sync/hashtriemap.go:454:18: "called indirect on entry node" escapes to heap
/home/jules/go/pkg/mod/golang.org/toolchain@v0.0.1-go1.26.5.linux-amd64/src/internal/sync/hashtriemap.go:457:10: "internal/sync.HashTrieMap: ran out of hash bits while iterating" escapes to heap
/home/jules/go/pkg/mod/golang.org/toolchain@v0.0.1-go1.26.5.linux-amd64/src/internal/sync/hashtriemap.go:371:9: "called CompareAndDelete when value is not of comparable type" escapes to heap
/home/jules/go/pkg/mod/golang.org/toolchain@v0.0.1-go1.26.5.linux-amd64/src/internal/sync/hashtriemap.go:376:55: new(<node DYNAMICTYPE>) does not escape
/home/jules/go/pkg/mod/golang.org/toolchain@v0.0.1-go1.26.5.linux-amd64/src/internal/sync/hashtriemap.go:385:23: "called entry on non-entry node" escapes to heap
/home/jules/go/pkg/mod/golang.org/toolchain@v0.0.1-go1.26.5.linux-amd64/src/internal/sync/hashtriemap.go:404:10: "internal/sync.HashTrieMap: ran out of hash bits while iterating" escapes to heap
/home/jules/go/pkg/mod/golang.org/toolchain@v0.0.1-go1.26.5.linux-amd64/src/internal/sync/hashtriemap.go:675:13: new(<node DYNAMICTYPE>) does not escape
/home/jules/go/pkg/mod/golang.org/toolchain@v0.0.1-go1.26.5.linux-amd64/src/internal/sync/hashtriemap.go:314:55: new(<node DYNAMICTYPE>) does not escape
/home/jules/go/pkg/mod/golang.org/toolchain@v0.0.1-go1.26.5.linux-amd64/src/internal/sync/hashtriemap.go:319:14: new(<node DYNAMICTYPE>) does not escape
/home/jules/go/pkg/mod/golang.org/toolchain@v0.0.1-go1.26.5.linux-amd64/src/internal/sync/hashtriemap.go:323:25: "called entry on non-entry node" escapes to heap
/home/jules/go/pkg/mod/golang.org/toolchain@v0.0.1-go1.26.5.linux-amd64/src/internal/sync/hashtriemap.go:327:14: new(<node DYNAMICTYPE>) does not escape
/home/jules/go/pkg/mod/golang.org/toolchain@v0.0.1-go1.26.5.linux-amd64/src/internal/sync/hashtriemap.go:342:10: "internal/sync.HashTrieMap: ran out of hash bits while iterating" escapes to heap
/home/jules/go/pkg/mod/golang.org/toolchain@v0.0.1-go1.26.5.linux-amd64/src/internal/sync/hashtriemap.go:635:20: &sync.entry[go.shape.interface {},go.shape.interface {}]{...} escapes to heap
/home/jules/go/pkg/mod/golang.org/toolchain@v0.0.1-go1.26.5.linux-amd64/src/internal/sync/hashtriemap.go:645:24: &sync.entry[go.shape.interface {},go.shape.interface {}]{...} escapes to heap
/home/jules/go/pkg/mod/golang.org/toolchain@v0.0.1-go1.26.5.linux-amd64/src/internal/sync/hashtriemap.go:283:9: "called CompareAndSwap when value is not of comparable type" escapes to heap
/home/jules/go/pkg/mod/golang.org/toolchain@v0.0.1-go1.26.5.linux-amd64/src/internal/sync/hashtriemap.go:297:23: "called entry on non-entry node" escapes to heap
/home/jules/go/pkg/mod/golang.org/toolchain@v0.0.1-go1.26.5.linux-amd64/src/internal/sync/hashtriemap.go:606:20: &sync.entry[go.shape.interface {},go.shape.interface {}]{...} escapes to heap
/home/jules/go/pkg/mod/golang.org/toolchain@v0.0.1-go1.26.5.linux-amd64/src/internal/sync/hashtriemap.go:616:24: &sync.entry[go.shape.interface {},go.shape.interface {}]{...} escapes to heap
/home/jules/go/pkg/mod/golang.org/toolchain@v0.0.1-go1.26.5.linux-amd64/src/internal/sync/hashtriemap.go:177:32: &sync.indirect[go.shape.interface {},go.shape.interface {}]{...} escapes to heap
/home/jules/go/pkg/mod/golang.org/toolchain@v0.0.1-go1.26.5.linux-amd64/src/internal/sync/hashtriemap.go:181:10: "internal/sync.HashTrieMap: ran out of hash bits while inserting (inc... escapes to heap
/home/jules/go/pkg/mod/golang.org/toolchain@v0.0.1-go1.26.5.linux-amd64/src/internal/sync/hashtriemap.go:191:34: &sync.indirect[go.shape.interface {},go.shape.interface {}]{...} escapes to heap
/home/jules/go/pkg/mod/golang.org/toolchain@v0.0.1-go1.26.5.linux-amd64/src/internal/sync/hashtriemap.go:228:18: "called indirect on entry node" escapes to heap
/home/jules/go/pkg/mod/golang.org/toolchain@v0.0.1-go1.26.5.linux-amd64/src/internal/sync/hashtriemap.go:231:10: "internal/sync.HashTrieMap: ran out of hash bits while iterating" escapes to heap
/home/jules/go/pkg/mod/golang.org/toolchain@v0.0.1-go1.26.5.linux-amd64/src/internal/sync/hashtriemap.go:255:21: "called entry on non-entry node" escapes to heap
/home/jules/go/pkg/mod/golang.org/toolchain@v0.0.1-go1.26.5.linux-amd64/src/internal/sync/hashtriemap.go:263:26: &sync.entry[go.shape.interface {},go.shape.interface {}]{...} escapes to heap
/home/jules/go/pkg/mod/golang.org/toolchain@v0.0.1-go1.26.5.linux-amd64/src/internal/sync/hashtriemap.go:572:9: &sync.entry[go.shape.interface {},go.shape.interface {}]{...} escapes to heap
/home/jules/go/pkg/mod/golang.org/toolchain@v0.0.1-go1.26.5.linux-amd64/src/internal/sync/hashtriemap.go:114:24: "called entry on non-entry node" escapes to heap
/home/jules/go/pkg/mod/golang.org/toolchain@v0.0.1-go1.26.5.linux-amd64/src/internal/sync/hashtriemap.go:114:33: new(<node DYNAMICTYPE>) does not escape
/home/jules/go/pkg/mod/golang.org/toolchain@v0.0.1-go1.26.5.linux-amd64/src/internal/sync/hashtriemap.go:120:18: "called indirect on entry node" escapes to heap
/home/jules/go/pkg/mod/golang.org/toolchain@v0.0.1-go1.26.5.linux-amd64/src/internal/sync/hashtriemap.go:123:10: "internal/sync.HashTrieMap: ran out of hash bits while iterating" escapes to heap
/home/jules/go/pkg/mod/golang.org/toolchain@v0.0.1-go1.26.5.linux-amd64/src/internal/sync/hashtriemap.go:145:21: "called entry on non-entry node" escapes to heap
/home/jules/go/pkg/mod/golang.org/toolchain@v0.0.1-go1.26.5.linux-amd64/src/internal/sync/hashtriemap.go:146:30: new(<node DYNAMICTYPE>) does not escape
/home/jules/go/pkg/mod/golang.org/toolchain@v0.0.1-go1.26.5.linux-amd64/src/internal/sync/hashtriemap.go:151:26: &sync.entry[go.shape.interface {},go.shape.interface {}]{...} escapes to heap
/home/jules/go/pkg/mod/golang.org/toolchain@v0.0.1-go1.26.5.linux-amd64/src/internal/sync/hashtriemap.go:75:15: new(<node DYNAMICTYPE>) does not escape
/home/jules/go/pkg/mod/golang.org/toolchain@v0.0.1-go1.26.5.linux-amd64/src/internal/sync/hashtriemap.go:78:18: "called entry on non-entry node" escapes to heap
/home/jules/go/pkg/mod/golang.org/toolchain@v0.0.1-go1.26.5.linux-amd64/src/internal/sync/hashtriemap.go:78:27: new(<node DYNAMICTYPE>) does not escape
/home/jules/go/pkg/mod/golang.org/toolchain@v0.0.1-go1.26.5.linux-amd64/src/internal/sync/hashtriemap.go:80:17: "called indirect on entry node" escapes to heap
/home/jules/go/pkg/mod/golang.org/toolchain@v0.0.1-go1.26.5.linux-amd64/src/internal/sync/hashtriemap.go:82:8: "internal/sync.HashTrieMap: ran out of hash bits while iterating" escapes to heap
/home/jules/go/pkg/mod/golang.org/toolchain@v0.0.1-go1.26.5.linux-amd64/src/internal/sync/hashtriemap.go:715:9: "called indirect on entry node" escapes to heap
/home/jules/go/pkg/mod/golang.org/toolchain@v0.0.1-go1.26.5.linux-amd64/src/internal/sync/hashtriemap.go:708:9: "called entry on non-entry node" escapes to heap
/home/jules/go/pkg/mod/golang.org/toolchain@v0.0.1-go1.26.5.linux-amd64/src/internal/sync/hashtriemap.go:596:13: new(<node DYNAMICTYPE>) does not escape
/home/jules/go/pkg/mod/golang.org/toolchain@v0.0.1-go1.26.5.linux-amd64/src/internal/sync/hashtriemap.go:586:13: new(<node DYNAMICTYPE>) does not escape
/home/jules/go/pkg/mod/golang.org/toolchain@v0.0.1-go1.26.5.linux-amd64/src/internal/sync/hashtriemap.go:713:6: "called indirect on entry node" escapes to heap
/home/jules/go/pkg/mod/golang.org/toolchain@v0.0.1-go1.26.5.linux-amd64/src/internal/sync/hashtriemap.go:706:6: "called entry on non-entry node" escapes to heap
/home/jules/go/pkg/mod/golang.org/toolchain@v0.0.1-go1.26.5.linux-amd64/src/internal/sync/hashtriemap.go:589:6: new(<node DYNAMICTYPE>) does not escape
/home/jules/go/pkg/mod/golang.org/toolchain@v0.0.1-go1.26.5.linux-amd64/src/internal/sync/hashtriemap.go:579:6: new(<node DYNAMICTYPE>) does not escape
<autogenerated>:1: "called entry on non-entry node" escapes to heap
<autogenerated>:1: "called indirect on entry node" escapes to heap
<autogenerated>:1: "called entry on non-entry node" escapes to heap
<autogenerated>:1: "called indirect on entry node" escapes to heap
<autogenerated>:1: "called entry on non-entry node" escapes to heap
<autogenerated>:1: "called indirect on entry node" escapes to heap
<autogenerated>:1: "called entry on non-entry node" escapes to heap
<autogenerated>:1: "called indirect on entry node" escapes to heap
<autogenerated>:1: "called entry on non-entry node" escapes to heap
<autogenerated>:1: "called indirect on entry node" escapes to heap
<autogenerated>:1: "called entry on non-entry node" escapes to heap
<autogenerated>:1: "called indirect on entry node" escapes to heap
<autogenerated>:1: "called entry on non-entry node" escapes to heap
<autogenerated>:1: "called indirect on entry node" escapes to heap
<autogenerated>:1: "called entry on non-entry node" escapes to heap
<autogenerated>:1: "called indirect on entry node" escapes to heap
/home/jules/go/pkg/mod/golang.org/toolchain@v0.0.1-go1.26.5.linux-amd64/src/internal/sync/hashtriemap.go:435:22: index bounds check elided
/home/jules/go/pkg/mod/golang.org/toolchain@v0.0.1-go1.26.5.linux-amd64/src/internal/sync/hashtriemap.go:412:18: index bounds check elided
/home/jules/go/pkg/mod/golang.org/toolchain@v0.0.1-go1.26.5.linux-amd64/src/internal/sync/hashtriemap.go:350:18: index bounds check elided
/home/jules/go/pkg/mod/golang.org/toolchain@v0.0.1-go1.26.5.linux-amd64/src/internal/sync/hashtriemap.go:220:22: index bounds check elided
/home/jules/go/pkg/mod/golang.org/toolchain@v0.0.1-go1.26.5.linux-amd64/src/internal/sync/hashtriemap.go:103:22: index bounds check elided
/home/jules/go/pkg/mod/golang.org/toolchain@v0.0.1-go1.26.5.linux-amd64/src/internal/sync/hashtriemap.go:73:18: index bounds check elided
# github.com/gabrielima7/GopherCore/async
async/async.go:38:6: can inline (*PanicError).Error
async/async.go:106:6: can inline NewGroup
async/async.go:119:3: can inline (*Group).Go.func1.deferwrap1
async/async.go:151:2: can inline (*Group).Wait.deferwrap1
async/queue.go:39:6: can inline NewQueueServer
async/queue.go:52:2: can inline (*QueueServer).HandleFunc.deferwrap1
async/queue.go:90:6: can inline (*QueueServer).Stop
async/queue.go:106:6: can inline NewQueueClient
async/queue.go:138:6: can inline (*QueueClient).Close
/home/jules/go/pkg/mod/golang.org/toolchain@v0.0.1-go1.26.5.linux-amd64/src/sync/atomic/type.go:67:6: can inline atomic.(*Pointer[go.shape.struct { internal/sync.node = internal/sync.node[interface {},interface {}]; internal/sync.overflow sync/atomic.Pointer[internal/sync.entry[interface {},interface {}]]; internal/sync.key interface {}; internal/sync.value interface {} }]).CompareAndSwap
/home/jules/go/pkg/mod/golang.org/toolchain@v0.0.1-go1.26.5.linux-amd64/src/sync/atomic/type.go:64:6: can inline atomic.(*Pointer[go.shape.struct { internal/sync.node = internal/sync.node[interface {},interface {}]; internal/sync.overflow sync/atomic.Pointer[internal/sync.entry[interface {},interface {}]]; internal/sync.key interface {}; internal/sync.value interface {} }]).Swap
/home/jules/go/pkg/mod/golang.org/toolchain@v0.0.1-go1.26.5.linux-amd64/src/sync/atomic/type.go:61:6: can inline atomic.(*Pointer[go.shape.struct { internal/sync.node = internal/sync.node[interface {},interface {}]; internal/sync.overflow sync/atomic.Pointer[internal/sync.entry[interface {},interface {}]]; internal/sync.key interface {}; internal/sync.value interface {} }]).Store
/home/jules/go/pkg/mod/golang.org/toolchain@v0.0.1-go1.26.5.linux-amd64/src/sync/atomic/type.go:58:6: can inline atomic.(*Pointer[go.shape.struct { internal/sync.node = internal/sync.node[interface {},interface {}]; internal/sync.overflow sync/atomic.Pointer[internal/sync.entry[interface {},interface {}]]; internal/sync.key interface {}; internal/sync.value interface {} }]).Load
/home/jules/go/pkg/mod/golang.org/toolchain@v0.0.1-go1.26.5.linux-amd64/src/sync/atomic/type.go:67:6: can inline atomic.(*Pointer[go.shape.struct { internal/sync.node = internal/sync.node[interface {},interface {}]; internal/sync.dead sync/atomic.Bool; internal/sync.mu internal/sync.Mutex; internal/sync.parent *internal/sync.indirect[interface {},interface {}]; internal/sync.children [16]sync/atomic.Pointer[internal/sync.node[interface {},interface {}]] }]).CompareAndSwap
/home/jules/go/pkg/mod/golang.org/toolchain@v0.0.1-go1.26.5.linux-amd64/src/sync/atomic/type.go:64:6: can inline atomic.(*Pointer[go.shape.struct { internal/sync.node = internal/sync.node[interface {},interface {}]; internal/sync.dead sync/atomic.Bool; internal/sync.mu internal/sync.Mutex; internal/sync.parent *internal/sync.indirect[interface {},interface {}]; internal/sync.children [16]sync/atomic.Pointer[internal/sync.node[interface {},interface {}]] }]).Swap
/home/jules/go/pkg/mod/golang.org/toolchain@v0.0.1-go1.26.5.linux-amd64/src/sync/atomic/type.go:61:6: can inline atomic.(*Pointer[go.shape.struct { internal/sync.node = internal/sync.node[interface {},interface {}]; internal/sync.dead sync/atomic.Bool; internal/sync.mu internal/sync.Mutex; internal/sync.parent *internal/sync.indirect[interface {},interface {}]; internal/sync.children [16]sync/atomic.Pointer[internal/sync.node[interface {},interface {}]] }]).Store
/home/jules/go/pkg/mod/golang.org/toolchain@v0.0.1-go1.26.5.linux-amd64/src/sync/atomic/type.go:58:6: can inline atomic.(*Pointer[go.shape.struct { internal/sync.node = internal/sync.node[interface {},interface {}]; internal/sync.dead sync/atomic.Bool; internal/sync.mu internal/sync.Mutex; internal/sync.parent *internal/sync.indirect[interface {},interface {}]; internal/sync.children [16]sync/atomic.Pointer[internal/sync.node[interface {},interface {}]] }]).Load
/home/jules/go/pkg/mod/golang.org/toolchain@v0.0.1-go1.26.5.linux-amd64/src/sync/atomic/type.go:61:6: can inline atomic.(*Pointer[go.shape.struct { internal/sync.node = internal/sync.node[go.shape.interface {},go.shape.interface {}]; internal/sync.dead sync/atomic.Bool; internal/sync.mu internal/sync.Mutex; internal/sync.parent *internal/sync.indirect[go.shape.interface {},go.shape.interface {}]; internal/sync.children [16]sync/atomic.Pointer[go.shape.struct { internal/sync.isEntry bool }] }]).Store
/home/jules/go/pkg/mod/golang.org/toolchain@v0.0.1-go1.26.5.linux-amd64/src/internal/sync/hashtriemap.go:549:6: can inline sync.newIndirectNode[go.shape.interface {},go.shape.interface {}]
/home/jules/go/pkg/mod/golang.org/toolchain@v0.0.1-go1.26.5.linux-amd64/src/internal/sync/hashtriemap.go:39:2: can inline sync.(*HashTrieMap[go.shape.interface {},go.shape.interface {}]).initSlow.deferwrap1
/home/jules/go/pkg/mod/golang.org/toolchain@v0.0.1-go1.26.5.linux-amd64/src/internal/sync/hashtriemap.go:30:6: can inline sync.(*HashTrieMap[go.shape.interface {},go.shape.interface {}]).init
/home/jules/go/pkg/mod/golang.org/toolchain@v0.0.1-go1.26.5.linux-amd64/src/sync/atomic/type.go:58:6: can inline atomic.(*Pointer[go.shape.struct { internal/sync.isEntry bool }]).Load
/home/jules/go/pkg/mod/golang.org/toolchain@v0.0.1-go1.26.5.linux-amd64/src/internal/sync/hashtriemap.go:713:6: can inline sync.(*node[go.shape.interface {},go.shape.interface {}]).indirect
/home/jules/go/pkg/mod/golang.org/toolchain@v0.0.1-go1.26.5.linux-amd64/src/internal/sync/hashtriemap.go:706:6: can inline sync.(*node[go.shape.interface {},go.shape.interface {}]).entry
/home/jules/go/pkg/mod/golang.org/toolchain@v0.0.1-go1.26.5.linux-amd64/src/sync/atomic/type.go:58:6: can inline atomic.(*Pointer[go.shape.struct { internal/sync.node = internal/sync.node[go.shape.interface {},go.shape.interface {}]; internal/sync.overflow sync/atomic.Pointer[internal/sync.entry[go.shape.interface {},go.shape.interface {}]]; internal/sync.key go.shape.interface {}; internal/sync.value go.shape.interface {} }]).Load
/home/jules/go/pkg/mod/golang.org/toolchain@v0.0.1-go1.26.5.linux-amd64/src/sync/atomic/type.go:67:6: can inline atomic.(*Pointer[go.shape.struct { internal/sync.node = internal/sync.node[go.shape.interface {},go.shape.interface {}]; internal/sync.overflow sync/atomic.Pointer[internal/sync.entry[go.shape.interface {},go.shape.interface {}]]; internal/sync.key go.shape.interface {}; internal/sync.value go.shape.interface {} }]).CompareAndSwap
/home/jules/go/pkg/mod/golang.org/toolchain@v0.0.1-go1.26.5.linux-amd64/src/sync/atomic/type.go:64:6: can inline atomic.(*Pointer[go.shape.struct { internal/sync.node = internal/sync.node[go.shape.interface {},go.shape.interface {}]; internal/sync.overflow sync/atomic.Pointer[internal/sync.entry[go.shape.interface {},go.shape.interface {}]]; internal/sync.key go.shape.interface {}; internal/sync.value go.shape.interface {} }]).Swap
/home/jules/go/pkg/mod/golang.org/toolchain@v0.0.1-go1.26.5.linux-amd64/src/sync/atomic/type.go:61:6: can inline atomic.(*Pointer[go.shape.struct { internal/sync.node = internal/sync.node[go.shape.interface {},go.shape.interface {}]; internal/sync.overflow sync/atomic.Pointer[internal/sync.entry[go.shape.interface {},go.shape.interface {}]]; internal/sync.key go.shape.interface {}; internal/sync.value go.shape.interface {} }]).Store
/home/jules/go/pkg/mod/golang.org/toolchain@v0.0.1-go1.26.5.linux-amd64/src/sync/atomic/type.go:58:6: can inline atomic.(*Pointer[go.shape.struct { internal/sync.node = internal/sync.node[go.shape.interface {},go.shape.interface {}]; internal/sync.dead sync/atomic.Bool; internal/sync.mu internal/sync.Mutex; internal/sync.parent *internal/sync.indirect[go.shape.interface {},go.shape.interface {}]; internal/sync.children [16]sync/atomic.Pointer[go.shape.struct { internal/sync.isEntry bool }] }]).Load
/home/jules/go/pkg/mod/golang.org/toolchain@v0.0.1-go1.26.5.linux-amd64/src/internal/sync/hashtriemap.go:483:9: can inline sync.(*HashTrieMap[go.shape.interface {},go.shape.interface {}]).All.func1
/home/jules/go/pkg/mod/golang.org/toolchain@v0.0.1-go1.26.5.linux-amd64/src/internal/sync/hashtriemap.go:589:6: can inline sync.(*entry[go.shape.interface {},go.shape.interface {}]).lookupWithValue
/home/jules/go/pkg/mod/golang.org/toolchain@v0.0.1-go1.26.5.linux-amd64/src/sync/atomic/type.go:61:6: can inline atomic.(*Pointer[go.shape.struct { internal/sync.isEntry bool }]).Store
/home/jules/go/pkg/mod/golang.org/toolchain@v0.0.1-go1.26.5.linux-amd64/src/internal/sync/hashtriemap.go:553:6: can inline sync.(*indirect[go.shape.interface {},go.shape.interface {}]).empty
/home/jules/go/pkg/mod/golang.org/toolchain@v0.0.1-go1.26.5.linux-amd64/src/internal/sync/hashtriemap.go:359:6: can inline sync.(*HashTrieMap[go.shape.interface {},go.shape.interface {}]).Delete
/home/jules/go/pkg/mod/golang.org/toolchain@v0.0.1-go1.26.5.linux-amd64/src/internal/sync/hashtriemap.go:571:6: can inline sync.newEntryNode[go.shape.interface {},go.shape.interface {}]
/home/jules/go/pkg/mod/golang.org/toolchain@v0.0.1-go1.26.5.linux-amd64/src/internal/sync/hashtriemap.go:290:3: can inline sync.(*HashTrieMap[go.shape.interface {},go.shape.interface {}]).CompareAndSwap.deferwrap1
/home/jules/go/pkg/mod/golang.org/toolchain@v0.0.1-go1.26.5.linux-amd64/src/internal/sync/hashtriemap.go:249:2: can inline sync.(*HashTrieMap[go.shape.interface {},go.shape.interface {}]).Swap.deferwrap1
/home/jules/go/pkg/mod/golang.org/toolchain@v0.0.1-go1.26.5.linux-amd64/src/internal/sync/hashtriemap.go:199:6: can inline sync.(*HashTrieMap[go.shape.interface {},go.shape.interface {}]).Store
/home/jules/go/pkg/mod/golang.org/toolchain@v0.0.1-go1.26.5.linux-amd64/src/internal/sync/hashtriemap.go:579:6: can inline sync.(*entry[go.shape.interface {},go.shape.interface {}]).lookup
/home/jules/go/pkg/mod/golang.org/toolchain@v0.0.1-go1.26.5.linux-amd64/src/internal/sync/hashtriemap.go:141:2: can inline sync.(*HashTrieMap[go.shape.interface {},go.shape.interface {}]).LoadOrStore.deferwrap1
/home/jules/go/pkg/mod/golang.org/toolchain@v0.0.1-go1.26.5.linux-amd64/src/sync/atomic/type.go:67:6: can inline atomic.(*Pointer[go.shape.struct { internal/sync.node = internal/sync.node[go.shape.interface {},go.shape.interface {}]; internal/sync.dead sync/atomic.Bool; internal/sync.mu internal/sync.Mutex; internal/sync.parent *internal/sync.indirect[go.shape.interface {},go.shape.interface {}]; internal/sync.children [16]sync/atomic.Pointer[go.shape.struct { internal/sync.isEntry bool }] }]).CompareAndSwap
/home/jules/go/pkg/mod/golang.org/toolchain@v0.0.1-go1.26.5.linux-amd64/src/sync/atomic/type.go:64:6: can inline atomic.(*Pointer[go.shape.struct { internal/sync.node = internal/sync.node[go.shape.interface {},go.shape.interface {}]; internal/sync.dead sync/atomic.Bool; internal/sync.mu internal/sync.Mutex; internal/sync.parent *internal/sync.indirect[go.shape.interface {},go.shape.interface {}]; internal/sync.children [16]sync/atomic.Pointer[go.shape.struct { internal/sync.isEntry bool }] }]).Swap
/home/jules/go/pkg/mod/golang.org/toolchain@v0.0.1-go1.26.5.linux-amd64/src/sync/atomic/type.go:67:6: can inline atomic.(*Pointer[go.shape.struct { internal/sync.isEntry bool }]).CompareAndSwap
/home/jules/go/pkg/mod/golang.org/toolchain@v0.0.1-go1.26.5.linux-amd64/src/sync/atomic/type.go:64:6: can inline atomic.(*Pointer[go.shape.struct { internal/sync.isEntry bool }]).Swap
/home/jules/go/pkg/mod/golang.org/toolchain@v0.0.1-go1.26.5.linux-amd64/src/sync/atomic/type.go:67:6: can inline atomic.(*Pointer[internal/sync.entry[go.shape.interface {},go.shape.interface {}]]).CompareAndSwap
/home/jules/go/pkg/mod/golang.org/toolchain@v0.0.1-go1.26.5.linux-amd64/src/sync/atomic/type.go:64:6: can inline atomic.(*Pointer[internal/sync.entry[go.shape.interface {},go.shape.interface {}]]).Swap
/home/jules/go/pkg/mod/golang.org/toolchain@v0.0.1-go1.26.5.linux-amd64/src/sync/atomic/type.go:61:6: can inline atomic.(*Pointer[internal/sync.entry[go.shape.interface {},go.shape.interface {}]]).Store
/home/jules/go/pkg/mod/golang.org/toolchain@v0.0.1-go1.26.5.linux-amd64/src/sync/atomic/type.go:58:6: can inline atomic.(*Pointer[internal/sync.entry[go.shape.interface {},go.shape.interface {}]]).Load
/home/jules/go/pkg/mod/golang.org/toolchain@v0.0.1-go1.26.5.linux-amd64/src/internal/sync/hashtriemap.go:522:6: can inline sync.(*HashTrieMap[interface {},interface {}]).Clear
/home/jules/go/pkg/mod/golang.org/toolchain@v0.0.1-go1.26.5.linux-amd64/src/internal/sync/hashtriemap.go:498:6: can inline sync.(*HashTrieMap[interface {},interface {}]).iter
/home/jules/go/pkg/mod/golang.org/toolchain@v0.0.1-go1.26.5.linux-amd64/src/internal/sync/hashtriemap.go:493:6: can inline sync.(*HashTrieMap[interface {},interface {}]).Range
/home/jules/go/pkg/mod/golang.org/toolchain@v0.0.1-go1.26.5.linux-amd64/src/internal/sync/hashtriemap.go:481:6: can inline sync.(*HashTrieMap[interface {},interface {}]).All
/home/jules/go/pkg/mod/golang.org/toolchain@v0.0.1-go1.26.5.linux-amd64/src/internal/sync/hashtriemap.go:368:6: can inline sync.(*HashTrieMap[interface {},interface {}]).CompareAndDelete
/home/jules/go/pkg/mod/golang.org/toolchain@v0.0.1-go1.26.5.linux-amd64/src/internal/sync/hashtriemap.go:359:6: can inline sync.(*HashTrieMap[interface {},interface {}]).Delete
/home/jules/go/pkg/mod/golang.org/toolchain@v0.0.1-go1.26.5.linux-amd64/src/internal/sync/hashtriemap.go:309:6: can inline sync.(*HashTrieMap[interface {},interface {}]).LoadAndDelete
/home/jules/go/pkg/mod/golang.org/toolchain@v0.0.1-go1.26.5.linux-amd64/src/internal/sync/hashtriemap.go:280:6: can inline sync.(*HashTrieMap[interface {},interface {}]).CompareAndSwap
/home/jules/go/pkg/mod/golang.org/toolchain@v0.0.1-go1.26.5.linux-amd64/src/internal/sync/hashtriemap.go:205:6: can inline sync.(*HashTrieMap[interface {},interface {}]).Swap
/home/jules/go/pkg/mod/golang.org/toolchain@v0.0.1-go1.26.5.linux-amd64/src/internal/sync/hashtriemap.go:199:6: can inline sync.(*HashTrieMap[interface {},interface {}]).Store
/home/jules/go/pkg/mod/golang.org/toolchain@v0.0.1-go1.26.5.linux-amd64/src/internal/sync/hashtriemap.go:167:6: can inline sync.(*HashTrieMap[interface {},interface {}]).expand
/home/jules/go/pkg/mod/golang.org/toolchain@v0.0.1-go1.26.5.linux-amd64/src/internal/sync/hashtriemap.go:88:6: can inline sync.(*HashTrieMap[interface {},interface {}]).LoadOrStore
/home/jules/go/pkg/mod/golang.org/toolchain@v0.0.1-go1.26.5.linux-amd64/src/internal/sync/hashtriemap.go:64:6: can inline sync.(*HashTrieMap[interface {},interface {}]).Load
/home/jules/go/pkg/mod/golang.org/toolchain@v0.0.1-go1.26.5.linux-amd64/src/internal/sync/hashtriemap.go:30:6: can inline sync.(*HashTrieMap[interface {},interface {}]).init
/home/jules/go/pkg/mod/golang.org/toolchain@v0.0.1-go1.26.5.linux-amd64/src/sync/atomic/type.go:67:6: can inline atomic.(*Pointer[internal/sync.indirect[interface {},interface {}]]).CompareAndSwap
/home/jules/go/pkg/mod/golang.org/toolchain@v0.0.1-go1.26.5.linux-amd64/src/sync/atomic/type.go:64:6: can inline atomic.(*Pointer[internal/sync.indirect[interface {},interface {}]]).Swap
/home/jules/go/pkg/mod/golang.org/toolchain@v0.0.1-go1.26.5.linux-amd64/src/sync/atomic/type.go:61:6: can inline atomic.(*Pointer[internal/sync.indirect[interface {},interface {}]]).Store
/home/jules/go/pkg/mod/golang.org/toolchain@v0.0.1-go1.26.5.linux-amd64/src/sync/atomic/type.go:58:6: can inline atomic.(*Pointer[internal/sync.indirect[interface {},interface {}]]).Load
/home/jules/go/pkg/mod/golang.org/toolchain@v0.0.1-go1.26.5.linux-amd64/src/internal/sync/hashtriemap.go:553:6: can inline sync.(*indirect[interface {},interface {}]).empty
/home/jules/go/pkg/mod/golang.org/toolchain@v0.0.1-go1.26.5.linux-amd64/src/sync/atomic/type.go:67:6: can inline atomic.(*Pointer[internal/sync.node[interface {},interface {}]]).CompareAndSwap
/home/jules/go/pkg/mod/golang.org/toolchain@v0.0.1-go1.26.5.linux-amd64/src/sync/atomic/type.go:64:6: can inline atomic.(*Pointer[internal/sync.node[interface {},interface {}]]).Swap
/home/jules/go/pkg/mod/golang.org/toolchain@v0.0.1-go1.26.5.linux-amd64/src/sync/atomic/type.go:61:6: can inline atomic.(*Pointer[internal/sync.node[interface {},interface {}]]).Store
/home/jules/go/pkg/mod/golang.org/toolchain@v0.0.1-go1.26.5.linux-amd64/src/sync/atomic/type.go:58:6: can inline atomic.(*Pointer[internal/sync.node[interface {},interface {}]]).Load
/home/jules/go/pkg/mod/golang.org/toolchain@v0.0.1-go1.26.5.linux-amd64/src/internal/sync/hashtriemap.go:713:6: can inline sync.(*node[interface {},interface {}]).indirect
/home/jules/go/pkg/mod/golang.org/toolchain@v0.0.1-go1.26.5.linux-amd64/src/internal/sync/hashtriemap.go:706:6: can inline sync.(*node[interface {},interface {}]).entry
/home/jules/go/pkg/mod/golang.org/toolchain@v0.0.1-go1.26.5.linux-amd64/src/internal/sync/hashtriemap.go:682:6: can inline sync.(*entry[interface {},interface {}]).compareAndDelete
/home/jules/go/pkg/mod/golang.org/toolchain@v0.0.1-go1.26.5.linux-amd64/src/internal/sync/hashtriemap.go:660:6: can inline sync.(*entry[interface {},interface {}]).loadAndDelete
/home/jules/go/pkg/mod/golang.org/toolchain@v0.0.1-go1.26.5.linux-amd64/src/internal/sync/hashtriemap.go:632:6: can inline sync.(*entry[interface {},interface {}]).compareAndSwap
/home/jules/go/pkg/mod/golang.org/toolchain@v0.0.1-go1.26.5.linux-amd64/src/internal/sync/hashtriemap.go:603:6: can inline sync.(*entry[interface {},interface {}]).swap
/home/jules/go/pkg/mod/golang.org/toolchain@v0.0.1-go1.26.5.linux-amd64/src/internal/sync/hashtriemap.go:579:6: can inline sync.(*entry[interface {},interface {}]).lookup
/home/jules/go/pkg/mod/golang.org/toolchain@v0.0.1-go1.26.5.linux-amd64/src/sync/atomic/type.go:67:6: can inline atomic.(*Pointer[internal/sync.entry[interface {},interface {}]]).CompareAndSwap
/home/jules/go/pkg/mod/golang.org/toolchain@v0.0.1-go1.26.5.linux-amd64/src/sync/atomic/type.go:64:6: can inline atomic.(*Pointer[internal/sync.entry[interface {},interface {}]]).Swap
/home/jules/go/pkg/mod/golang.org/toolchain@v0.0.1-go1.26.5.linux-amd64/src/sync/atomic/type.go:61:6: can inline atomic.(*Pointer[internal/sync.entry[interface {},interface {}]]).Store
/home/jules/go/pkg/mod/golang.org/toolchain@v0.0.1-go1.26.5.linux-amd64/src/sync/atomic/type.go:58:6: can inline atomic.(*Pointer[internal/sync.entry[interface {},interface {}]]).Load
async/queue.go:21:41: inlining call to errors.New
async/async.go:131:13: inlining call to sync.(*Mutex).Lock
async/async.go:133:15: inlining call to sync.(*Mutex).Unlock
async/async.go:131:13: inlining call to sync.(*Mutex).Lock
async/async.go:133:15: inlining call to sync.(*Mutex).Unlock
async/async.go:119:18: inlining call to sync.(*WaitGroup).Done
async/async.go:125:14: inlining call to sync.(*Mutex).Lock
async/async.go:127:16: inlining call to sync.(*Mutex).Unlock
async/async.go:125:14: inlining call to sync.(*Mutex).Lock
async/async.go:127:16: inlining call to sync.(*Mutex).Unlock
async/async.go:150:11: inlining call to sync.(*Mutex).Lock
async/async.go:150:11: inlining call to sync.(*Mutex).Lock
async/async.go:151:19: inlining call to sync.(*Mutex).Unlock
async/async.go:151:19: inlining call to sync.(*Mutex).Unlock
async/queue.go:42:28: inlining call to asynq.NewServeMux
async/queue.go:51:11: inlining call to sync.(*Mutex).Lock
async/queue.go:62:18: inlining call to asynq.(*ServeMux).HandleFunc
async/queue.go:51:11: inlining call to sync.(*Mutex).Lock
async/queue.go:52:19: inlining call to sync.(*Mutex).Unlock
async/queue.go:52:19: inlining call to sync.(*Mutex).Unlock
async/queue.go:80:11: inlining call to sync.(*Mutex).Lock
async/queue.go:82:13: inlining call to sync.(*Mutex).Unlock
async/queue.go:80:11: inlining call to sync.(*Mutex).Lock
async/queue.go:82:13: inlining call to sync.(*Mutex).Unlock
async/queue.go:120:25: inlining call to asynq.(*Client).Enqueue
async/queue.go:120:25: inlining call to context.Background
/home/jules/go/pkg/mod/golang.org/toolchain@v0.0.1-go1.26.5.linux-amd64/src/internal/sync/hashtriemap.go:38:16: inlining call to sync.(*Mutex).Lock
/home/jules/go/pkg/mod/golang.org/toolchain@v0.0.1-go1.26.5.linux-amd64/src/internal/sync/hashtriemap.go:41:19: inlining call to atomic.(*Uint32).Load
/home/jules/go/pkg/mod/golang.org/toolchain@v0.0.1-go1.26.5.linux-amd64/src/internal/sync/hashtriemap.go:49:23: inlining call to abi.TypeOf
/home/jules/go/pkg/mod/golang.org/toolchain@v0.0.1-go1.26.5.linux-amd64/src/internal/sync/hashtriemap.go:49:34: inlining call to abi.(*Type).MapType
/home/jules/go/pkg/mod/golang.org/toolchain@v0.0.1-go1.26.5.linux-amd64/src/internal/sync/hashtriemap.go:50:37: inlining call to sync.newIndirectNode[go.shape.interface {},go.shape.interface {}]
/home/jules/go/pkg/mod/golang.org/toolchain@v0.0.1-go1.26.5.linux-amd64/src/internal/sync/hashtriemap.go:50:15: inlining call to atomic.(*Pointer[go.shape.struct { internal/sync.node = internal/sync.node[go.shape.interface {},go.shape.interface {}]; internal/sync.dead sync/atomic.Bool; internal/sync.mu internal/sync.Mutex; internal/sync.parent *internal/sync.indirect[go.shape.interface {},go.shape.interface {}]; internal/sync.children [16]sync/atomic.Pointer[go.shape.struct { internal/sync.isEntry bool }] }]).Store
/home/jules/go/pkg/mod/golang.org/toolchain@v0.0.1-go1.26.5.linux-amd64/src/internal/sync/hashtriemap.go:55:17: inlining call to atomic.(*Uint32).Store
/home/jules/go/pkg/mod/golang.org/toolchain@v0.0.1-go1.26.5.linux-amd64/src/internal/sync/hashtriemap.go:49:23: inlining call to abi.NoEscape
/home/jules/go/pkg/mod/golang.org/toolchain@v0.0.1-go1.26.5.linux-amd64/src/internal/sync/hashtriemap.go:49:34: inlining call to abi.(*Type).Kind
/home/jules/go/pkg/mod/golang.org/toolchain@v0.0.1-go1.26.5.linux-amd64/src/internal/sync/hashtriemap.go:39:24: inlining call to sync.(*Mutex).Unlock
/home/jules/go/pkg/mod/golang.org/toolchain@v0.0.1-go1.26.5.linux-amd64/src/internal/sync/hashtriemap.go:31:19: inlining call to atomic.(*Uint32).Load
/home/jules/go/pkg/mod/golang.org/toolchain@v0.0.1-go1.26.5.linux-amd64/src/internal/sync/hashtriemap.go:523:9: inlining call to sync.(*HashTrieMap[go.shape.interface {},go.shape.interface {}]).init
/home/jules/go/pkg/mod/golang.org/toolchain@v0.0.1-go1.26.5.linux-amd64/src/internal/sync/hashtriemap.go:527:37: inlining call to sync.newIndirectNode[go.shape.interface {},go.shape.interface {}]
/home/jules/go/pkg/mod/golang.org/toolchain@v0.0.1-go1.26.5.linux-amd64/src/internal/sync/hashtriemap.go:527:15: inlining call to atomic.(*Pointer[go.shape.struct { internal/sync.node = internal/sync.node[go.shape.interface {},go.shape.interface {}]; internal/sync.dead sync/atomic.Bool; internal/sync.mu internal/sync.Mutex; internal/sync.parent *internal/sync.indirect[go.shape.interface {},go.shape.interface {}]; internal/sync.children [16]sync/atomic.Pointer[go.shape.struct { internal/sync.isEntry bool }] }]).Store
/home/jules/go/pkg/mod/golang.org/toolchain@v0.0.1-go1.26.5.linux-amd64/src/internal/sync/hashtriemap.go:523:9: inlining call to atomic.(*Uint32).Load
/home/jules/go/pkg/mod/golang.org/toolchain@v0.0.1-go1.26.5.linux-amd64/src/internal/sync/hashtriemap.go:500:26: inlining call to atomic.(*Pointer[go.shape.struct { internal/sync.isEntry bool }]).Load
/home/jules/go/pkg/mod/golang.org/toolchain@v0.0.1-go1.26.5.linux-amd64/src/internal/sync/hashtriemap.go:505:26: inlining call to sync.(*node[go.shape.interface {},go.shape.interface {}]).indirect
/home/jules/go/pkg/mod/golang.org/toolchain@v0.0.1-go1.26.5.linux-amd64/src/internal/sync/hashtriemap.go:510:15: inlining call to sync.(*node[go.shape.interface {},go.shape.interface {}]).entry
/home/jules/go/pkg/mod/golang.org/toolchain@v0.0.1-go1.26.5.linux-amd64/src/internal/sync/hashtriemap.go:515:23: inlining call to atomic.(*Pointer[go.shape.struct { internal/sync.node = internal/sync.node[go.shape.interface {},go.shape.interface {}]; internal/sync.overflow sync/atomic.Pointer[internal/sync.entry[go.shape.interface {},go.shape.interface {}]]; internal/sync.key go.shape.interface {}; internal/sync.value go.shape.interface {} }]).Load
/home/jules/go/pkg/mod/golang.org/toolchain@v0.0.1-go1.26.5.linux-amd64/src/internal/sync/hashtriemap.go:494:9: inlining call to sync.(*HashTrieMap[go.shape.interface {},go.shape.interface {}]).init
/home/jules/go/pkg/mod/golang.org/toolchain@v0.0.1-go1.26.5.linux-amd64/src/internal/sync/hashtriemap.go:495:22: inlining call to atomic.(*Pointer[go.shape.struct { internal/sync.node = internal/sync.node[go.shape.interface {},go.shape.interface {}]; internal/sync.dead sync/atomic.Bool; internal/sync.mu internal/sync.Mutex; internal/sync.parent *internal/sync.indirect[go.shape.interface {},go.shape.interface {}]; internal/sync.children [16]sync/atomic.Pointer[go.shape.struct { internal/sync.isEntry bool }] }]).Load
/home/jules/go/pkg/mod/golang.org/toolchain@v0.0.1-go1.26.5.linux-amd64/src/internal/sync/hashtriemap.go:494:9: inlining call to atomic.(*Uint32).Load
/home/jules/go/pkg/mod/golang.org/toolchain@v0.0.1-go1.26.5.linux-amd64/src/internal/sync/hashtriemap.go:482:9: inlining call to sync.(*HashTrieMap[go.shape.interface {},go.shape.interface {}]).init
/home/jules/go/pkg/mod/golang.org/toolchain@v0.0.1-go1.26.5.linux-amd64/src/internal/sync/hashtriemap.go:482:9: inlining call to atomic.(*Uint32).Load
/home/jules/go/pkg/mod/golang.org/toolchain@v0.0.1-go1.26.5.linux-amd64/src/internal/sync/hashtriemap.go:484:23: inlining call to atomic.(*Pointer[go.shape.struct { internal/sync.node = internal/sync.node[go.shape.interface {},go.shape.interface {}]; internal/sync.dead sync/atomic.Bool; internal/sync.mu internal/sync.Mutex; internal/sync.parent *internal/sync.indirect[go.shape.interface {},go.shape.interface {}]; internal/sync.children [16]sync/atomic.Pointer[go.shape.struct { internal/sync.isEntry bool }] }]).Load
/home/jules/go/pkg/mod/golang.org/toolchain@v0.0.1-go1.26.5.linux-amd64/src/internal/sync/hashtriemap.go:591:89: inlining call to abi.NoEscape
/home/jules/go/pkg/mod/golang.org/toolchain@v0.0.1-go1.26.5.linux-amd64/src/internal/sync/hashtriemap.go:594:22: inlining call to atomic.(*Pointer[go.shape.struct { internal/sync.node = internal/sync.node[go.shape.interface {},go.shape.interface {}]; internal/sync.overflow sync/atomic.Pointer[internal/sync.entry[go.shape.interface {},go.shape.interface {}]]; internal/sync.key go.shape.interface {}; internal/sync.value go.shape.interface {} }]).Load
/home/jules/go/pkg/mod/golang.org/toolchain@v0.0.1-go1.26.5.linux-amd64/src/internal/sync/hashtriemap.go:429:19: inlining call to atomic.(*Pointer[go.shape.struct { internal/sync.node = internal/sync.node[go.shape.interface {},go.shape.interface {}]; internal/sync.dead sync/atomic.Bool; internal/sync.mu internal/sync.Mutex; internal/sync.parent *internal/sync.indirect[go.shape.interface {},go.shape.interface {}]; internal/sync.children [16]sync/atomic.Pointer[go.shape.struct { internal/sync.isEntry bool }] }]).Load
/home/jules/go/pkg/mod/golang.org/toolchain@v0.0.1-go1.26.5.linux-amd64/src/internal/sync/hashtriemap.go:436:17: inlining call to atomic.(*Pointer[go.shape.struct { internal/sync.isEntry bool }]).Load
/home/jules/go/pkg/mod/golang.org/toolchain@v0.0.1-go1.26.5.linux-amd64/src/internal/sync/hashtriemap.go:444:24: inlining call to sync.(*node[go.shape.interface {},go.shape.interface {}]).entry
/home/jules/go/pkg/mod/golang.org/toolchain@v0.0.1-go1.26.5.linux-amd64/src/internal/sync/hashtriemap.go:444:42: inlining call to sync.(*entry[go.shape.interface {},go.shape.interface {}]).lookupWithValue
/home/jules/go/pkg/mod/golang.org/toolchain@v0.0.1-go1.26.5.linux-amd64/src/internal/sync/hashtriemap.go:454:18: inlining call to sync.(*node[go.shape.interface {},go.shape.interface {}]).indirect
/home/jules/go/pkg/mod/golang.org/toolchain@v0.0.1-go1.26.5.linux-amd64/src/internal/sync/hashtriemap.go:461:12: inlining call to sync.(*Mutex).Lock
/home/jules/go/pkg/mod/golang.org/toolchain@v0.0.1-go1.26.5.linux-amd64/src/internal/sync/hashtriemap.go:462:16: inlining call to atomic.(*Pointer[go.shape.struct { internal/sync.isEntry bool }]).Load
/home/jules/go/pkg/mod/golang.org/toolchain@v0.0.1-go1.26.5.linux-amd64/src/internal/sync/hashtriemap.go:463:18: inlining call to atomic.(*Bool).Load
/home/jules/go/pkg/mod/golang.org/toolchain@v0.0.1-go1.26.5.linux-amd64/src/internal/sync/hashtriemap.go:469:14: inlining call to sync.(*Mutex).Unlock
/home/jules/go/pkg/mod/golang.org/toolchain@v0.0.1-go1.26.5.linux-amd64/src/internal/sync/hashtriemap.go:444:42: inlining call to abi.NoEscape
/home/jules/go/pkg/mod/golang.org/toolchain@v0.0.1-go1.26.5.linux-amd64/src/internal/sync/hashtriemap.go:444:42: inlining call to atomic.(*Pointer[go.shape.struct { internal/sync.node = internal/sync.node[go.shape.interface {},go.shape.interface {}]; internal/sync.overflow sync/atomic.Pointer[internal/sync.entry[go.shape.interface {},go.shape.interface {}]]; internal/sync.key go.shape.interface {}; internal/sync.value go.shape.interface {} }]).Load
/home/jules/go/pkg/mod/golang.org/toolchain@v0.0.1-go1.26.5.linux-amd64/src/internal/sync/hashtriemap.go:683:74: inlining call to abi.NoEscape
/home/jules/go/pkg/mod/golang.org/toolchain@v0.0.1-go1.26.5.linux-amd64/src/internal/sync/hashtriemap.go:685:28: inlining call to atomic.(*Pointer[go.shape.struct { internal/sync.node = internal/sync.node[go.shape.interface {},go.shape.interface {}]; internal/sync.overflow sync/atomic.Pointer[internal/sync.entry[go.shape.interface {},go.shape.interface {}]]; internal/sync.key go.shape.interface {}; internal/sync.value go.shape.interface {} }]).Load
/home/jules/go/pkg/mod/golang.org/toolchain@v0.0.1-go1.26.5.linux-amd64/src/internal/sync/hashtriemap.go:688:13: inlining call to atomic.(*Pointer[go.shape.struct { internal/sync.node = internal/sync.node[go.shape.interface {},go.shape.interface {}]; internal/sync.overflow sync/atomic.Pointer[internal/sync.entry[go.shape.interface {},go.shape.interface {}]]; internal/sync.key go.shape.interface {}; internal/sync.value go.shape.interface {} }]).Load
/home/jules/go/pkg/mod/golang.org/toolchain@v0.0.1-go1.26.5.linux-amd64/src/internal/sync/hashtriemap.go:690:69: inlining call to abi.NoEscape
/home/jules/go/pkg/mod/golang.org/toolchain@v0.0.1-go1.26.5.linux-amd64/src/internal/sync/hashtriemap.go:691:27: inlining call to atomic.(*Pointer[go.shape.struct { internal/sync.node = internal/sync.node[go.shape.interface {},go.shape.interface {}]; internal/sync.overflow sync/atomic.Pointer[internal/sync.entry[go.shape.interface {},go.shape.interface {}]]; internal/sync.key go.shape.interface {}; internal/sync.value go.shape.interface {} }]).Load
/home/jules/go/pkg/mod/golang.org/toolchain@v0.0.1-go1.26.5.linux-amd64/src/internal/sync/hashtriemap.go:691:11: inlining call to atomic.(*Pointer[go.shape.struct { internal/sync.node = internal/sync.node[go.shape.interface {},go.shape.interface {}]; internal/sync.overflow sync/atomic.Pointer[internal/sync.entry[go.shape.interface {},go.shape.interface {}]]; internal/sync.key go.shape.interface {}; internal/sync.value go.shape.interface {} }]).Store
/home/jules/go/pkg/mod/golang.org/toolchain@v0.0.1-go1.26.5.linux-amd64/src/internal/sync/hashtriemap.go:695:22: inlining call to atomic.(*Pointer[go.shape.struct { internal/sync.node = internal/sync.node[go.shape.interface {},go.shape.interface {}]; internal/sync.overflow sync/atomic.Pointer[internal/sync.entry[go.shape.interface {},go.shape.interface {}]]; internal/sync.key go.shape.interface {}; internal/sync.value go.shape.interface {} }]).Load
/home/jules/go/pkg/mod/golang.org/toolchain@v0.0.1-go1.26.5.linux-amd64/src/internal/sync/hashtriemap.go:556:24: inlining call to atomic.(*Pointer[go.shape.struct { internal/sync.isEntry bool }]).Load
/home/jules/go/pkg/mod/golang.org/toolchain@v0.0.1-go1.26.5.linux-amd64/src/internal/sync/hashtriemap.go:369:9: inlining call to sync.(*HashTrieMap[go.shape.interface {},go.shape.interface {}]).init
/home/jules/go/pkg/mod/golang.org/toolchain@v0.0.1-go1.26.5.linux-amd64/src/internal/sync/hashtriemap.go:373:33: inlining call to abi.NoEscape
/home/jules/go/pkg/mod/golang.org/toolchain@v0.0.1-go1.26.5.linux-amd64/src/internal/sync/hashtriemap.go:379:15: inlining call to sync.(*Mutex).Unlock
/home/jules/go/pkg/mod/golang.org/toolchain@v0.0.1-go1.26.5.linux-amd64/src/internal/sync/hashtriemap.go:385:23: inlining call to sync.(*node[go.shape.interface {},go.shape.interface {}]).entry
/home/jules/go/pkg/mod/golang.org/toolchain@v0.0.1-go1.26.5.linux-amd64/src/internal/sync/hashtriemap.go:388:14: inlining call to sync.(*Mutex).Unlock
/home/jules/go/pkg/mod/golang.org/toolchain@v0.0.1-go1.26.5.linux-amd64/src/internal/sync/hashtriemap.go:394:13: inlining call to atomic.(*Pointer[go.shape.struct { internal/sync.isEntry bool }]).Store
/home/jules/go/pkg/mod/golang.org/toolchain@v0.0.1-go1.26.5.linux-amd64/src/internal/sync/hashtriemap.go:395:14: inlining call to sync.(*Mutex).Unlock
/home/jules/go/pkg/mod/golang.org/toolchain@v0.0.1-go1.26.5.linux-amd64/src/internal/sync/hashtriemap.go:399:12: inlining call to atomic.(*Pointer[go.shape.struct { internal/sync.isEntry bool }]).Store
/home/jules/go/pkg/mod/golang.org/toolchain@v0.0.1-go1.26.5.linux-amd64/src/internal/sync/hashtriemap.go:402:32: inlining call to sync.(*indirect[go.shape.interface {},go.shape.interface {}]).empty
/home/jules/go/pkg/mod/golang.org/toolchain@v0.0.1-go1.26.5.linux-amd64/src/internal/sync/hashtriemap.go:410:17: inlining call to sync.(*Mutex).Lock
/home/jules/go/pkg/mod/golang.org/toolchain@v0.0.1-go1.26.5.linux-amd64/src/internal/sync/hashtriemap.go:411:15: inlining call to atomic.(*Bool).Store
/home/jules/go/pkg/mod/golang.org/toolchain@v0.0.1-go1.26.5.linux-amd64/src/internal/sync/hashtriemap.go:412:57: inlining call to atomic.(*Pointer[go.shape.struct { internal/sync.isEntry bool }]).Store
/home/jules/go/pkg/mod/golang.org/toolchain@v0.0.1-go1.26.5.linux-amd64/src/internal/sync/hashtriemap.go:413:14: inlining call to sync.(*Mutex).Unlock
/home/jules/go/pkg/mod/golang.org/toolchain@v0.0.1-go1.26.5.linux-amd64/src/internal/sync/hashtriemap.go:416:13: inlining call to sync.(*Mutex).Unlock
/home/jules/go/pkg/mod/golang.org/toolchain@v0.0.1-go1.26.5.linux-amd64/src/internal/sync/hashtriemap.go:369:9: inlining call to atomic.(*Uint32).Load
/home/jules/go/pkg/mod/golang.org/toolchain@v0.0.1-go1.26.5.linux-amd64/src/internal/sync/hashtriemap.go:402:32: inlining call to atomic.(*Pointer[go.shape.struct { internal/sync.isEntry bool }]).Load
/home/jules/go/pkg/mod/golang.org/toolchain@v0.0.1-go1.26.5.linux-amd64/src/internal/sync/hashtriemap.go:411:15: inlining call to atomic.b32
/home/jules/go/pkg/mod/golang.org/toolchain@v0.0.1-go1.26.5.linux-amd64/src/internal/sync/hashtriemap.go:663:40: inlining call to atomic.(*Pointer[go.shape.struct { internal/sync.node = internal/sync.node[go.shape.interface {},go.shape.interface {}]; internal/sync.overflow sync/atomic.Pointer[internal/sync.entry[go.shape.interface {},go.shape.interface {}]]; internal/sync.key go.shape.interface {}; internal/sync.value go.shape.interface {} }]).Load
/home/jules/go/pkg/mod/golang.org/toolchain@v0.0.1-go1.26.5.linux-amd64/src/internal/sync/hashtriemap.go:666:13: inlining call to atomic.(*Pointer[go.shape.struct { internal/sync.node = internal/sync.node[go.shape.interface {},go.shape.interface {}]; internal/sync.overflow sync/atomic.Pointer[internal/sync.entry[go.shape.interface {},go.shape.interface {}]]; internal/sync.key go.shape.interface {}; internal/sync.value go.shape.interface {} }]).Load
/home/jules/go/pkg/mod/golang.org/toolchain@v0.0.1-go1.26.5.linux-amd64/src/internal/sync/hashtriemap.go:669:27: inlining call to atomic.(*Pointer[go.shape.struct { internal/sync.node = internal/sync.node[go.shape.interface {},go.shape.interface {}]; internal/sync.overflow sync/atomic.Pointer[internal/sync.entry[go.shape.interface {},go.shape.interface {}]]; internal/sync.key go.shape.interface {}; internal/sync.value go.shape.interface {} }]).Load
/home/jules/go/pkg/mod/golang.org/toolchain@v0.0.1-go1.26.5.linux-amd64/src/internal/sync/hashtriemap.go:669:11: inlining call to atomic.(*Pointer[go.shape.struct { internal/sync.node = internal/sync.node[go.shape.interface {},go.shape.interface {}]; internal/sync.overflow sync/atomic.Pointer[internal/sync.entry[go.shape.interface {},go.shape.interface {}]]; internal/sync.key go.shape.interface {}; internal/sync.value go.shape.interface {} }]).Store
/home/jules/go/pkg/mod/golang.org/toolchain@v0.0.1-go1.26.5.linux-amd64/src/internal/sync/hashtriemap.go:673:22: inlining call to atomic.(*Pointer[go.shape.struct { internal/sync.node = internal/sync.node[go.shape.interface {},go.shape.interface {}]; internal/sync.overflow sync/atomic.Pointer[internal/sync.entry[go.shape.interface {},go.shape.interface {}]]; internal/sync.key go.shape.interface {}; internal/sync.value go.shape.interface {} }]).Load
/home/jules/go/pkg/mod/golang.org/toolchain@v0.0.1-go1.26.5.linux-amd64/src/internal/sync/hashtriemap.go:310:9: inlining call to sync.(*HashTrieMap[go.shape.interface {},go.shape.interface {}]).init
/home/jules/go/pkg/mod/golang.org/toolchain@v0.0.1-go1.26.5.linux-amd64/src/internal/sync/hashtriemap.go:311:33: inlining call to abi.NoEscape
/home/jules/go/pkg/mod/golang.org/toolchain@v0.0.1-go1.26.5.linux-amd64/src/internal/sync/hashtriemap.go:317:15: inlining call to sync.(*Mutex).Unlock
/home/jules/go/pkg/mod/golang.org/toolchain@v0.0.1-go1.26.5.linux-amd64/src/internal/sync/hashtriemap.go:323:25: inlining call to sync.(*node[go.shape.interface {},go.shape.interface {}]).entry
/home/jules/go/pkg/mod/golang.org/toolchain@v0.0.1-go1.26.5.linux-amd64/src/internal/sync/hashtriemap.go:326:14: inlining call to sync.(*Mutex).Unlock
/home/jules/go/pkg/mod/golang.org/toolchain@v0.0.1-go1.26.5.linux-amd64/src/internal/sync/hashtriemap.go:332:13: inlining call to atomic.(*Pointer[go.shape.struct { internal/sync.isEntry bool }]).Store
/home/jules/go/pkg/mod/golang.org/toolchain@v0.0.1-go1.26.5.linux-amd64/src/internal/sync/hashtriemap.go:333:14: inlining call to sync.(*Mutex).Unlock
/home/jules/go/pkg/mod/golang.org/toolchain@v0.0.1-go1.26.5.linux-amd64/src/internal/sync/hashtriemap.go:337:12: inlining call to atomic.(*Pointer[go.shape.struct { internal/sync.isEntry bool }]).Store
/home/jules/go/pkg/mod/golang.org/toolchain@v0.0.1-go1.26.5.linux-amd64/src/internal/sync/hashtriemap.go:340:32: inlining call to sync.(*indirect[go.shape.interface {},go.shape.interface {}]).empty
/home/jules/go/pkg/mod/golang.org/toolchain@v0.0.1-go1.26.5.linux-amd64/src/internal/sync/hashtriemap.go:348:17: inlining call to sync.(*Mutex).Lock
/home/jules/go/pkg/mod/golang.org/toolchain@v0.0.1-go1.26.5.linux-amd64/src/internal/sync/hashtriemap.go:349:15: inlining call to atomic.(*Bool).Store
/home/jules/go/pkg/mod/golang.org/toolchain@v0.0.1-go1.26.5.linux-amd64/src/internal/sync/hashtriemap.go:350:57: inlining call to atomic.(*Pointer[go.shape.struct { internal/sync.isEntry bool }]).Store
/home/jules/go/pkg/mod/golang.org/toolchain@v0.0.1-go1.26.5.linux-amd64/src/internal/sync/hashtriemap.go:351:14: inlining call to sync.(*Mutex).Unlock
/home/jules/go/pkg/mod/golang.org/toolchain@v0.0.1-go1.26.5.linux-amd64/src/internal/sync/hashtriemap.go:354:13: inlining call to sync.(*Mutex).Unlock
/home/jules/go/pkg/mod/golang.org/toolchain@v0.0.1-go1.26.5.linux-amd64/src/internal/sync/hashtriemap.go:310:9: inlining call to atomic.(*Uint32).Load
/home/jules/go/pkg/mod/golang.org/toolchain@v0.0.1-go1.26.5.linux-amd64/src/internal/sync/hashtriemap.go:340:32: inlining call to atomic.(*Pointer[go.shape.struct { internal/sync.isEntry bool }]).Load
/home/jules/go/pkg/mod/golang.org/toolchain@v0.0.1-go1.26.5.linux-amd64/src/internal/sync/hashtriemap.go:349:15: inlining call to atomic.b32
/home/jules/go/pkg/mod/golang.org/toolchain@v0.0.1-go1.26.5.linux-amd64/src/internal/sync/hashtriemap.go:633:74: inlining call to abi.NoEscape
/home/jules/go/pkg/mod/golang.org/toolchain@v0.0.1-go1.26.5.linux-amd64/src/internal/sync/hashtriemap.go:635:20: inlining call to sync.newEntryNode[go.shape.interface {},go.shape.interface {}]
/home/jules/go/pkg/mod/golang.org/toolchain@v0.0.1-go1.26.5.linux-amd64/src/internal/sync/hashtriemap.go:636:33: inlining call to atomic.(*Pointer[go.shape.struct { internal/sync.node = internal/sync.node[go.shape.interface {},go.shape.interface {}]; internal/sync.overflow sync/atomic.Pointer[internal/sync.entry[go.shape.interface {},go.shape.interface {}]]; internal/sync.key go.shape.interface {}; internal/sync.value go.shape.interface {} }]).Load
/home/jules/go/pkg/mod/golang.org/toolchain@v0.0.1-go1.26.5.linux-amd64/src/internal/sync/hashtriemap.go:637:20: inlining call to atomic.(*Pointer[go.shape.struct { internal/sync.node = internal/sync.node[go.shape.interface {},go.shape.interface {}]; internal/sync.overflow sync/atomic.Pointer[internal/sync.entry[go.shape.interface {},go.shape.interface {}]]; internal/sync.key go.shape.interface {}; internal/sync.value go.shape.interface {} }]).Store
/home/jules/go/pkg/mod/golang.org/toolchain@v0.0.1-go1.26.5.linux-amd64/src/internal/sync/hashtriemap.go:642:13: inlining call to atomic.(*Pointer[go.shape.struct { internal/sync.node = internal/sync.node[go.shape.interface {},go.shape.interface {}]; internal/sync.overflow sync/atomic.Pointer[internal/sync.entry[go.shape.interface {},go.shape.interface {}]]; internal/sync.key go.shape.interface {}; internal/sync.value go.shape.interface {} }]).Load
/home/jules/go/pkg/mod/golang.org/toolchain@v0.0.1-go1.26.5.linux-amd64/src/internal/sync/hashtriemap.go:644:69: inlining call to abi.NoEscape
/home/jules/go/pkg/mod/golang.org/toolchain@v0.0.1-go1.26.5.linux-amd64/src/internal/sync/hashtriemap.go:645:24: inlining call to sync.newEntryNode[go.shape.interface {},go.shape.interface {}]
/home/jules/go/pkg/mod/golang.org/toolchain@v0.0.1-go1.26.5.linux-amd64/src/internal/sync/hashtriemap.go:646:39: inlining call to atomic.(*Pointer[go.shape.struct { internal/sync.node = internal/sync.node[go.shape.interface {},go.shape.interface {}]; internal/sync.overflow sync/atomic.Pointer[internal/sync.entry[go.shape.interface {},go.shape.interface {}]]; internal/sync.key go.shape.interface {}; internal/sync.value go.shape.interface {} }]).Load
/home/jules/go/pkg/mod/golang.org/toolchain@v0.0.1-go1.26.5.linux-amd64/src/internal/sync/hashtriemap.go:646:23: inlining call to atomic.(*Pointer[go.shape.struct { internal/sync.node = internal/sync.node[go.shape.interface {},go.shape.interface {}]; internal/sync.overflow sync/atomic.Pointer[internal/sync.entry[go.shape.interface {},go.shape.interface {}]]; internal/sync.key go.shape.interface {}; internal/sync.value go.shape.interface {} }]).Store
/home/jules/go/pkg/mod/golang.org/toolchain@v0.0.1-go1.26.5.linux-amd64/src/internal/sync/hashtriemap.go:647:11: inlining call to atomic.(*Pointer[go.shape.struct { internal/sync.node = internal/sync.node[go.shape.interface {},go.shape.interface {}]; internal/sync.overflow sync/atomic.Pointer[internal/sync.entry[go.shape.interface {},go.shape.interface {}]]; internal/sync.key go.shape.interface {}; internal/sync.value go.shape.interface {} }]).Store
/home/jules/go/pkg/mod/golang.org/toolchain@v0.0.1-go1.26.5.linux-amd64/src/internal/sync/hashtriemap.go:651:22: inlining call to atomic.(*Pointer[go.shape.struct { internal/sync.node = internal/sync.node[go.shape.interface {},go.shape.interface {}]; internal/sync.overflow sync/atomic.Pointer[internal/sync.entry[go.shape.interface {},go.shape.interface {}]]; internal/sync.key go.shape.interface {}; internal/sync.value go.shape.interface {} }]).Load
/home/jules/go/pkg/mod/golang.org/toolchain@v0.0.1-go1.26.5.linux-amd64/src/internal/sync/hashtriemap.go:281:9: inlining call to sync.(*HashTrieMap[go.shape.interface {},go.shape.interface {}]).init
/home/jules/go/pkg/mod/golang.org/toolchain@v0.0.1-go1.26.5.linux-amd64/src/internal/sync/hashtriemap.go:285:33: inlining call to abi.NoEscape
/home/jules/go/pkg/mod/golang.org/toolchain@v0.0.1-go1.26.5.linux-amd64/src/internal/sync/hashtriemap.go:297:23: inlining call to sync.(*node[go.shape.interface {},go.shape.interface {}]).entry
/home/jules/go/pkg/mod/golang.org/toolchain@v0.0.1-go1.26.5.linux-amd64/src/internal/sync/hashtriemap.go:303:12: inlining call to atomic.(*Pointer[go.shape.struct { internal/sync.isEntry bool }]).Store
/home/jules/go/pkg/mod/golang.org/toolchain@v0.0.1-go1.26.5.linux-amd64/src/internal/sync/hashtriemap.go:281:9: inlining call to atomic.(*Uint32).Load
/home/jules/go/pkg/mod/golang.org/toolchain@v0.0.1-go1.26.5.linux-amd64/src/internal/sync/hashtriemap.go:290:20: inlining call to sync.(*Mutex).Unlock
/home/jules/go/pkg/mod/golang.org/toolchain@v0.0.1-go1.26.5.linux-amd64/src/internal/sync/hashtriemap.go:606:20: inlining call to sync.newEntryNode[go.shape.interface {},go.shape.interface {}]
/home/jules/go/pkg/mod/golang.org/toolchain@v0.0.1-go1.26.5.linux-amd64/src/internal/sync/hashtriemap.go:607:33: inlining call to atomic.(*Pointer[go.shape.struct { internal/sync.node = internal/sync.node[go.shape.interface {},go.shape.interface {}]; internal/sync.overflow sync/atomic.Pointer[internal/sync.entry[go.shape.interface {},go.shape.interface {}]]; internal/sync.key go.shape.interface {}; internal/sync.value go.shape.interface {} }]).Load
/home/jules/go/pkg/mod/golang.org/toolchain@v0.0.1-go1.26.5.linux-amd64/src/internal/sync/hashtriemap.go:608:20: inlining call to atomic.(*Pointer[go.shape.struct { internal/sync.node = internal/sync.node[go.shape.interface {},go.shape.interface {}]; internal/sync.overflow sync/atomic.Pointer[internal/sync.entry[go.shape.interface {},go.shape.interface {}]]; internal/sync.key go.shape.interface {}; internal/sync.value go.shape.interface {} }]).Store
/home/jules/go/pkg/mod/golang.org/toolchain@v0.0.1-go1.26.5.linux-amd64/src/internal/sync/hashtriemap.go:613:13: inlining call to atomic.(*Pointer[go.shape.struct { internal/sync.node = internal/sync.node[go.shape.interface {},go.shape.interface {}]; internal/sync.overflow sync/atomic.Pointer[internal/sync.entry[go.shape.interface {},go.shape.interface {}]]; internal/sync.key go.shape.interface {}; internal/sync.value go.shape.interface {} }]).Load
/home/jules/go/pkg/mod/golang.org/toolchain@v0.0.1-go1.26.5.linux-amd64/src/internal/sync/hashtriemap.go:616:24: inlining call to sync.newEntryNode[go.shape.interface {},go.shape.interface {}]
/home/jules/go/pkg/mod/golang.org/toolchain@v0.0.1-go1.26.5.linux-amd64/src/internal/sync/hashtriemap.go:617:39: inlining call to atomic.(*Pointer[go.shape.struct { internal/sync.node = internal/sync.node[go.shape.interface {},go.shape.interface {}]; internal/sync.overflow sync/atomic.Pointer[internal/sync.entry[go.shape.interface {},go.shape.interface {}]]; internal/sync.key go.shape.interface {}; internal/sync.value go.shape.interface {} }]).Load
/home/jules/go/pkg/mod/golang.org/toolchain@v0.0.1-go1.26.5.linux-amd64/src/internal/sync/hashtriemap.go:617:23: inlining call to atomic.(*Pointer[go.shape.struct { internal/sync.node = internal/sync.node[go.shape.interface {},go.shape.interface {}]; internal/sync.overflow sync/atomic.Pointer[internal/sync.entry[go.shape.interface {},go.shape.interface {}]]; internal/sync.key go.shape.interface {}; internal/sync.value go.shape.interface {} }]).Store
/home/jules/go/pkg/mod/golang.org/toolchain@v0.0.1-go1.26.5.linux-amd64/src/internal/sync/hashtriemap.go:618:11: inlining call to atomic.(*Pointer[go.shape.struct { internal/sync.node = internal/sync.node[go.shape.interface {},go.shape.interface {}]; internal/sync.overflow sync/atomic.Pointer[internal/sync.entry[go.shape.interface {},go.shape.interface {}]]; internal/sync.key go.shape.interface {}; internal/sync.value go.shape.interface {} }]).Store
/home/jules/go/pkg/mod/golang.org/toolchain@v0.0.1-go1.26.5.linux-amd64/src/internal/sync/hashtriemap.go:622:22: inlining call to atomic.(*Pointer[go.shape.struct { internal/sync.node = internal/sync.node[go.shape.interface {},go.shape.interface {}]; internal/sync.overflow sync/atomic.Pointer[internal/sync.entry[go.shape.interface {},go.shape.interface {}]]; internal/sync.key go.shape.interface {}; internal/sync.value go.shape.interface {} }]).Load
/home/jules/go/pkg/mod/golang.org/toolchain@v0.0.1-go1.26.5.linux-amd64/src/internal/sync/hashtriemap.go:173:26: inlining call to atomic.(*Pointer[go.shape.struct { internal/sync.node = internal/sync.node[go.shape.interface {},go.shape.interface {}]; internal/sync.overflow sync/atomic.Pointer[internal/sync.entry[go.shape.interface {},go.shape.interface {}]]; internal/sync.key go.shape.interface {}; internal/sync.value go.shape.interface {} }]).Store
/home/jules/go/pkg/mod/golang.org/toolchain@v0.0.1-go1.26.5.linux-amd64/src/internal/sync/hashtriemap.go:177:32: inlining call to sync.newIndirectNode[go.shape.interface {},go.shape.interface {}]
/home/jules/go/pkg/mod/golang.org/toolchain@v0.0.1-go1.26.5.linux-amd64/src/internal/sync/hashtriemap.go:187:34: inlining call to atomic.(*Pointer[go.shape.struct { internal/sync.isEntry bool }]).Store
/home/jules/go/pkg/mod/golang.org/toolchain@v0.0.1-go1.26.5.linux-amd64/src/internal/sync/hashtriemap.go:188:34: inlining call to atomic.(*Pointer[go.shape.struct { internal/sync.isEntry bool }]).Store
/home/jules/go/pkg/mod/golang.org/toolchain@v0.0.1-go1.26.5.linux-amd64/src/internal/sync/hashtriemap.go:191:34: inlining call to sync.newIndirectNode[go.shape.interface {},go.shape.interface {}]
/home/jules/go/pkg/mod/golang.org/toolchain@v0.0.1-go1.26.5.linux-amd64/src/internal/sync/hashtriemap.go:192:33: inlining call to atomic.(*Pointer[go.shape.struct { internal/sync.isEntry bool }]).Store
/home/jules/go/pkg/mod/golang.org/toolchain@v0.0.1-go1.26.5.linux-amd64/src/internal/sync/hashtriemap.go:206:9: inlining call to sync.(*HashTrieMap[go.shape.interface {},go.shape.interface {}]).init
/home/jules/go/pkg/mod/golang.org/toolchain@v0.0.1-go1.26.5.linux-amd64/src/internal/sync/hashtriemap.go:207:33: inlining call to abi.NoEscape
/home/jules/go/pkg/mod/golang.org/toolchain@v0.0.1-go1.26.5.linux-amd64/src/internal/sync/hashtriemap.go:214:19: inlining call to atomic.(*Pointer[go.shape.struct { internal/sync.node = internal/sync.node[go.shape.interface {},go.shape.interface {}]; internal/sync.dead sync/atomic.Bool; internal/sync.mu internal/sync.Mutex; internal/sync.parent *internal/sync.indirect[go.shape.interface {},go.shape.interface {}]; internal/sync.children [16]sync/atomic.Pointer[go.shape.struct { internal/sync.isEntry bool }] }]).Load
/home/jules/go/pkg/mod/golang.org/toolchain@v0.0.1-go1.26.5.linux-amd64/src/internal/sync/hashtriemap.go:221:17: inlining call to atomic.(*Pointer[go.shape.struct { internal/sync.isEntry bool }]).Load
/home/jules/go/pkg/mod/golang.org/toolchain@v0.0.1-go1.26.5.linux-amd64/src/internal/sync/hashtriemap.go:228:18: inlining call to sync.(*node[go.shape.interface {},go.shape.interface {}]).indirect
/home/jules/go/pkg/mod/golang.org/toolchain@v0.0.1-go1.26.5.linux-amd64/src/internal/sync/hashtriemap.go:235:12: inlining call to sync.(*Mutex).Lock
/home/jules/go/pkg/mod/golang.org/toolchain@v0.0.1-go1.26.5.linux-amd64/src/internal/sync/hashtriemap.go:236:16: inlining call to atomic.(*Pointer[go.shape.struct { internal/sync.isEntry bool }]).Load
/home/jules/go/pkg/mod/golang.org/toolchain@v0.0.1-go1.26.5.linux-amd64/src/internal/sync/hashtriemap.go:237:45: inlining call to atomic.(*Bool).Load
/home/jules/go/pkg/mod/golang.org/toolchain@v0.0.1-go1.26.5.linux-amd64/src/internal/sync/hashtriemap.go:242:14: inlining call to sync.(*Mutex).Unlock
/home/jules/go/pkg/mod/golang.org/toolchain@v0.0.1-go1.26.5.linux-amd64/src/internal/sync/hashtriemap.go:255:21: inlining call to sync.(*node[go.shape.interface {},go.shape.interface {}]).entry
/home/jules/go/pkg/mod/golang.org/toolchain@v0.0.1-go1.26.5.linux-amd64/src/internal/sync/hashtriemap.go:258:14: inlining call to atomic.(*Pointer[go.shape.struct { internal/sync.isEntry bool }]).Store
/home/jules/go/pkg/mod/golang.org/toolchain@v0.0.1-go1.26.5.linux-amd64/src/internal/sync/hashtriemap.go:263:26: inlining call to sync.newEntryNode[go.shape.interface {},go.shape.interface {}]
/home/jules/go/pkg/mod/golang.org/toolchain@v0.0.1-go1.26.5.linux-amd64/src/internal/sync/hashtriemap.go:266:13: inlining call to atomic.(*Pointer[go.shape.struct { internal/sync.isEntry bool }]).Store
/home/jules/go/pkg/mod/golang.org/toolchain@v0.0.1-go1.26.5.linux-amd64/src/internal/sync/hashtriemap.go:272:13: inlining call to atomic.(*Pointer[go.shape.struct { internal/sync.isEntry bool }]).Store
/home/jules/go/pkg/mod/golang.org/toolchain@v0.0.1-go1.26.5.linux-amd64/src/internal/sync/hashtriemap.go:206:9: inlining call to atomic.(*Uint32).Load
/home/jules/go/pkg/mod/golang.org/toolchain@v0.0.1-go1.26.5.linux-amd64/src/internal/sync/hashtriemap.go:249:19: inlining call to sync.(*Mutex).Unlock
/home/jules/go/pkg/mod/golang.org/toolchain@v0.0.1-go1.26.5.linux-amd64/src/internal/sync/hashtriemap.go:584:22: inlining call to atomic.(*Pointer[go.shape.struct { internal/sync.node = internal/sync.node[go.shape.interface {},go.shape.interface {}]; internal/sync.overflow sync/atomic.Pointer[internal/sync.entry[go.shape.interface {},go.shape.interface {}]]; internal/sync.key go.shape.interface {}; internal/sync.value go.shape.interface {} }]).Load
/home/jules/go/pkg/mod/golang.org/toolchain@v0.0.1-go1.26.5.linux-amd64/src/internal/sync/hashtriemap.go:89:9: inlining call to sync.(*HashTrieMap[go.shape.interface {},go.shape.interface {}]).init
/home/jules/go/pkg/mod/golang.org/toolchain@v0.0.1-go1.26.5.linux-amd64/src/internal/sync/hashtriemap.go:90:33: inlining call to abi.NoEscape
/home/jules/go/pkg/mod/golang.org/toolchain@v0.0.1-go1.26.5.linux-amd64/src/internal/sync/hashtriemap.go:97:19: inlining call to atomic.(*Pointer[go.shape.struct { internal/sync.node = internal/sync.node[go.shape.interface {},go.shape.interface {}]; internal/sync.dead sync/atomic.Bool; internal/sync.mu internal/sync.Mutex; internal/sync.parent *internal/sync.indirect[go.shape.interface {},go.shape.interface {}]; internal/sync.children [16]sync/atomic.Pointer[go.shape.struct { internal/sync.isEntry bool }] }]).Load
/home/jules/go/pkg/mod/golang.org/toolchain@v0.0.1-go1.26.5.linux-amd64/src/internal/sync/hashtriemap.go:104:17: inlining call to atomic.(*Pointer[go.shape.struct { internal/sync.isEntry bool }]).Load
/home/jules/go/pkg/mod/golang.org/toolchain@v0.0.1-go1.26.5.linux-amd64/src/internal/sync/hashtriemap.go:114:24: inlining call to sync.(*node[go.shape.interface {},go.shape.interface {}]).entry
/home/jules/go/pkg/mod/golang.org/toolchain@v0.0.1-go1.26.5.linux-amd64/src/internal/sync/hashtriemap.go:114:33: inlining call to sync.(*entry[go.shape.interface {},go.shape.interface {}]).lookup
/home/jules/go/pkg/mod/golang.org/toolchain@v0.0.1-go1.26.5.linux-amd64/src/internal/sync/hashtriemap.go:120:18: inlining call to sync.(*node[go.shape.interface {},go.shape.interface {}]).indirect
/home/jules/go/pkg/mod/golang.org/toolchain@v0.0.1-go1.26.5.linux-amd64/src/internal/sync/hashtriemap.go:127:12: inlining call to sync.(*Mutex).Lock
/home/jules/go/pkg/mod/golang.org/toolchain@v0.0.1-go1.26.5.linux-amd64/src/internal/sync/hashtriemap.go:128:16: inlining call to atomic.(*Pointer[go.shape.struct { internal/sync.isEntry bool }]).Load
/home/jules/go/pkg/mod/golang.org/toolchain@v0.0.1-go1.26.5.linux-amd64/src/internal/sync/hashtriemap.go:129:45: inlining call to atomic.(*Bool).Load
/home/jules/go/pkg/mod/golang.org/toolchain@v0.0.1-go1.26.5.linux-amd64/src/internal/sync/hashtriemap.go:134:14: inlining call to sync.(*Mutex).Unlock
/home/jules/go/pkg/mod/golang.org/toolchain@v0.0.1-go1.26.5.linux-amd64/src/internal/sync/hashtriemap.go:145:21: inlining call to sync.(*node[go.shape.interface {},go.shape.interface {}]).entry
/home/jules/go/pkg/mod/golang.org/toolchain@v0.0.1-go1.26.5.linux-amd64/src/internal/sync/hashtriemap.go:146:30: inlining call to sync.(*entry[go.shape.interface {},go.shape.interface {}]).lookup
/home/jules/go/pkg/mod/golang.org/toolchain@v0.0.1-go1.26.5.linux-amd64/src/internal/sync/hashtriemap.go:151:26: inlining call to sync.newEntryNode[go.shape.interface {},go.shape.interface {}]
/home/jules/go/pkg/mod/golang.org/toolchain@v0.0.1-go1.26.5.linux-amd64/src/internal/sync/hashtriemap.go:154:13: inlining call to atomic.(*Pointer[go.shape.struct { internal/sync.isEntry bool }]).Store
/home/jules/go/pkg/mod/golang.org/toolchain@v0.0.1-go1.26.5.linux-amd64/src/internal/sync/hashtriemap.go:160:13: inlining call to atomic.(*Pointer[go.shape.struct { internal/sync.isEntry bool }]).Store
/home/jules/go/pkg/mod/golang.org/toolchain@v0.0.1-go1.26.5.linux-amd64/src/internal/sync/hashtriemap.go:89:9: inlining call to atomic.(*Uint32).Load
/home/jules/go/pkg/mod/golang.org/toolchain@v0.0.1-go1.26.5.linux-amd64/src/internal/sync/hashtriemap.go:114:33: inlining call to atomic.(*Pointer[go.shape.struct { internal/sync.node = internal/sync.node[go.shape.interface {},go.shape.interface {}]; internal/sync.overflow sync/atomic.Pointer[internal/sync.entry[go.shape.interface {},go.shape.interface {}]]; internal/sync.key go.shape.interface {}; internal/sync.value go.shape.interface {} }]).Load
/home/jules/go/pkg/mod/golang.org/toolchain@v0.0.1-go1.26.5.linux-amd64/src/internal/sync/hashtriemap.go:146:30: inlining call to atomic.(*Pointer[go.shape.struct { internal/sync.node = internal/sync.node[go.shape.interface {},go.shape.interface {}]; internal/sync.overflow sync/atomic.Pointer[internal/sync.entry[go.shape.interface {},go.shape.interface {}]]; internal/sync.key go.shape.interface {}; internal/sync.value go.shape.interface {} }]).Load
/home/jules/go/pkg/mod/golang.org/toolchain@v0.0.1-go1.26.5.linux-amd64/src/internal/sync/hashtriemap.go:141:19: inlining call to sync.(*Mutex).Unlock
/home/jules/go/pkg/mod/golang.org/toolchain@v0.0.1-go1.26.5.linux-amd64/src/internal/sync/hashtriemap.go:65:9: inlining call to sync.(*HashTrieMap[go.shape.interface {},go.shape.interface {}]).init
/home/jules/go/pkg/mod/golang.org/toolchain@v0.0.1-go1.26.5.linux-amd64/src/internal/sync/hashtriemap.go:66:33: inlining call to abi.NoEscape
/home/jules/go/pkg/mod/golang.org/toolchain@v0.0.1-go1.26.5.linux-amd64/src/internal/sync/hashtriemap.go:68:19: inlining call to atomic.(*Pointer[go.shape.struct { internal/sync.node = internal/sync.node[go.shape.interface {},go.shape.interface {}]; internal/sync.dead sync/atomic.Bool; internal/sync.mu internal/sync.Mutex; internal/sync.parent *internal/sync.indirect[go.shape.interface {},go.shape.interface {}]; internal/sync.children [16]sync/atomic.Pointer[go.shape.struct { internal/sync.isEntry bool }] }]).Load
/home/jules/go/pkg/mod/golang.org/toolchain@v0.0.1-go1.26.5.linux-amd64/src/internal/sync/hashtriemap.go:73:56: inlining call to atomic.(*Pointer[go.shape.struct { internal/sync.isEntry bool }]).Load
/home/jules/go/pkg/mod/golang.org/toolchain@v0.0.1-go1.26.5.linux-amd64/src/internal/sync/hashtriemap.go:78:18: inlining call to sync.(*node[go.shape.interface {},go.shape.interface {}]).entry
/home/jules/go/pkg/mod/golang.org/toolchain@v0.0.1-go1.26.5.linux-amd64/src/internal/sync/hashtriemap.go:78:27: inlining call to sync.(*entry[go.shape.interface {},go.shape.interface {}]).lookup
/home/jules/go/pkg/mod/golang.org/toolchain@v0.0.1-go1.26.5.linux-amd64/src/internal/sync/hashtriemap.go:80:17: inlining call to sync.(*node[go.shape.interface {},go.shape.interface {}]).indirect
/home/jules/go/pkg/mod/golang.org/toolchain@v0.0.1-go1.26.5.linux-amd64/src/internal/sync/hashtriemap.go:65:9: inlining call to atomic.(*Uint32).Load
/home/jules/go/pkg/mod/golang.org/toolchain@v0.0.1-go1.26.5.linux-amd64/src/internal/sync/hashtriemap.go:78:27: inlining call to atomic.(*Pointer[go.shape.struct { internal/sync.node = internal/sync.node[go.shape.interface {},go.shape.interface {}]; internal/sync.overflow sync/atomic.Pointer[internal/sync.entry[go.shape.interface {},go.shape.interface {}]]; internal/sync.key go.shape.interface {}; internal/sync.value go.shape.interface {} }]).Load
/home/jules/go/pkg/mod/golang.org/toolchain@v0.0.1-go1.26.5.linux-amd64/src/internal/sync/hashtriemap.go:359:6: inlining call to sync.(*HashTrieMap[go.shape.interface {},go.shape.interface {}]).Delete
/home/jules/go/pkg/mod/golang.org/toolchain@v0.0.1-go1.26.5.linux-amd64/src/internal/sync/hashtriemap.go:199:6: inlining call to sync.(*HashTrieMap[go.shape.interface {},go.shape.interface {}]).Store
/home/jules/go/pkg/mod/golang.org/toolchain@v0.0.1-go1.26.5.linux-amd64/src/internal/sync/hashtriemap.go:30:6: inlining call to sync.(*HashTrieMap[go.shape.interface {},go.shape.interface {}]).init
/home/jules/go/pkg/mod/golang.org/toolchain@v0.0.1-go1.26.5.linux-amd64/src/internal/sync/hashtriemap.go:30:6: inlining call to atomic.(*Uint32).Load
/home/jules/go/pkg/mod/golang.org/toolchain@v0.0.1-go1.26.5.linux-amd64/src/sync/atomic/type.go:67:6: inlining call to atomic.(*Pointer[go.shape.struct { internal/sync.node = internal/sync.node[interface {},interface {}]; internal/sync.dead sync/atomic.Bool; internal/sync.mu internal/sync.Mutex; internal/sync.parent *internal/sync.indirect[interface {},interface {}]; internal/sync.children [16]sync/atomic.Pointer[internal/sync.node[interface {},interface {}]] }]).CompareAndSwap
/home/jules/go/pkg/mod/golang.org/toolchain@v0.0.1-go1.26.5.linux-amd64/src/sync/atomic/type.go:64:6: inlining call to atomic.(*Pointer[go.shape.struct { internal/sync.node = internal/sync.node[interface {},interface {}]; internal/sync.dead sync/atomic.Bool; internal/sync.mu internal/sync.Mutex; internal/sync.parent *internal/sync.indirect[interface {},interface {}]; internal/sync.children [16]sync/atomic.Pointer[internal/sync.node[interface {},interface {}]] }]).Swap
/home/jules/go/pkg/mod/golang.org/toolchain@v0.0.1-go1.26.5.linux-amd64/src/sync/atomic/type.go:61:6: inlining call to atomic.(*Pointer[go.shape.struct { internal/sync.node = internal/sync.node[interface {},interface {}]; internal/sync.dead sync/atomic.Bool; internal/sync.mu internal/sync.Mutex; internal/sync.parent *internal/sync.indirect[interface {},interface {}]; internal/sync.children [16]sync/atomic.Pointer[internal/sync.node[interface {},interface {}]] }]).Store
/home/jules/go/pkg/mod/golang.org/toolchain@v0.0.1-go1.26.5.linux-amd64/src/sync/atomic/type.go:58:6: inlining call to atomic.(*Pointer[go.shape.struct { internal/sync.node = internal/sync.node[interface {},interface {}]; internal/sync.dead sync/atomic.Bool; internal/sync.mu internal/sync.Mutex; internal/sync.parent *internal/sync.indirect[interface {},interface {}]; internal/sync.children [16]sync/atomic.Pointer[internal/sync.node[interface {},interface {}]] }]).Load
/home/jules/go/pkg/mod/golang.org/toolchain@v0.0.1-go1.26.5.linux-amd64/src/internal/sync/hashtriemap.go:553:6: inlining call to sync.(*indirect[go.shape.interface {},go.shape.interface {}]).empty
/home/jules/go/pkg/mod/golang.org/toolchain@v0.0.1-go1.26.5.linux-amd64/src/internal/sync/hashtriemap.go:553:6: inlining call to atomic.(*Pointer[go.shape.struct { internal/sync.isEntry bool }]).Load
/home/jules/go/pkg/mod/golang.org/toolchain@v0.0.1-go1.26.5.linux-amd64/src/sync/atomic/type.go:67:6: inlining call to atomic.(*Pointer[go.shape.struct { internal/sync.isEntry bool }]).CompareAndSwap
/home/jules/go/pkg/mod/golang.org/toolchain@v0.0.1-go1.26.5.linux-amd64/src/sync/atomic/type.go:64:6: inlining call to atomic.(*Pointer[go.shape.struct { internal/sync.isEntry bool }]).Swap
/home/jules/go/pkg/mod/golang.org/toolchain@v0.0.1-go1.26.5.linux-amd64/src/sync/atomic/type.go:61:6: inlining call to atomic.(*Pointer[go.shape.struct { internal/sync.isEntry bool }]).Store
/home/jules/go/pkg/mod/golang.org/toolchain@v0.0.1-go1.26.5.linux-amd64/src/sync/atomic/type.go:58:6: inlining call to atomic.(*Pointer[go.shape.struct { internal/sync.isEntry bool }]).Load
/home/jules/go/pkg/mod/golang.org/toolchain@v0.0.1-go1.26.5.linux-amd64/src/internal/sync/hashtriemap.go:713:6: inlining call to sync.(*node[go.shape.interface {},go.shape.interface {}]).indirect
/home/jules/go/pkg/mod/golang.org/toolchain@v0.0.1-go1.26.5.linux-amd64/src/internal/sync/hashtriemap.go:706:6: inlining call to sync.(*node[go.shape.interface {},go.shape.interface {}]).entry
/home/jules/go/pkg/mod/golang.org/toolchain@v0.0.1-go1.26.5.linux-amd64/src/internal/sync/hashtriemap.go:589:6: inlining call to sync.(*entry[go.shape.interface {},go.shape.interface {}]).lookupWithValue
/home/jules/go/pkg/mod/golang.org/toolchain@v0.0.1-go1.26.5.linux-amd64/src/internal/sync/hashtriemap.go:589:6: inlining call to abi.NoEscape
/home/jules/go/pkg/mod/golang.org/toolchain@v0.0.1-go1.26.5.linux-amd64/src/internal/sync/hashtriemap.go:589:6: inlining call to atomic.(*Pointer[go.shape.struct { internal/sync.node = internal/sync.node[go.shape.interface {},go.shape.interface {}]; internal/sync.overflow sync/atomic.Pointer[internal/sync.entry[go.shape.interface {},go.shape.interface {}]]; internal/sync.key go.shape.interface {}; internal/sync.value go.shape.interface {} }]).Load
/home/jules/go/pkg/mod/golang.org/toolchain@v0.0.1-go1.26.5.linux-amd64/src/internal/sync/hashtriemap.go:579:6: inlining call to sync.(*entry[go.shape.interface {},go.shape.interface {}]).lookup
/home/jules/go/pkg/mod/golang.org/toolchain@v0.0.1-go1.26.5.linux-amd64/src/internal/sync/hashtriemap.go:579:6: inlining call to atomic.(*Pointer[go.shape.struct { internal/sync.node = internal/sync.node[go.shape.interface {},go.shape.interface {}]; internal/sync.overflow sync/atomic.Pointer[internal/sync.entry[go.shape.interface {},go.shape.interface {}]]; internal/sync.key go.shape.interface {}; internal/sync.value go.shape.interface {} }]).Load
/home/jules/go/pkg/mod/golang.org/toolchain@v0.0.1-go1.26.5.linux-amd64/src/sync/atomic/type.go:67:6: inlining call to atomic.(*Pointer[go.shape.struct { internal/sync.node = internal/sync.node[interface {},interface {}]; internal/sync.overflow sync/atomic.Pointer[internal/sync.entry[interface {},interface {}]]; internal/sync.key interface {}; internal/sync.value interface {} }]).CompareAndSwap
/home/jules/go/pkg/mod/golang.org/toolchain@v0.0.1-go1.26.5.linux-amd64/src/sync/atomic/type.go:64:6: inlining call to atomic.(*Pointer[go.shape.struct { internal/sync.node = internal/sync.node[interface {},interface {}]; internal/sync.overflow sync/atomic.Pointer[internal/sync.entry[interface {},interface {}]]; internal/sync.key interface {}; internal/sync.value interface {} }]).Swap
/home/jules/go/pkg/mod/golang.org/toolchain@v0.0.1-go1.26.5.linux-amd64/src/sync/atomic/type.go:61:6: inlining call to atomic.(*Pointer[go.shape.struct { internal/sync.node = internal/sync.node[interface {},interface {}]; internal/sync.overflow sync/atomic.Pointer[internal/sync.entry[interface {},interface {}]]; internal/sync.key interface {}; internal/sync.value interface {} }]).Store
/home/jules/go/pkg/mod/golang.org/toolchain@v0.0.1-go1.26.5.linux-amd64/src/sync/atomic/type.go:58:6: inlining call to atomic.(*Pointer[go.shape.struct { internal/sync.node = internal/sync.node[interface {},interface {}]; internal/sync.overflow sync/atomic.Pointer[internal/sync.entry[interface {},interface {}]]; internal/sync.key interface {}; internal/sync.value interface {} }]).Load
<autogenerated>:1: inlining call to sync.(*node[interface {},interface {}]).entry
<autogenerated>:1: inlining call to sync.(*node[go.shape.interface {},go.shape.interface {}]).entry
<autogenerated>:1: inlining call to sync.(*node[interface {},interface {}]).indirect
<autogenerated>:1: inlining call to sync.(*node[go.shape.interface {},go.shape.interface {}]).indirect
<autogenerated>:1: inlining call to sync.(*node[interface {},interface {}]).entry
<autogenerated>:1: inlining call to sync.(*node[go.shape.interface {},go.shape.interface {}]).entry
<autogenerated>:1: inlining call to sync.(*node[interface {},interface {}]).indirect
<autogenerated>:1: inlining call to sync.(*node[go.shape.interface {},go.shape.interface {}]).indirect
<autogenerated>:1: inlining call to sync.(*node[go.shape.interface {},go.shape.interface {}]).entry
<autogenerated>:1: inlining call to sync.(*node[go.shape.interface {},go.shape.interface {}]).indirect
<autogenerated>:1: inlining call to sync.(*node[go.shape.interface {},go.shape.interface {}]).entry
<autogenerated>:1: inlining call to sync.(*node[go.shape.interface {},go.shape.interface {}]).indirect
<autogenerated>:1: inlining call to sync.(*node[go.shape.interface {},go.shape.interface {}]).entry
<autogenerated>:1: inlining call to sync.(*node[go.shape.interface {},go.shape.interface {}]).indirect
<autogenerated>:1: inlining call to sync.(*node[interface {},interface {}]).entry
<autogenerated>:1: inlining call to sync.(*node[go.shape.interface {},go.shape.interface {}]).entry
<autogenerated>:1: inlining call to sync.(*node[interface {},interface {}]).indirect
<autogenerated>:1: inlining call to sync.(*node[go.shape.interface {},go.shape.interface {}]).indirect
<autogenerated>:1: inlining call to sync.(*node[interface {},interface {}]).entry
<autogenerated>:1: inlining call to sync.(*node[go.shape.interface {},go.shape.interface {}]).entry
<autogenerated>:1: inlining call to sync.(*node[interface {},interface {}]).indirect
<autogenerated>:1: inlining call to sync.(*node[go.shape.interface {},go.shape.interface {}]).indirect
<autogenerated>:1: inlining call to sync.(*node[go.shape.interface {},go.shape.interface {}]).entry
<autogenerated>:1: inlining call to sync.(*node[go.shape.interface {},go.shape.interface {}]).indirect
async/async.go:38:7: leaking param content: p
async/async.go:39:20: ... argument does not escape
async/async.go:39:58: p.Stack escapes to heap
async/async.go:48:9: leaking param: fn
async/async.go:48:20: leaking param: onPanic
async/async.go:49:5: func literal escapes to heap
async/async.go:53:9: func literal does not escape
async/async.go:55:17: &PanicError{...} escapes to heap
async/async.go:57:31: string(debug.Stack()) escapes to heap
async/async.go:74:12: leaking param: fn
async/async.go:76:5: func literal escapes to heap
async/async.go:80:9: func literal does not escape
async/async.go:82:11: &PanicError{...} escapes to heap
async/async.go:82:58: string(debug.Stack()) escapes to heap
async/async.go:107:9: &Group{} escapes to heap
async/async.go:116:7: leaking param: g
async/async.go:116:20: leaking param: fn
async/async.go:118:5: func literal escapes to heap
async/async.go:123:9: func literal does not escape
async/async.go:126:29: &PanicError{...} escapes to heap
async/async.go:126:76: string(debug.Stack()) escapes to heap
async/async.go:126:20: append escapes to heap
async/async.go:132:19: append escapes to heap
async/async.go:144:7: leaking param: g
async/queue.go:39:21: leaking param: redisOpt
async/queue.go:39:50: leaking param: cfg
async/queue.go:40:9: &QueueServer{...} escapes to heap
async/queue.go:42:28: new(asynq.ServeMux) escapes to heap
async/queue.go:50:7: leaking param: q
async/queue.go:50:34: leaking param: pattern
async/queue.go:50:50: leaking param: handler
async/queue.go:62:33: leaking param: ctx
async/queue.go:62:54: leaking param: t
async/queue.go:55:9: "asynq: cannot register handler after server has started" escapes to heap
async/queue.go:62:28: func literal escapes to heap
async/queue.go:63:9: func literal does not escape
async/queue.go:65:11: &PanicError{...} escapes to heap
async/queue.go:67:31: string(debug.Stack()) escapes to heap
async/queue.go:62:18: "asynq: nil handler" escapes to heap
async/queue.go:79:7: leaking param: q
async/queue.go:90:7: leaking param content: q
async/queue.go:106:21: leaking param: redisOpt
async/queue.go:107:9: &QueueClient{...} escapes to heap
async/queue.go:116:7: leaking param content: c
async/queue.go:116:31: leaking param content: task
async/queue.go:116:49: leaking param content: opts
async/queue.go:120:25: context.backgroundCtx{} escapes to heap
async/queue.go:127:7: leaking param content: c
async/queue.go:127:38: leaking param: ctx
async/queue.go:127:59: leaking param content: task
async/queue.go:127:77: leaking param content: opts
async/queue.go:138:7: leaking param content: c
/home/jules/go/pkg/mod/golang.org/toolchain@v0.0.1-go1.26.5.linux-amd64/src/internal/sync/hashtriemap.go:50:37: &sync.indirect[go.shape.interface {},go.shape.interface {}]{...} escapes to heap
/home/jules/go/pkg/mod/golang.org/toolchain@v0.0.1-go1.26.5.linux-amd64/src/internal/sync/hashtriemap.go:527:37: &sync.indirect[go.shape.interface {},go.shape.interface {}]{...} escapes to heap
/home/jules/go/pkg/mod/golang.org/toolchain@v0.0.1-go1.26.5.linux-amd64/src/internal/sync/hashtriemap.go:550:9: &sync.indirect[go.shape.interface {},go.shape.interface {}]{...} escapes to heap
/home/jules/go/pkg/mod/golang.org/toolchain@v0.0.1-go1.26.5.linux-amd64/src/internal/sync/hashtriemap.go:505:26: "called indirect on entry node" escapes to heap
/home/jules/go/pkg/mod/golang.org/toolchain@v0.0.1-go1.26.5.linux-amd64/src/internal/sync/hashtriemap.go:510:15: "called entry on non-entry node" escapes to heap
/home/jules/go/pkg/mod/golang.org/toolchain@v0.0.1-go1.26.5.linux-amd64/src/internal/sync/hashtriemap.go:483:9: func literal escapes to heap
/home/jules/go/pkg/mod/golang.org/toolchain@v0.0.1-go1.26.5.linux-amd64/src/internal/sync/hashtriemap.go:444:24: "called entry on non-entry node" escapes to heap
/home/jules/go/pkg/mod/golang.org/toolchain@v0.0.1-go1.26.5.linux-amd64/src/internal/sync/hashtriemap.go:444:42: new(<node DYNAMICTYPE>) does not escape
/home/jules/go/pkg/mod/golang.org/toolchain@v0.0.1-go1.26.5.linux-amd64/src/internal/sync/hashtriemap.go:454:18: "called indirect on entry node" escapes to heap
/home/jules/go/pkg/mod/golang.org/toolchain@v0.0.1-go1.26.5.linux-amd64/src/internal/sync/hashtriemap.go:457:10: "internal/sync.HashTrieMap: ran out of hash bits while iterating" escapes to heap
/home/jules/go/pkg/mod/golang.org/toolchain@v0.0.1-go1.26.5.linux-amd64/src/internal/sync/hashtriemap.go:371:9: "called CompareAndDelete when value is not of comparable type" escapes to heap
/home/jules/go/pkg/mod/golang.org/toolchain@v0.0.1-go1.26.5.linux-amd64/src/internal/sync/hashtriemap.go:376:55: new(<node DYNAMICTYPE>) does not escape
/home/jules/go/pkg/mod/golang.org/toolchain@v0.0.1-go1.26.5.linux-amd64/src/internal/sync/hashtriemap.go:385:23: "called entry on non-entry node" escapes to heap
/home/jules/go/pkg/mod/golang.org/toolchain@v0.0.1-go1.26.5.linux-amd64/src/internal/sync/hashtriemap.go:404:10: "internal/sync.HashTrieMap: ran out of hash bits while iterating" escapes to heap
/home/jules/go/pkg/mod/golang.org/toolchain@v0.0.1-go1.26.5.linux-amd64/src/internal/sync/hashtriemap.go:675:13: new(<node DYNAMICTYPE>) does not escape
/home/jules/go/pkg/mod/golang.org/toolchain@v0.0.1-go1.26.5.linux-amd64/src/internal/sync/hashtriemap.go:314:55: new(<node DYNAMICTYPE>) does not escape
/home/jules/go/pkg/mod/golang.org/toolchain@v0.0.1-go1.26.5.linux-amd64/src/internal/sync/hashtriemap.go:319:14: new(<node DYNAMICTYPE>) does not escape
/home/jules/go/pkg/mod/golang.org/toolchain@v0.0.1-go1.26.5.linux-amd64/src/internal/sync/hashtriemap.go:323:25: "called entry on non-entry node" escapes to heap
/home/jules/go/pkg/mod/golang.org/toolchain@v0.0.1-go1.26.5.linux-amd64/src/internal/sync/hashtriemap.go:327:14: new(<node DYNAMICTYPE>) does not escape
/home/jules/go/pkg/mod/golang.org/toolchain@v0.0.1-go1.26.5.linux-amd64/src/internal/sync/hashtriemap.go:342:10: "internal/sync.HashTrieMap: ran out of hash bits while iterating" escapes to heap
/home/jules/go/pkg/mod/golang.org/toolchain@v0.0.1-go1.26.5.linux-amd64/src/internal/sync/hashtriemap.go:635:20: &sync.entry[go.shape.interface {},go.shape.interface {}]{...} escapes to heap
/home/jules/go/pkg/mod/golang.org/toolchain@v0.0.1-go1.26.5.linux-amd64/src/internal/sync/hashtriemap.go:645:24: &sync.entry[go.shape.interface {},go.shape.interface {}]{...} escapes to heap
/home/jules/go/pkg/mod/golang.org/toolchain@v0.0.1-go1.26.5.linux-amd64/src/internal/sync/hashtriemap.go:283:9: "called CompareAndSwap when value is not of comparable type" escapes to heap
/home/jules/go/pkg/mod/golang.org/toolchain@v0.0.1-go1.26.5.linux-amd64/src/internal/sync/hashtriemap.go:297:23: "called entry on non-entry node" escapes to heap
/home/jules/go/pkg/mod/golang.org/toolchain@v0.0.1-go1.26.5.linux-amd64/src/internal/sync/hashtriemap.go:606:20: &sync.entry[go.shape.interface {},go.shape.interface {}]{...} escapes to heap
/home/jules/go/pkg/mod/golang.org/toolchain@v0.0.1-go1.26.5.linux-amd64/src/internal/sync/hashtriemap.go:616:24: &sync.entry[go.shape.interface {},go.shape.interface {}]{...} escapes to heap
/home/jules/go/pkg/mod/golang.org/toolchain@v0.0.1-go1.26.5.linux-amd64/src/internal/sync/hashtriemap.go:177:32: &sync.indirect[go.shape.interface {},go.shape.interface {}]{...} escapes to heap
/home/jules/go/pkg/mod/golang.org/toolchain@v0.0.1-go1.26.5.linux-amd64/src/internal/sync/hashtriemap.go:181:10: "internal/sync.HashTrieMap: ran out of hash bits while inserting (inc... escapes to heap
/home/jules/go/pkg/mod/golang.org/toolchain@v0.0.1-go1.26.5.linux-amd64/src/internal/sync/hashtriemap.go:191:34: &sync.indirect[go.shape.interface {},go.shape.interface {}]{...} escapes to heap
/home/jules/go/pkg/mod/golang.org/toolchain@v0.0.1-go1.26.5.linux-amd64/src/internal/sync/hashtriemap.go:228:18: "called indirect on entry node" escapes to heap
/home/jules/go/pkg/mod/golang.org/toolchain@v0.0.1-go1.26.5.linux-amd64/src/internal/sync/hashtriemap.go:231:10: "internal/sync.HashTrieMap: ran out of hash bits while iterating" escapes to heap
/home/jules/go/pkg/mod/golang.org/toolchain@v0.0.1-go1.26.5.linux-amd64/src/internal/sync/hashtriemap.go:255:21: "called entry on non-entry node" escapes to heap
/home/jules/go/pkg/mod/golang.org/toolchain@v0.0.1-go1.26.5.linux-amd64/src/internal/sync/hashtriemap.go:263:26: &sync.entry[go.shape.interface {},go.shape.interface {}]{...} escapes to heap
/home/jules/go/pkg/mod/golang.org/toolchain@v0.0.1-go1.26.5.linux-amd64/src/internal/sync/hashtriemap.go:572:9: &sync.entry[go.shape.interface {},go.shape.interface {}]{...} escapes to heap
/home/jules/go/pkg/mod/golang.org/toolchain@v0.0.1-go1.26.5.linux-amd64/src/internal/sync/hashtriemap.go:114:24: "called entry on non-entry node" escapes to heap
/home/jules/go/pkg/mod/golang.org/toolchain@v0.0.1-go1.26.5.linux-amd64/src/internal/sync/hashtriemap.go:114:33: new(<node DYNAMICTYPE>) does not escape
/home/jules/go/pkg/mod/golang.org/toolchain@v0.0.1-go1.26.5.linux-amd64/src/internal/sync/hashtriemap.go:120:18: "called indirect on entry node" escapes to heap
/home/jules/go/pkg/mod/golang.org/toolchain@v0.0.1-go1.26.5.linux-amd64/src/internal/sync/hashtriemap.go:123:10: "internal/sync.HashTrieMap: ran out of hash bits while iterating" escapes to heap
/home/jules/go/pkg/mod/golang.org/toolchain@v0.0.1-go1.26.5.linux-amd64/src/internal/sync/hashtriemap.go:145:21: "called entry on non-entry node" escapes to heap
/home/jules/go/pkg/mod/golang.org/toolchain@v0.0.1-go1.26.5.linux-amd64/src/internal/sync/hashtriemap.go:146:30: new(<node DYNAMICTYPE>) does not escape
/home/jules/go/pkg/mod/golang.org/toolchain@v0.0.1-go1.26.5.linux-amd64/src/internal/sync/hashtriemap.go:151:26: &sync.entry[go.shape.interface {},go.shape.interface {}]{...} escapes to heap
/home/jules/go/pkg/mod/golang.org/toolchain@v0.0.1-go1.26.5.linux-amd64/src/internal/sync/hashtriemap.go:75:15: new(<node DYNAMICTYPE>) does not escape
/home/jules/go/pkg/mod/golang.org/toolchain@v0.0.1-go1.26.5.linux-amd64/src/internal/sync/hashtriemap.go:78:18: "called entry on non-entry node" escapes to heap
/home/jules/go/pkg/mod/golang.org/toolchain@v0.0.1-go1.26.5.linux-amd64/src/internal/sync/hashtriemap.go:78:27: new(<node DYNAMICTYPE>) does not escape
/home/jules/go/pkg/mod/golang.org/toolchain@v0.0.1-go1.26.5.linux-amd64/src/internal/sync/hashtriemap.go:80:17: "called indirect on entry node" escapes to heap
/home/jules/go/pkg/mod/golang.org/toolchain@v0.0.1-go1.26.5.linux-amd64/src/internal/sync/hashtriemap.go:82:8: "internal/sync.HashTrieMap: ran out of hash bits while iterating" escapes to heap
/home/jules/go/pkg/mod/golang.org/toolchain@v0.0.1-go1.26.5.linux-amd64/src/internal/sync/hashtriemap.go:715:9: "called indirect on entry node" escapes to heap
/home/jules/go/pkg/mod/golang.org/toolchain@v0.0.1-go1.26.5.linux-amd64/src/internal/sync/hashtriemap.go:708:9: "called entry on non-entry node" escapes to heap
/home/jules/go/pkg/mod/golang.org/toolchain@v0.0.1-go1.26.5.linux-amd64/src/internal/sync/hashtriemap.go:596:13: new(<node DYNAMICTYPE>) does not escape
/home/jules/go/pkg/mod/golang.org/toolchain@v0.0.1-go1.26.5.linux-amd64/src/internal/sync/hashtriemap.go:586:13: new(<node DYNAMICTYPE>) does not escape
/home/jules/go/pkg/mod/golang.org/toolchain@v0.0.1-go1.26.5.linux-amd64/src/internal/sync/hashtriemap.go:713:6: "called indirect on entry node" escapes to heap
/home/jules/go/pkg/mod/golang.org/toolchain@v0.0.1-go1.26.5.linux-amd64/src/internal/sync/hashtriemap.go:706:6: "called entry on non-entry node" escapes to heap
/home/jules/go/pkg/mod/golang.org/toolchain@v0.0.1-go1.26.5.linux-amd64/src/internal/sync/hashtriemap.go:589:6: new(<node DYNAMICTYPE>) does not escape
/home/jules/go/pkg/mod/golang.org/toolchain@v0.0.1-go1.26.5.linux-amd64/src/internal/sync/hashtriemap.go:579:6: new(<node DYNAMICTYPE>) does not escape
<autogenerated>:1: "called entry on non-entry node" escapes to heap
<autogenerated>:1: "called indirect on entry node" escapes to heap
<autogenerated>:1: "called entry on non-entry node" escapes to heap
<autogenerated>:1: "called indirect on entry node" escapes to heap
<autogenerated>:1: "called entry on non-entry node" escapes to heap
<autogenerated>:1: "called indirect on entry node" escapes to heap
<autogenerated>:1: "called entry on non-entry node" escapes to heap
<autogenerated>:1: "called indirect on entry node" escapes to heap
<autogenerated>:1: "called entry on non-entry node" escapes to heap
<autogenerated>:1: "called indirect on entry node" escapes to heap
<autogenerated>:1: "called entry on non-entry node" escapes to heap
<autogenerated>:1: "called indirect on entry node" escapes to heap
<autogenerated>:1: "called entry on non-entry node" escapes to heap
<autogenerated>:1: "called indirect on entry node" escapes to heap
<autogenerated>:1: "called entry on non-entry node" escapes to heap
<autogenerated>:1: "called indirect on entry node" escapes to heap
/home/jules/go/pkg/mod/golang.org/toolchain@v0.0.1-go1.26.5.linux-amd64/src/internal/sync/hashtriemap.go:435:22: index bounds check elided
/home/jules/go/pkg/mod/golang.org/toolchain@v0.0.1-go1.26.5.linux-amd64/src/internal/sync/hashtriemap.go:412:18: index bounds check elided
/home/jules/go/pkg/mod/golang.org/toolchain@v0.0.1-go1.26.5.linux-amd64/src/internal/sync/hashtriemap.go:350:18: index bounds check elided
/home/jules/go/pkg/mod/golang.org/toolchain@v0.0.1-go1.26.5.linux-amd64/src/internal/sync/hashtriemap.go:220:22: index bounds check elided
/home/jules/go/pkg/mod/golang.org/toolchain@v0.0.1-go1.26.5.linux-amd64/src/internal/sync/hashtriemap.go:103:22: index bounds check elided
/home/jules/go/pkg/mod/golang.org/toolchain@v0.0.1-go1.26.5.linux-amd64/src/internal/sync/hashtriemap.go:73:18: index bounds check elided
# github.com/gabrielima7/GopherCore/logkit
logkit/logkit.go:42:6: can inline WithLevel
logkit/logkit.go:43:9: can inline WithLevel.func1
logkit/logkit.go:52:6: can inline WithWriter
logkit/logkit.go:53:9: can inline WithWriter.func1
/home/jules/go/pkg/mod/golang.org/toolchain@v0.0.1-go1.26.5.linux-amd64/src/sync/atomic/type.go:67:6: can inline atomic.(*Pointer[go.shape.struct { os.mu sync.Mutex; os.buf *[]uint8; os.nbuf int; os.bufp int }]).CompareAndSwap
/home/jules/go/pkg/mod/golang.org/toolchain@v0.0.1-go1.26.5.linux-amd64/src/sync/atomic/type.go:64:6: can inline atomic.(*Pointer[go.shape.struct { os.mu sync.Mutex; os.buf *[]uint8; os.nbuf int; os.bufp int }]).Swap
/home/jules/go/pkg/mod/golang.org/toolchain@v0.0.1-go1.26.5.linux-amd64/src/sync/atomic/type.go:61:6: can inline atomic.(*Pointer[go.shape.struct { os.mu sync.Mutex; os.buf *[]uint8; os.nbuf int; os.bufp int }]).Store
/home/jules/go/pkg/mod/golang.org/toolchain@v0.0.1-go1.26.5.linux-amd64/src/sync/atomic/type.go:58:6: can inline atomic.(*Pointer[go.shape.struct { os.mu sync.Mutex; os.buf *[]uint8; os.nbuf int; os.bufp int }]).Load
/home/jules/go/pkg/mod/golang.org/toolchain@v0.0.1-go1.26.5.linux-amd64/src/sync/atomic/type.go:67:6: can inline atomic.(*Pointer[os.dirInfo]).CompareAndSwap
/home/jules/go/pkg/mod/golang.org/toolchain@v0.0.1-go1.26.5.linux-amd64/src/sync/atomic/type.go:64:6: can inline atomic.(*Pointer[os.dirInfo]).Swap
/home/jules/go/pkg/mod/golang.org/toolchain@v0.0.1-go1.26.5.linux-amd64/src/sync/atomic/type.go:61:6: can inline atomic.(*Pointer[os.dirInfo]).Store
/home/jules/go/pkg/mod/golang.org/toolchain@v0.0.1-go1.26.5.linux-amd64/src/sync/atomic/type.go:58:6: can inline atomic.(*Pointer[os.dirInfo]).Load
logkit/logkit.go:75:32: inlining call to slog.NewJSONHandler
logkit/logkit.go:79:17: inlining call to slog.New
/home/jules/go/pkg/mod/golang.org/toolchain@v0.0.1-go1.26.5.linux-amd64/src/sync/atomic/type.go:67:6: inlining call to atomic.(*Pointer[go.shape.struct { os.mu sync.Mutex; os.buf *[]uint8; os.nbuf int; os.bufp int }]).CompareAndSwap
/home/jules/go/pkg/mod/golang.org/toolchain@v0.0.1-go1.26.5.linux-amd64/src/sync/atomic/type.go:64:6: inlining call to atomic.(*Pointer[go.shape.struct { os.mu sync.Mutex; os.buf *[]uint8; os.nbuf int; os.bufp int }]).Swap
/home/jules/go/pkg/mod/golang.org/toolchain@v0.0.1-go1.26.5.linux-amd64/src/sync/atomic/type.go:61:6: inlining call to atomic.(*Pointer[go.shape.struct { os.mu sync.Mutex; os.buf *[]uint8; os.nbuf int; os.bufp int }]).Store
/home/jules/go/pkg/mod/golang.org/toolchain@v0.0.1-go1.26.5.linux-amd64/src/sync/atomic/type.go:58:6: inlining call to atomic.(*Pointer[go.shape.struct { os.mu sync.Mutex; os.buf *[]uint8; os.nbuf int; os.bufp int }]).Load
logkit/logkit.go:43:14: c does not escape
logkit/logkit.go:43:9: func literal escapes to heap
logkit/logkit.go:52:17: leaking param: w
logkit/logkit.go:53:14: c does not escape
logkit/logkit.go:53:9: func literal escapes to heap
logkit/logkit.go:63:16: opts does not escape
logkit/logkit.go:64:2: moved to heap: config
logkit/logkit.go:75:48: &slog.HandlerOptions{...} does not escape
logkit/logkit.go:76:16: config.Level escapes to heap
logkit/logkit.go:75:32: &slog.HandlerOptions{} does not escape
logkit/logkit.go:75:32: &slog.JSONHandler{...} escapes to heap
logkit/logkit.go:75:32: &slog.commonHandler{...} escapes to heap
logkit/logkit.go:75:32: &sync.Mutex{} escapes to heap
logkit/logkit.go:79:17: "nil Handler" escapes to heap
logkit/logkit.go:79:17: &slog.Logger{...} escapes to heap
logkit/logkit.go:88:17: opts does not escape
# github.com/gabrielima7/GopherCore/jsonutil
jsonutil/json.go:19:6: can inline Marshal
jsonutil/json.go:27:6: can inline MarshalIndent
jsonutil/json.go:35:6: can inline Unmarshal
jsonutil/json.go:44:6: can inline NewEncoder
jsonutil/json.go:53:6: can inline NewDecoder
jsonutil/json.go:62:6: can inline Valid
jsonutil/json.go:36:25: inlining call to json.Unmarshal
jsonutil/json.go:45:26: inlining call to json.NewEncoder
jsonutil/json.go:54:26: inlining call to json.NewDecoder
jsonutil/json.go:54:26: inlining call to decoder.NewStream
<autogenerated>:1: inlining call to reflect.flag.kind
<autogenerated>:1: inlining call to reflect.flag.kind
<autogenerated>:1: inlining call to reflect.flag.mustBe
<autogenerated>:1: inlining call to reflect.flag.kind
<autogenerated>:1: inlining call to reflect.flag.mustBe
<autogenerated>:1: inlining call to reflect.flag.kind
<autogenerated>:1: inlining call to reflect.flag.mustBeAssignable
<autogenerated>:1: inlining call to reflect.flag.mustBeAssignable
<autogenerated>:1: inlining call to reflect.flag.mustBeExported
<autogenerated>:1: inlining call to reflect.flag.mustBeExported
<autogenerated>:1: inlining call to reflect.flag.ro
<autogenerated>:1: inlining call to reflect.flag.ro
jsonutil/json.go:19:14: leaking param: v
jsonutil/json.go:27:20: leaking param: v
jsonutil/json.go:27:27: prefix does not escape
jsonutil/json.go:27:35: indent does not escape
jsonutil/json.go:35:16: data does not escape
jsonutil/json.go:35:29: leaking param: v
jsonutil/json.go:44:17: leaking param: w
jsonutil/json.go:45:26: &json.Encoder{...} escapes to heap
jsonutil/json.go:53:17: leaking param: r
jsonutil/json.go:54:26: &decoder.Stream{...} escapes to heap
jsonutil/json.go:54:26: make([]byte, 512) escapes to heap
jsonutil/json.go:54:26: &decoder.Option{} escapes to heap
jsonutil/json.go:54:26: &json.Decoder{...} escapes to heap
jsonutil/json.go:62:12: leaking param: data
<autogenerated>:1: &reflect.ValueError{...} escapes to heap
<autogenerated>:1: &reflect.ValueError{...} escapes to heap
# github.com/gabrielima7/GopherCore/grpckit
grpckit/client.go:45:6: can inline defaultClientConfig
grpckit/client.go:67:9: can inline WithInsecure.func1
grpckit/client.go:66:6: can inline WithInsecure
grpckit/client.go:78:6: can inline WithClientTLS
grpckit/client.go:79:9: can inline WithClientTLS.func1
grpckit/client.go:94:6: can inline WithDialTimeout
grpckit/client.go:95:9: can inline WithDialTimeout.func1
grpckit/client.go:108:6: can inline WithClientUnaryInterceptors
grpckit/client.go:109:9: can inline WithClientUnaryInterceptors.func1
grpckit/client.go:123:6: can inline WithClientStreamInterceptors
grpckit/client.go:124:9: can inline WithClientStreamInterceptors.func1
grpckit/client.go:141:6: can inline WithRawDialOptions
grpckit/client.go:142:9: can inline WithRawDialOptions.func1
grpckit/interceptors.go:41:6: can inline RecoveryUnaryInterceptor
grpckit/interceptors.go:85:6: can inline RecoveryStreamInterceptor
grpckit/interceptors.go:138:6: can inline LoggingUnaryInterceptor
grpckit/interceptors.go:139:9: can inline LoggingUnaryInterceptor.func1
grpckit/interceptors.go:183:6: can inline LoggingStreamInterceptor
grpckit/interceptors.go:184:9: can inline LoggingStreamInterceptor.func1
grpckit/server.go:47:6: can inline defaultServerConfig
grpckit/server.go:70:6: can inline WithServerAddress
grpckit/server.go:71:9: can inline WithServerAddress.func1
grpckit/server.go:83:6: can inline WithServerTLS
grpckit/server.go:84:9: can inline WithServerTLS.func1
grpckit/server.go:97:6: can inline WithServerLogger
grpckit/server.go:98:9: can inline WithServerLogger.func1
grpckit/server.go:112:6: can inline WithUnaryInterceptors
grpckit/server.go:113:9: can inline WithUnaryInterceptors.func1
grpckit/server.go:129:6: can inline WithStreamInterceptors
grpckit/server.go:130:9: can inline WithStreamInterceptors.func1
/home/jules/go/pkg/mod/golang.org/toolchain@v0.0.1-go1.26.5.linux-amd64/src/sync/atomic/type.go:67:6: can inline atomic.(*Pointer[go.shape.chan struct {}]).CompareAndSwap
/home/jules/go/pkg/mod/golang.org/toolchain@v0.0.1-go1.26.5.linux-amd64/src/sync/atomic/type.go:64:6: can inline atomic.(*Pointer[go.shape.chan struct {}]).Swap
/home/jules/go/pkg/mod/golang.org/toolchain@v0.0.1-go1.26.5.linux-amd64/src/sync/atomic/type.go:61:6: can inline atomic.(*Pointer[go.shape.chan struct {}]).Store
/home/jules/go/pkg/mod/golang.org/toolchain@v0.0.1-go1.26.5.linux-amd64/src/sync/atomic/type.go:58:6: can inline atomic.(*Pointer[go.shape.chan struct {}]).Load
/home/jules/go/pkg/mod/golang.org/toolchain@v0.0.1-go1.26.5.linux-amd64/src/sync/atomic/type.go:67:6: can inline atomic.(*Pointer[go.shape.struct { sync.poolDequeue; sync.next sync/atomic.Pointer[sync.poolChainElt]; sync.prev sync/atomic.Pointer[sync.poolChainElt] }]).CompareAndSwap
/home/jules/go/pkg/mod/golang.org/toolchain@v0.0.1-go1.26.5.linux-amd64/src/sync/atomic/type.go:64:6: can inline atomic.(*Pointer[go.shape.struct { sync.poolDequeue; sync.next sync/atomic.Pointer[sync.poolChainElt]; sync.prev sync/atomic.Pointer[sync.poolChainElt] }]).Swap
/home/jules/go/pkg/mod/golang.org/toolchain@v0.0.1-go1.26.5.linux-amd64/src/sync/atomic/type.go:61:6: can inline atomic.(*Pointer[go.shape.struct { sync.poolDequeue; sync.next sync/atomic.Pointer[sync.poolChainElt]; sync.prev sync/atomic.Pointer[sync.poolChainElt] }]).Store
/home/jules/go/pkg/mod/golang.org/toolchain@v0.0.1-go1.26.5.linux-amd64/src/sync/atomic/type.go:58:6: can inline atomic.(*Pointer[go.shape.struct { sync.poolDequeue; sync.next sync/atomic.Pointer[sync.poolChainElt]; sync.prev sync/atomic.Pointer[sync.poolChainElt] }]).Load
/home/jules/go/pkg/mod/golang.org/toolchain@v0.0.1-go1.26.5.linux-amd64/src/sync/atomic/type.go:67:6: can inline atomic.(*Pointer[go.shape.int]).CompareAndSwap
/home/jules/go/pkg/mod/golang.org/toolchain@v0.0.1-go1.26.5.linux-amd64/src/sync/atomic/type.go:64:6: can inline atomic.(*Pointer[go.shape.int]).Swap
/home/jules/go/pkg/mod/golang.org/toolchain@v0.0.1-go1.26.5.linux-amd64/src/sync/atomic/type.go:61:6: can inline atomic.(*Pointer[go.shape.int]).Store
/home/jules/go/pkg/mod/golang.org/toolchain@v0.0.1-go1.26.5.linux-amd64/src/sync/atomic/type.go:58:6: can inline atomic.(*Pointer[go.shape.int]).Load
/home/jules/go/pkg/mod/golang.org/toolchain@v0.0.1-go1.26.5.linux-amd64/src/sync/atomic/type.go:67:6: can inline atomic.(*Pointer[go.shape.string]).CompareAndSwap
/home/jules/go/pkg/mod/golang.org/toolchain@v0.0.1-go1.26.5.linux-amd64/src/sync/atomic/type.go:64:6: can inline atomic.(*Pointer[go.shape.string]).Swap
/home/jules/go/pkg/mod/golang.org/toolchain@v0.0.1-go1.26.5.linux-amd64/src/sync/atomic/type.go:61:6: can inline atomic.(*Pointer[go.shape.string]).Store
/home/jules/go/pkg/mod/golang.org/toolchain@v0.0.1-go1.26.5.linux-amd64/src/sync/atomic/type.go:58:6: can inline atomic.(*Pointer[go.shape.string]).Load
/home/jules/go/pkg/mod/golang.org/toolchain@v0.0.1-go1.26.5.linux-amd64/src/sync/atomic/type.go:67:6: can inline atomic.(*Pointer[go.shape.struct { google.golang.org/grpc.picker google.golang.org/grpc/balancer.Picker; google.golang.org/grpc.blockingCh chan struct {} }]).CompareAndSwap
/home/jules/go/pkg/mod/golang.org/toolchain@v0.0.1-go1.26.5.linux-amd64/src/sync/atomic/type.go:64:6: can inline atomic.(*Pointer[go.shape.struct { google.golang.org/grpc.picker google.golang.org/grpc/balancer.Picker; google.golang.org/grpc.blockingCh chan struct {} }]).Swap
/home/jules/go/pkg/mod/golang.org/toolchain@v0.0.1-go1.26.5.linux-amd64/src/sync/atomic/type.go:61:6: can inline atomic.(*Pointer[go.shape.struct { google.golang.org/grpc.picker google.golang.org/grpc/balancer.Picker; google.golang.org/grpc.blockingCh chan struct {} }]).Store
/home/jules/go/pkg/mod/golang.org/toolchain@v0.0.1-go1.26.5.linux-amd64/src/sync/atomic/type.go:58:6: can inline atomic.(*Pointer[go.shape.struct { google.golang.org/grpc.picker google.golang.org/grpc/balancer.Picker; google.golang.org/grpc.blockingCh chan struct {} }]).Load
/home/jules/go/pkg/mod/golang.org/toolchain@v0.0.1-go1.26.5.linux-amd64/src/sync/atomic/type.go:67:6: can inline atomic.(*Pointer[google.golang.org/grpc.pickerGeneration]).CompareAndSwap
/home/jules/go/pkg/mod/golang.org/toolchain@v0.0.1-go1.26.5.linux-amd64/src/sync/atomic/type.go:64:6: can inline atomic.(*Pointer[google.golang.org/grpc.pickerGeneration]).Swap
/home/jules/go/pkg/mod/golang.org/toolchain@v0.0.1-go1.26.5.linux-amd64/src/sync/atomic/type.go:61:6: can inline atomic.(*Pointer[google.golang.org/grpc.pickerGeneration]).Store
/home/jules/go/pkg/mod/golang.org/toolchain@v0.0.1-go1.26.5.linux-amd64/src/sync/atomic/type.go:58:6: can inline atomic.(*Pointer[google.golang.org/grpc.pickerGeneration]).Load
/home/jules/go/pkg/mod/golang.org/toolchain@v0.0.1-go1.26.5.linux-amd64/src/sync/atomic/type.go:67:6: can inline atomic.(*Pointer[string]).CompareAndSwap
/home/jules/go/pkg/mod/golang.org/toolchain@v0.0.1-go1.26.5.linux-amd64/src/sync/atomic/type.go:64:6: can inline atomic.(*Pointer[string]).Swap
/home/jules/go/pkg/mod/golang.org/toolchain@v0.0.1-go1.26.5.linux-amd64/src/sync/atomic/type.go:61:6: can inline atomic.(*Pointer[string]).Store
/home/jules/go/pkg/mod/golang.org/toolchain@v0.0.1-go1.26.5.linux-amd64/src/sync/atomic/type.go:58:6: can inline atomic.(*Pointer[string]).Load
/home/jules/go/pkg/mod/golang.org/toolchain@v0.0.1-go1.26.5.linux-amd64/src/sync/atomic/type.go:67:6: can inline atomic.(*Pointer[google.golang.org/grpc/connectivity.State]).CompareAndSwap
/home/jules/go/pkg/mod/golang.org/toolchain@v0.0.1-go1.26.5.linux-amd64/src/sync/atomic/type.go:64:6: can inline atomic.(*Pointer[google.golang.org/grpc/connectivity.State]).Swap
/home/jules/go/pkg/mod/golang.org/toolchain@v0.0.1-go1.26.5.linux-amd64/src/sync/atomic/type.go:61:6: can inline atomic.(*Pointer[google.golang.org/grpc/connectivity.State]).Store
/home/jules/go/pkg/mod/golang.org/toolchain@v0.0.1-go1.26.5.linux-amd64/src/sync/atomic/type.go:58:6: can inline atomic.(*Pointer[google.golang.org/grpc/connectivity.State]).Load
/home/jules/go/pkg/mod/golang.org/toolchain@v0.0.1-go1.26.5.linux-amd64/src/sync/atomic/type.go:67:6: can inline atomic.(*Pointer[sync.poolChainElt]).CompareAndSwap
/home/jules/go/pkg/mod/golang.org/toolchain@v0.0.1-go1.26.5.linux-amd64/src/sync/atomic/type.go:64:6: can inline atomic.(*Pointer[sync.poolChainElt]).Swap
/home/jules/go/pkg/mod/golang.org/toolchain@v0.0.1-go1.26.5.linux-amd64/src/sync/atomic/type.go:61:6: can inline atomic.(*Pointer[sync.poolChainElt]).Store
/home/jules/go/pkg/mod/golang.org/toolchain@v0.0.1-go1.26.5.linux-amd64/src/sync/atomic/type.go:58:6: can inline atomic.(*Pointer[sync.poolChainElt]).Load
/home/jules/go/pkg/mod/golang.org/toolchain@v0.0.1-go1.26.5.linux-amd64/src/sync/atomic/type.go:67:6: can inline atomic.(*Pointer[chan struct {}]).CompareAndSwap
/home/jules/go/pkg/mod/golang.org/toolchain@v0.0.1-go1.26.5.linux-amd64/src/sync/atomic/type.go:64:6: can inline atomic.(*Pointer[chan struct {}]).Swap
/home/jules/go/pkg/mod/golang.org/toolchain@v0.0.1-go1.26.5.linux-amd64/src/sync/atomic/type.go:61:6: can inline atomic.(*Pointer[chan struct {}]).Store
/home/jules/go/pkg/mod/golang.org/toolchain@v0.0.1-go1.26.5.linux-amd64/src/sync/atomic/type.go:58:6: can inline atomic.(*Pointer[chan struct {}]).Load
grpckit/client.go:158:28: inlining call to defaultClientConfig
grpckit/client.go:191:24: inlining call to grpc.WithStatsHandler
grpckit/client.go:196:60: inlining call to grpc.WithTransportCredentials
grpckit/client.go:198:84: inlining call to insecure.NewCredentials
grpckit/client.go:198:60: inlining call to grpc.WithTransportCredentials
grpckit/client.go:203:61: inlining call to grpc.WithChainUnaryInterceptor
grpckit/client.go:206:62: inlining call to grpc.WithChainStreamInterceptor
grpckit/client.go:214:55: inlining call to context.Background
grpckit/client.go:191:24: inlining call to grpc.newFuncDialOption
grpckit/client.go:196:60: inlining call to grpc.newFuncDialOption
grpckit/client.go:198:60: inlining call to grpc.newFuncDialOption
grpckit/client.go:203:61: inlining call to grpc.newFuncDialOption
grpckit/client.go:206:62: inlining call to grpc.newFuncDialOption
grpckit/interceptors.go:51:48: inlining call to status.(*Status).Err
grpckit/interceptors.go:51:48: inlining call to status.(*Status).Code
grpckit/interceptors.go:61:17: inlining call to slog.String
grpckit/interceptors.go:62:17: inlining call to slog.String
grpckit/interceptors.go:63:17: inlining call to slog.String
grpckit/interceptors.go:60:24: inlining call to slog.(*Logger).ErrorContext
grpckit/interceptors.go:61:17: inlining call to slog.StringValue
grpckit/interceptors.go:62:17: inlining call to slog.StringValue
grpckit/interceptors.go:63:17: inlining call to slog.StringValue
grpckit/interceptors.go:95:43: inlining call to status.(*Status).Err
grpckit/interceptors.go:95:43: inlining call to status.(*Status).Code
grpckit/interceptors.go:105:17: inlining call to slog.String
grpckit/interceptors.go:106:17: inlining call to slog.String
grpckit/interceptors.go:107:17: inlining call to slog.String
grpckit/interceptors.go:104:24: inlining call to slog.(*Logger).ErrorContext
grpckit/interceptors.go:105:17: inlining call to slog.StringValue
grpckit/interceptors.go:106:17: inlining call to slog.StringValue
grpckit/interceptors.go:107:17: inlining call to slog.StringValue
grpckit/interceptors.go:155:15: inlining call to slog.String
grpckit/interceptors.go:156:48: inlining call to time.Duration.String
grpckit/interceptors.go:156:15: inlining call to slog.String
grpckit/interceptors.go:157:15: inlining call to slog.String
grpckit/interceptors.go:160:37: inlining call to slog.String
grpckit/interceptors.go:161:22: inlining call to slog.(*Logger).WarnContext
grpckit/interceptors.go:163:22: inlining call to slog.(*Logger).InfoContext
grpckit/interceptors.go:155:15: inlining call to slog.StringValue
grpckit/interceptors.go:156:15: inlining call to slog.StringValue
grpckit/interceptors.go:157:15: inlining call to slog.StringValue
grpckit/interceptors.go:160:37: inlining call to slog.StringValue
grpckit/interceptors.go:200:15: inlining call to slog.String
grpckit/interceptors.go:201:48: inlining call to time.Duration.String
grpckit/interceptors.go:201:15: inlining call to slog.String
grpckit/interceptors.go:202:15: inlining call to slog.String
grpckit/interceptors.go:205:37: inlining call to slog.String
grpckit/interceptors.go:206:22: inlining call to slog.(*Logger).WarnContext
grpckit/interceptors.go:208:22: inlining call to slog.(*Logger).InfoContext
grpckit/interceptors.go:200:15: inlining call to slog.StringValue
grpckit/interceptors.go:201:15: inlining call to slog.StringValue
grpckit/interceptors.go:202:15: inlining call to slog.StringValue
grpckit/interceptors.go:205:37: inlining call to slog.StringValue
grpckit/server.go:50:28: inlining call to slog.Default
grpckit/server.go:50:28: inlining call to atomic.(*Pointer[go.shape.struct { log/slog.handler log/slog.Handler }]).Load
grpckit/server.go:148:28: inlining call to defaultServerConfig
grpckit/server.go:148:28: inlining call to slog.Default
grpckit/server.go:148:28: inlining call to atomic.(*Pointer[go.shape.struct { log/slog.handler log/slog.Handler }]).Load
grpckit/server.go:181:27: inlining call to RecoveryUnaryInterceptor
grpckit/server.go:182:26: inlining call to LoggingUnaryInterceptor
grpckit/server.go:189:28: inlining call to RecoveryStreamInterceptor
grpckit/server.go:190:27: inlining call to LoggingStreamInterceptor
grpckit/server.go:195:20: inlining call to grpc.StatsHandler
grpckit/server.go:196:29: inlining call to grpc.ChainUnaryInterceptor
grpckit/server.go:197:30: inlining call to grpc.ChainStreamInterceptor
grpckit/server.go:203:41: inlining call to grpc.Creds
grpckit/server.go:205:65: inlining call to insecure.NewCredentials
grpckit/server.go:205:41: inlining call to grpc.Creds
grpckit/server.go:195:20: inlining call to grpc.newFuncServerOption
grpckit/server.go:196:29: inlining call to grpc.newFuncServerOption
grpckit/server.go:197:30: inlining call to grpc.newFuncServerOption
grpckit/server.go:203:41: inlining call to grpc.newFuncServerOption
grpckit/server.go:205:41: inlining call to grpc.newFuncServerOption
/home/jules/go/pkg/mod/golang.org/toolchain@v0.0.1-go1.26.5.linux-amd64/src/sync/atomic/type.go:67:6: inlining call to atomic.(*Pointer[go.shape.struct { google.golang.org/grpc.picker google.golang.org/grpc/balancer.Picker; google.golang.org/grpc.blockingCh chan struct {} }]).CompareAndSwap
/home/jules/go/pkg/mod/golang.org/toolchain@v0.0.1-go1.26.5.linux-amd64/src/sync/atomic/type.go:64:6: inlining call to atomic.(*Pointer[go.shape.struct { google.golang.org/grpc.picker google.golang.org/grpc/balancer.Picker; google.golang.org/grpc.blockingCh chan struct {} }]).Swap
/home/jules/go/pkg/mod/golang.org/toolchain@v0.0.1-go1.26.5.linux-amd64/src/sync/atomic/type.go:61:6: inlining call to atomic.(*Pointer[go.shape.struct { google.golang.org/grpc.picker google.golang.org/grpc/balancer.Picker; google.golang.org/grpc.blockingCh chan struct {} }]).Store
/home/jules/go/pkg/mod/golang.org/toolchain@v0.0.1-go1.26.5.linux-amd64/src/sync/atomic/type.go:58:6: inlining call to atomic.(*Pointer[go.shape.struct { google.golang.org/grpc.picker google.golang.org/grpc/balancer.Picker; google.golang.org/grpc.blockingCh chan struct {} }]).Load
/home/jules/go/pkg/mod/golang.org/toolchain@v0.0.1-go1.26.5.linux-amd64/src/sync/atomic/type.go:67:6: inlining call to atomic.(*Pointer[go.shape.string]).CompareAndSwap
/home/jules/go/pkg/mod/golang.org/toolchain@v0.0.1-go1.26.5.linux-amd64/src/sync/atomic/type.go:64:6: inlining call to atomic.(*Pointer[go.shape.string]).Swap
/home/jules/go/pkg/mod/golang.org/toolchain@v0.0.1-go1.26.5.linux-amd64/src/sync/atomic/type.go:61:6: inlining call to atomic.(*Pointer[go.shape.string]).Store
/home/jules/go/pkg/mod/golang.org/toolchain@v0.0.1-go1.26.5.linux-amd64/src/sync/atomic/type.go:58:6: inlining call to atomic.(*Pointer[go.shape.string]).Load
/home/jules/go/pkg/mod/golang.org/toolchain@v0.0.1-go1.26.5.linux-amd64/src/sync/atomic/type.go:67:6: inlining call to atomic.(*Pointer[go.shape.int]).CompareAndSwap
/home/jules/go/pkg/mod/golang.org/toolchain@v0.0.1-go1.26.5.linux-amd64/src/sync/atomic/type.go:64:6: inlining call to atomic.(*Pointer[go.shape.int]).Swap
/home/jules/go/pkg/mod/golang.org/toolchain@v0.0.1-go1.26.5.linux-amd64/src/sync/atomic/type.go:61:6: inlining call to atomic.(*Pointer[go.shape.int]).Store
/home/jules/go/pkg/mod/golang.org/toolchain@v0.0.1-go1.26.5.linux-amd64/src/sync/atomic/type.go:58:6: inlining call to atomic.(*Pointer[go.shape.int]).Load
/home/jules/go/pkg/mod/golang.org/toolchain@v0.0.1-go1.26.5.linux-amd64/src/sync/atomic/type.go:67:6: inlining call to atomic.(*Pointer[go.shape.struct { sync.poolDequeue; sync.next sync/atomic.Pointer[sync.poolChainElt]; sync.prev sync/atomic.Pointer[sync.poolChainElt] }]).CompareAndSwap
/home/jules/go/pkg/mod/golang.org/toolchain@v0.0.1-go1.26.5.linux-amd64/src/sync/atomic/type.go:64:6: inlining call to atomic.(*Pointer[go.shape.struct { sync.poolDequeue; sync.next sync/atomic.Pointer[sync.poolChainElt]; sync.prev sync/atomic.Pointer[sync.poolChainElt] }]).Swap
/home/jules/go/pkg/mod/golang.org/toolchain@v0.0.1-go1.26.5.linux-amd64/src/sync/atomic/type.go:61:6: inlining call to atomic.(*Pointer[go.shape.struct { sync.poolDequeue; sync.next sync/atomic.Pointer[sync.poolChainElt]; sync.prev sync/atomic.Pointer[sync.poolChainElt] }]).Store
/home/jules/go/pkg/mod/golang.org/toolchain@v0.0.1-go1.26.5.linux-amd64/src/sync/atomic/type.go:58:6: inlining call to atomic.(*Pointer[go.shape.struct { sync.poolDequeue; sync.next sync/atomic.Pointer[sync.poolChainElt]; sync.prev sync/atomic.Pointer[sync.poolChainElt] }]).Load
/home/jules/go/pkg/mod/golang.org/toolchain@v0.0.1-go1.26.5.linux-amd64/src/sync/atomic/type.go:67:6: inlining call to atomic.(*Pointer[go.shape.chan struct {}]).CompareAndSwap
/home/jules/go/pkg/mod/golang.org/toolchain@v0.0.1-go1.26.5.linux-amd64/src/sync/atomic/type.go:64:6: inlining call to atomic.(*Pointer[go.shape.chan struct {}]).Swap
/home/jules/go/pkg/mod/golang.org/toolchain@v0.0.1-go1.26.5.linux-amd64/src/sync/atomic/type.go:61:6: inlining call to atomic.(*Pointer[go.shape.chan struct {}]).Store
/home/jules/go/pkg/mod/golang.org/toolchain@v0.0.1-go1.26.5.linux-amd64/src/sync/atomic/type.go:58:6: inlining call to atomic.(*Pointer[go.shape.chan struct {}]).Load
<autogenerated>:1: inlining call to sync.(*poolDequeue).pack
<autogenerated>:1: inlining call to sync.(*poolDequeue).unpack
<autogenerated>:1: inlining call to reflect.flag.kind
<autogenerated>:1: inlining call to reflect.flag.kind
<autogenerated>:1: inlining call to reflect.flag.mustBe
<autogenerated>:1: inlining call to reflect.flag.kind
<autogenerated>:1: inlining call to reflect.flag.mustBe
<autogenerated>:1: inlining call to reflect.flag.kind
<autogenerated>:1: inlining call to reflect.flag.mustBeAssignable
<autogenerated>:1: inlining call to reflect.flag.mustBeAssignable
<autogenerated>:1: inlining call to reflect.flag.mustBeExported
<autogenerated>:1: inlining call to reflect.flag.mustBeExported
<autogenerated>:1: inlining call to reflect.flag.ro
<autogenerated>:1: inlining call to reflect.flag.ro
grpckit/client.go:67:14: c does not escape
grpckit/client.go:67:9: func literal escapes to heap
grpckit/client.go:78:20: leaking param: cfg
grpckit/client.go:79:14: c does not escape
grpckit/client.go:79:9: func literal escapes to heap
grpckit/client.go:95:14: c does not escape
grpckit/client.go:95:9: func literal escapes to heap
grpckit/client.go:108:34: leaking param: interceptors
grpckit/client.go:109:14: leaking param content: c
grpckit/client.go:109:9: func literal escapes to heap
grpckit/client.go:112:33: append escapes to heap
grpckit/client.go:123:35: leaking param: interceptors
grpckit/client.go:124:14: leaking param content: c
grpckit/client.go:124:9: func literal escapes to heap
grpckit/client.go:127:34: append escapes to heap
grpckit/client.go:141:25: leaking param: opts
grpckit/client.go:142:14: leaking param content: c
grpckit/client.go:142:9: func literal escapes to heap
grpckit/client.go:145:27: append escapes to heap
grpckit/client.go:157:25: opts does not escape
grpckit/client.go:158:2: moved to heap: cfg
grpckit/client.go:187:16: leaking param: target
grpckit/client.go:187:31: opts does not escape
/home/jules/go/pkg/mod/google.golang.org/grpc@v1.82.0/dialoptions.go:524:32: leaking param content: o
/home/jules/go/pkg/mod/google.golang.org/grpc@v1.82.0/dialoptions.go:440:32: o does not escape
/home/jules/go/pkg/mod/google.golang.org/grpc@v1.82.0/dialoptions.go:440:32: o does not escape
/home/jules/go/pkg/mod/google.golang.org/grpc@v1.82.0/dialoptions.go:599:32: leaking param content: o
/home/jules/go/pkg/mod/google.golang.org/grpc@v1.82.0/dialoptions.go:618:32: leaking param content: o
grpckit/client.go:190:31: []grpc.DialOption{...} does not escape
grpckit/client.go:191:24: func literal escapes to heap
/home/jules/go/pkg/mod/google.golang.org/grpc@v1.82.0/dialoptions.go:526:16: ... argument escapes to heap
/home/jules/go/pkg/mod/google.golang.org/grpc@v1.82.0/dialoptions.go:526:17: "ignoring nil parameter in grpc.WithStatsHandler ClientOption" escapes to heap
/home/jules/go/pkg/mod/google.golang.org/grpc@v1.82.0/dialoptions.go:531:33: append escapes to heap
grpckit/client.go:191:24: &grpc.funcDialOption{...} escapes to heap
grpckit/client.go:196:60: func literal escapes to heap
grpckit/client.go:196:60: &grpc.funcDialOption{...} escapes to heap
grpckit/client.go:196:20: append does not escape
grpckit/client.go:198:84: insecure.insecureTC{} escapes to heap
grpckit/client.go:198:60: func literal escapes to heap
grpckit/client.go:198:60: &grpc.funcDialOption{...} escapes to heap
grpckit/client.go:198:20: append does not escape
grpckit/client.go:203:61: func literal escapes to heap
/home/jules/go/pkg/mod/google.golang.org/grpc@v1.82.0/dialoptions.go:600:28: append escapes to heap
grpckit/client.go:203:61: &grpc.funcDialOption{...} escapes to heap
grpckit/client.go:203:20: append does not escape
grpckit/client.go:206:62: func literal escapes to heap
/home/jules/go/pkg/mod/google.golang.org/grpc@v1.82.0/dialoptions.go:619:29: append escapes to heap
grpckit/client.go:206:62: &grpc.funcDialOption{...} escapes to heap
grpckit/client.go:206:20: append does not escape
grpckit/client.go:211:19: append does not escape
grpckit/client.go:214:55: context.backgroundCtx{} escapes to heap
grpckit/interceptors.go:41:31: leaking param: logger
grpckit/interceptors.go:43:3: leaking param: ctx
grpckit/interceptors.go:44:3: leaking param: req
grpckit/interceptors.go:45:3: leaking param content: info
grpckit/interceptors.go:46:3: handler does not escape
grpckit/interceptors.go:42:9: func literal escapes to heap
grpckit/interceptors.go:51:48: &status.Error{...} escapes to heap
grpckit/interceptors.go:57:9: func literal does not escape
grpckit/interceptors.go:60:24: ... argument does not escape
grpckit/interceptors.go:61:17: ~r0 escapes to heap
grpckit/interceptors.go:62:17: ~r0 escapes to heap
grpckit/interceptors.go:62:44: ... argument does not escape
grpckit/interceptors.go:63:17: ~r0 escapes to heap
grpckit/interceptors.go:63:34: string(stack) escapes to heap
grpckit/interceptors.go:85:32: leaking param: logger
grpckit/interceptors.go:87:3: leaking param: srv
grpckit/interceptors.go:88:3: leaking param: ss
grpckit/interceptors.go:89:3: leaking param content: info
grpckit/interceptors.go:90:3: handler does not escape
grpckit/interceptors.go:86:9: func literal escapes to heap
grpckit/interceptors.go:95:43: &status.Error{...} escapes to heap
grpckit/interceptors.go:101:9: func literal does not escape
grpckit/interceptors.go:104:24: ... argument does not escape
grpckit/interceptors.go:105:17: ~r0 escapes to heap
grpckit/interceptors.go:106:17: ~r0 escapes to heap
grpckit/interceptors.go:106:44: ... argument does not escape
grpckit/interceptors.go:107:17: ~r0 escapes to heap
grpckit/interceptors.go:107:34: string(stack) escapes to heap
grpckit/interceptors.go:138:30: leaking param: logger
grpckit/interceptors.go:140:3: leaking param: ctx
grpckit/interceptors.go:141:3: leaking param: req
grpckit/interceptors.go:142:3: leaking param content: info
grpckit/interceptors.go:143:3: handler does not escape
grpckit/interceptors.go:139:9: func literal escapes to heap
grpckit/interceptors.go:154:17: []any{...} does not escape
grpckit/interceptors.go:155:15: ~r0 escapes to heap
grpckit/interceptors.go:156:15: ~r0 escapes to heap
grpckit/interceptors.go:156:48: string(time.arr[time.n:]) escapes to heap
grpckit/interceptors.go:157:15: ~r0 escapes to heap
grpckit/interceptors.go:160:37: ~r0 escapes to heap
grpckit/interceptors.go:160:18: append does not escape
grpckit/interceptors.go:183:31: leaking param: logger
grpckit/interceptors.go:185:3: leaking param: srv
grpckit/interceptors.go:186:3: leaking param: ss
grpckit/interceptors.go:187:3: leaking param content: info
grpckit/interceptors.go:188:3: handler does not escape
grpckit/interceptors.go:184:9: func literal escapes to heap
grpckit/interceptors.go:199:17: []any{...} does not escape
grpckit/interceptors.go:200:15: ~r0 escapes to heap
grpckit/interceptors.go:201:15: ~r0 escapes to heap
grpckit/interceptors.go:201:48: string(time.arr[time.n:]) escapes to heap
grpckit/interceptors.go:202:15: ~r0 escapes to heap
grpckit/interceptors.go:205:37: ~r0 escapes to heap
grpckit/interceptors.go:205:18: append does not escape
grpckit/server.go:70:24: leaking param: addr
grpckit/server.go:71:14: c does not escape
grpckit/server.go:71:9: func literal escapes to heap
grpckit/server.go:83:20: leaking param: cfg
grpckit/server.go:84:14: c does not escape
grpckit/server.go:84:9: func literal escapes to heap
grpckit/server.go:97:23: leaking param: logger
grpckit/server.go:98:14: c does not escape
grpckit/server.go:98:9: func literal escapes to heap
grpckit/server.go:112:28: leaking param: interceptors
grpckit/server.go:113:14: leaking param content: c
grpckit/server.go:113:9: func literal escapes to heap
grpckit/server.go:118:33: append escapes to heap
grpckit/server.go:129:29: leaking param: interceptors
grpckit/server.go:130:14: leaking param content: c
grpckit/server.go:130:9: func literal escapes to heap
grpckit/server.go:135:34: append escapes to heap
grpckit/server.go:147:25: opts does not escape
grpckit/server.go:148:2: moved to heap: cfg
grpckit/server.go:175:16: opts does not escape
grpckit/interceptors.go:43:3: leaking param: ctx
grpckit/interceptors.go:44:3: leaking param: req
grpckit/interceptors.go:45:3: leaking param content: info
grpckit/interceptors.go:46:3: handler does not escape
grpckit/interceptors.go:140:3: leaking param: ctx
grpckit/interceptors.go:141:3: leaking param: req
grpckit/interceptors.go:142:3: leaking param content: info
grpckit/interceptors.go:143:3: handler does not escape
grpckit/interceptors.go:87:3: leaking param: srv
grpckit/interceptors.go:88:3: leaking param: ss
grpckit/interceptors.go:89:3: leaking param content: info
grpckit/interceptors.go:90:3: handler does not escape
grpckit/interceptors.go:185:3: leaking param: srv
grpckit/interceptors.go:186:3: leaking param: ss
grpckit/interceptors.go:187:3: leaking param content: info
grpckit/interceptors.go:188:3: handler does not escape
/home/jules/go/pkg/mod/google.golang.org/grpc@v1.82.0/server.go:543:34: leaking param content: o
/home/jules/go/pkg/mod/google.golang.org/grpc@v1.82.0/server.go:499:34: leaking param content: o
/home/jules/go/pkg/mod/google.golang.org/grpc@v1.82.0/server.go:520:34: leaking param content: o
/home/jules/go/pkg/mod/google.golang.org/grpc@v1.82.0/server.go:477:34: o does not escape
/home/jules/go/pkg/mod/google.golang.org/grpc@v1.82.0/server.go:477:34: o does not escape
grpckit/server.go:180:45: []grpc.UnaryServerInterceptor{...} escapes to heap
grpckit/server.go:181:27: func literal escapes to heap
grpckit/interceptors.go:57:9: func literal does not escape
grpckit/interceptors.go:60:24: ... argument does not escape
grpckit/interceptors.go:61:17: slog.String("grpc.method", info.FullMethod) escapes to heap
grpckit/interceptors.go:62:17: slog.String("panic.value", fmt.Sprintf("%v", ... argument...)) escapes to heap
grpckit/interceptors.go:62:44: ... argument does not escape
grpckit/interceptors.go:63:17: slog.String("stack", string(stack)) escapes to heap
grpckit/interceptors.go:63:34: string(stack) escapes to heap
grpckit/server.go:182:26: func literal escapes to heap
grpckit/interceptors.go:154:17: []any{...} does not escape
grpckit/interceptors.go:155:15: slog.String("grpc.method", info.FullMethod) escapes to heap
grpckit/interceptors.go:156:15: slog.String("grpc.duration", time.Duration.String(duration)) escapes to heap
grpckit/interceptors.go:157:15: slog.String("grpc.code", codes.Code.String(code)) escapes to heap
grpckit/interceptors.go:160:37: slog.String("grpc.error", err.Error()) escapes to heap
grpckit/interceptors.go:160:18: append does not escape
grpckit/server.go:184:21: append escapes to heap
grpckit/server.go:188:47: []grpc.StreamServerInterceptor{...} escapes to heap
grpckit/server.go:189:28: func literal escapes to heap
grpckit/interceptors.go:101:9: func literal does not escape
grpckit/interceptors.go:104:24: ... argument does not escape
grpckit/interceptors.go:105:17: slog.String("grpc.method", info.FullMethod) escapes to heap
grpckit/interceptors.go:106:17: slog.String("panic.value", fmt.Sprintf("%v", ... argument...)) escapes to heap
grpckit/interceptors.go:106:44: ... argument does not escape
grpckit/interceptors.go:107:17: slog.String("stack", string(stack)) escapes to heap
grpckit/interceptors.go:107:34: string(stack) escapes to heap
grpckit/server.go:190:27: func literal escapes to heap
grpckit/interceptors.go:199:17: []any{...} does not escape
grpckit/interceptors.go:200:15: slog.String("grpc.method", info.FullMethod) escapes to heap
grpckit/interceptors.go:201:15: slog.String("grpc.duration", time.Duration.String(duration)) escapes to heap
grpckit/interceptors.go:202:15: slog.String("grpc.code", codes.Code.String(code)) escapes to heap
grpckit/interceptors.go:205:37: slog.String("grpc.error", err.Error()) escapes to heap
grpckit/interceptors.go:205:18: append does not escape
grpckit/server.go:192:22: append escapes to heap
grpckit/server.go:194:33: []grpc.ServerOption{...} does not escape
grpckit/server.go:195:20: func literal escapes to heap
/home/jules/go/pkg/mod/google.golang.org/grpc@v1.82.0/server.go:545:16: ... argument escapes to heap
/home/jules/go/pkg/mod/google.golang.org/grpc@v1.82.0/server.go:545:17: "ignoring nil parameter in grpc.StatsHandler ServerOption" escapes to heap
/home/jules/go/pkg/mod/google.golang.org/grpc@v1.82.0/server.go:550:27: append escapes to heap
grpckit/server.go:195:20: &grpc.funcServerOption{...} escapes to heap
grpckit/server.go:196:29: func literal escapes to heap
/home/jules/go/pkg/mod/google.golang.org/grpc@v1.82.0/server.go:500:28: append escapes to heap
grpckit/server.go:196:29: &grpc.funcServerOption{...} escapes to heap
grpckit/server.go:197:30: func literal escapes to heap
/home/jules/go/pkg/mod/google.golang.org/grpc@v1.82.0/server.go:521:29: append escapes to heap
grpckit/server.go:197:30: &grpc.funcServerOption{...} escapes to heap
grpckit/server.go:203:41: func literal escapes to heap
grpckit/server.go:203:41: &grpc.funcServerOption{...} escapes to heap
grpckit/server.go:203:20: append does not escape
grpckit/server.go:205:65: insecure.insecureTC{} escapes to heap
grpckit/server.go:205:41: func literal escapes to heap
grpckit/server.go:205:41: &grpc.funcServerOption{...} escapes to heap
grpckit/server.go:205:20: append does not escape
<autogenerated>:1: &reflect.ValueError{...} escapes to heap
<autogenerated>:1: &reflect.ValueError{...} escapes to heap
# github.com/gabrielima7/GopherCore/retry
retry/retry.go:108:17: can inline defaultConfig.func1
retry/retry.go:98:6: can inline defaultConfig
retry/retry.go:116:6: can inline WithMaxAttempts
retry/retry.go:117:9: can inline WithMaxAttempts.func1
retry/retry.go:128:6: can inline WithInitialDelay
retry/retry.go:129:9: can inline WithInitialDelay.func1
retry/retry.go:138:6: can inline WithMaxDelay
retry/retry.go:139:9: can inline WithMaxDelay.func1
retry/retry.go:148:6: can inline WithStrategy
retry/retry.go:149:9: can inline WithStrategy.func1
retry/retry.go:158:6: can inline WithJitter
retry/retry.go:159:9: can inline WithJitter.func1
retry/retry.go:168:6: can inline WithRetryIf
retry/retry.go:169:9: can inline WithRetryIf.func1
retry/retry.go:28:39: inlining call to errors.New
retry/retry.go:313:25: inlining call to math.Pow
retry/retry.go:330:52: inlining call to big.NewInt
retry/retry.go:332:41: inlining call to big.(*Int).Int64
retry/retry.go:332:41: inlining call to big.low64
retry/retry.go:224:15: inlining call to time.(*Timer).Stop
retry/retry.go:227:15: inlining call to time.(*Timer).Stop
retry/retry.go:234:20: inlining call to errors.Join
retry/retry.go:181:45: inlining call to defaultConfig
retry/retry.go:184:22: inlining call to defaultConfig
retry/retry.go:108:17: func literal escapes to heap
retry/retry.go:117:14: c does not escape
retry/retry.go:117:9: func literal escapes to heap
retry/retry.go:129:14: c does not escape
retry/retry.go:129:9: func literal escapes to heap
retry/retry.go:139:14: c does not escape
retry/retry.go:139:9: func literal escapes to heap
retry/retry.go:149:14: c does not escape
retry/retry.go:149:9: func literal escapes to heap
retry/retry.go:159:14: c does not escape
retry/retry.go:159:9: func literal escapes to heap
retry/retry.go:168:18: leaking param: fn
retry/retry.go:169:14: c does not escape
retry/retry.go:169:9: func literal escapes to heap
retry/retry.go:302:21: cfg does not escape
retry/retry.go:330:52: []big.Word{...} does not escape
retry/retry.go:330:52: &big.Int{...} does not escape
retry/retry.go:196:19: leaking param: ctx
retry/retry.go:196:40: fn does not escape
retry/retry.go:196:76: cfg does not escape
retry/retry.go:224:15: "time: Stop called on uninitialized Timer" escapes to heap
retry/retry.go:227:15: "time: Stop called on uninitialized Timer" escapes to heap
retry/retry.go:234:20: ... argument does not escape
retry/retry.go:234:20: &errors.joinError{...} escapes to heap
retry/retry.go:234:20: make([]error, 0, errors.n) escapes to heap
retry/retry.go:234:20: append escapes to heap
retry/retry.go:179:9: leaking param: ctx
retry/retry.go:179:30: fn does not escape
retry/retry.go:179:66: opts does not escape
retry/retry.go:184:2: moved to heap: cfg
retry/retry.go:181:45: func literal does not escape
retry/retry.go:184:22: func literal escapes to heap
# github.com/gabrielima7/GopherCore/httpkit
httpkit/middleware.go:26:6: can inline SecurityHeadersMiddleware
httpkit/middleware.go:27:26: can inline SecurityHeadersMiddleware.func1
httpkit/middleware.go:67:10: can inline RateLimitMiddleware.func1
httpkit/middleware.go:65:6: can inline RateLimitMiddleware
httpkit/middleware.go:71:9: can inline RateLimitMiddleware.func2
httpkit/middleware.go:72:27: can inline RateLimitMiddleware.func2.1
httpkit/middleware.go:119:9: can inline CORSMiddleware.func1
httpkit/middleware.go:120:27: can inline CORSMiddleware.func1.1
httpkit/response.go:73:6: can inline Ok
httpkit/response.go:81:6: can inline Created
httpkit/response.go:89:6: can inline NoContent
httpkit/router.go:97:6: can inline DefaultRouterConfig
httpkit/router.go:126:6: can inline WithCORS
httpkit/router.go:127:9: can inline WithCORS.func1
httpkit/router.go:136:6: can inline WithCustomRateLimiter
httpkit/router.go:137:9: can inline WithCustomRateLimiter.func1
httpkit/router.go:146:6: can inline WithRateLimit
httpkit/router.go:147:9: can inline WithRateLimit.func1
httpkit/router.go:157:6: can inline WithReadTimeout
httpkit/router.go:158:9: can inline WithReadTimeout.func1
httpkit/router.go:167:6: can inline WithReadHeaderTimeout
httpkit/router.go:168:9: can inline WithReadHeaderTimeout.func1
httpkit/router.go:177:6: can inline WithWriteTimeout
httpkit/router.go:178:9: can inline WithWriteTimeout.func1
httpkit/router.go:187:6: can inline WithIdleTimeout
httpkit/router.go:188:9: can inline WithIdleTimeout.func1
httpkit/router.go:197:6: can inline WithLogger
httpkit/router.go:198:9: can inline WithLogger.func1
httpkit/router.go:208:6: can inline WithMetricsPath
httpkit/router.go:209:9: can inline WithMetricsPath.func1
httpkit/router.go:246:23: can inline NewRouter.func1
httpkit/router.go:321:5: can inline GracefulShutdown.func1
httpkit/router.go:330:2: can inline GracefulShutdown.deferwrap1
/home/jules/go/pkg/mod/golang.org/toolchain@v0.0.1-go1.26.5.linux-amd64/src/sync/atomic/type.go:67:6: can inline atomic.(*Pointer[go.shape.struct { sync.poolDequeue; sync.next sync/atomic.Pointer[sync.poolChainElt]; sync.prev sync/atomic.Pointer[sync.poolChainElt] }]).CompareAndSwap
/home/jules/go/pkg/mod/golang.org/toolchain@v0.0.1-go1.26.5.linux-amd64/src/sync/atomic/type.go:64:6: can inline atomic.(*Pointer[go.shape.struct { sync.poolDequeue; sync.next sync/atomic.Pointer[sync.poolChainElt]; sync.prev sync/atomic.Pointer[sync.poolChainElt] }]).Swap
/home/jules/go/pkg/mod/golang.org/toolchain@v0.0.1-go1.26.5.linux-amd64/src/sync/atomic/type.go:61:6: can inline atomic.(*Pointer[go.shape.struct { sync.poolDequeue; sync.next sync/atomic.Pointer[sync.poolChainElt]; sync.prev sync/atomic.Pointer[sync.poolChainElt] }]).Store
/home/jules/go/pkg/mod/golang.org/toolchain@v0.0.1-go1.26.5.linux-amd64/src/sync/atomic/type.go:58:6: can inline atomic.(*Pointer[go.shape.struct { sync.poolDequeue; sync.next sync/atomic.Pointer[sync.poolChainElt]; sync.prev sync/atomic.Pointer[sync.poolChainElt] }]).Load
/home/jules/go/pkg/mod/golang.org/toolchain@v0.0.1-go1.26.5.linux-amd64/src/sync/atomic/type.go:67:6: can inline atomic.(*Pointer[go.shape.string]).CompareAndSwap
/home/jules/go/pkg/mod/golang.org/toolchain@v0.0.1-go1.26.5.linux-amd64/src/sync/atomic/type.go:64:6: can inline atomic.(*Pointer[go.shape.string]).Swap
/home/jules/go/pkg/mod/golang.org/toolchain@v0.0.1-go1.26.5.linux-amd64/src/sync/atomic/type.go:61:6: can inline atomic.(*Pointer[go.shape.string]).Store
/home/jules/go/pkg/mod/golang.org/toolchain@v0.0.1-go1.26.5.linux-amd64/src/sync/atomic/type.go:58:6: can inline atomic.(*Pointer[go.shape.string]).Load
/home/jules/go/pkg/mod/golang.org/toolchain@v0.0.1-go1.26.5.linux-amd64/src/sync/atomic/type.go:67:6: can inline atomic.(*Pointer[go.shape.c29c394a48c0e148dc5f2b44dafd2f469075c4ce204db5ab2e807f80a75aec77]).CompareAndSwap
/home/jules/go/pkg/mod/golang.org/toolchain@v0.0.1-go1.26.5.linux-amd64/src/sync/atomic/type.go:64:6: can inline atomic.(*Pointer[go.shape.c29c394a48c0e148dc5f2b44dafd2f469075c4ce204db5ab2e807f80a75aec77]).Swap
/home/jules/go/pkg/mod/golang.org/toolchain@v0.0.1-go1.26.5.linux-amd64/src/sync/atomic/type.go:61:6: can inline atomic.(*Pointer[go.shape.c29c394a48c0e148dc5f2b44dafd2f469075c4ce204db5ab2e807f80a75aec77]).Store
/home/jules/go/pkg/mod/golang.org/toolchain@v0.0.1-go1.26.5.linux-amd64/src/sync/atomic/type.go:58:6: can inline atomic.(*Pointer[go.shape.c29c394a48c0e148dc5f2b44dafd2f469075c4ce204db5ab2e807f80a75aec77]).Load
/home/jules/go/pkg/mod/golang.org/toolchain@v0.0.1-go1.26.5.linux-amd64/src/sync/atomic/type.go:67:6: can inline atomic.(*Pointer[net/http.response]).CompareAndSwap
/home/jules/go/pkg/mod/golang.org/toolchain@v0.0.1-go1.26.5.linux-amd64/src/sync/atomic/type.go:64:6: can inline atomic.(*Pointer[net/http.response]).Swap
/home/jules/go/pkg/mod/golang.org/toolchain@v0.0.1-go1.26.5.linux-amd64/src/sync/atomic/type.go:61:6: can inline atomic.(*Pointer[net/http.response]).Store
/home/jules/go/pkg/mod/golang.org/toolchain@v0.0.1-go1.26.5.linux-amd64/src/sync/atomic/type.go:58:6: can inline atomic.(*Pointer[net/http.response]).Load
/home/jules/go/pkg/mod/golang.org/toolchain@v0.0.1-go1.26.5.linux-amd64/src/sync/atomic/type.go:67:6: can inline atomic.(*Pointer[string]).CompareAndSwap
/home/jules/go/pkg/mod/golang.org/toolchain@v0.0.1-go1.26.5.linux-amd64/src/sync/atomic/type.go:64:6: can inline atomic.(*Pointer[string]).Swap
/home/jules/go/pkg/mod/golang.org/toolchain@v0.0.1-go1.26.5.linux-amd64/src/sync/atomic/type.go:61:6: can inline atomic.(*Pointer[string]).Store
/home/jules/go/pkg/mod/golang.org/toolchain@v0.0.1-go1.26.5.linux-amd64/src/sync/atomic/type.go:58:6: can inline atomic.(*Pointer[string]).Load
/home/jules/go/pkg/mod/golang.org/toolchain@v0.0.1-go1.26.5.linux-amd64/src/sync/atomic/type.go:67:6: can inline atomic.(*Pointer[sync.poolChainElt]).CompareAndSwap
/home/jules/go/pkg/mod/golang.org/toolchain@v0.0.1-go1.26.5.linux-amd64/src/sync/atomic/type.go:64:6: can inline atomic.(*Pointer[sync.poolChainElt]).Swap
/home/jules/go/pkg/mod/golang.org/toolchain@v0.0.1-go1.26.5.linux-amd64/src/sync/atomic/type.go:61:6: can inline atomic.(*Pointer[sync.poolChainElt]).Store
/home/jules/go/pkg/mod/golang.org/toolchain@v0.0.1-go1.26.5.linux-amd64/src/sync/atomic/type.go:58:6: can inline atomic.(*Pointer[sync.poolChainElt]).Load
httpkit/middleware.go:29:15: inlining call to http.(*Request).Context
httpkit/middleware.go:29:15: inlining call to context.Background
httpkit/middleware.go:74:16: inlining call to http.(*Request).Context
httpkit/middleware.go:74:16: inlining call to context.Background
httpkit/middleware.go:122:16: inlining call to http.(*Request).Context
httpkit/middleware.go:126:26: inlining call to http.Header.Get
httpkit/middleware.go:122:16: inlining call to context.Background
httpkit/response.go:41:31: inlining call to jsonutil.Marshal
httpkit/response.go:51:12: inlining call to slog.Warn
httpkit/response.go:51:12: inlining call to slog.Default
httpkit/response.go:51:12: inlining call to context.Background
httpkit/response.go:51:12: inlining call to atomic.(*Pointer[go.shape.struct { log/slog.handler log/slog.Handler }]).Load
httpkit/router.go:220:28: inlining call to DefaultRouterConfig
httpkit/router.go:240:20: inlining call to chi.NewRouter
httpkit/router.go:245:25: inlining call to otelchi.WithChiRoutes
httpkit/router.go:246:22: inlining call to otelchi.WithFilter
httpkit/router.go:244:8: inlining call to chi.(*Mux).Use
httpkit/router.go:251:60: inlining call to otelchi.WithChiRoutes
httpkit/router.go:251:8: inlining call to chi.(*Mux).Use
httpkit/router.go:253:7: inlining call to chi.(*Mux).Use
httpkit/router.go:255:7: inlining call to chi.(*Mux).Use
httpkit/router.go:259:7: inlining call to chi.(*Mux).Use
httpkit/router.go:262:8: inlining call to chi.(*Mux).Use
httpkit/router.go:266:7: inlining call to chi.(*Mux).Use
httpkit/router.go:270:28: inlining call to RateLimitMiddleware
httpkit/router.go:270:8: inlining call to chi.(*Mux).Use
httpkit/router.go:276:29: inlining call to rate.NewLimiter
httpkit/router.go:277:28: inlining call to RateLimitMiddleware
httpkit/router.go:277:8: inlining call to chi.(*Mux).Use
httpkit/router.go:282:8: inlining call to chi.(*Mux).Use
httpkit/router.go:240:20: inlining call to chi.NewMux
httpkit/router.go:344:56: inlining call to context.Background
/home/jules/go/pkg/mod/golang.org/toolchain@v0.0.1-go1.26.5.linux-amd64/src/sync/atomic/type.go:67:6: inlining call to atomic.(*Pointer[go.shape.c29c394a48c0e148dc5f2b44dafd2f469075c4ce204db5ab2e807f80a75aec77]).CompareAndSwap
/home/jules/go/pkg/mod/golang.org/toolchain@v0.0.1-go1.26.5.linux-amd64/src/sync/atomic/type.go:64:6: inlining call to atomic.(*Pointer[go.shape.c29c394a48c0e148dc5f2b44dafd2f469075c4ce204db5ab2e807f80a75aec77]).Swap
/home/jules/go/pkg/mod/golang.org/toolchain@v0.0.1-go1.26.5.linux-amd64/src/sync/atomic/type.go:61:6: inlining call to atomic.(*Pointer[go.shape.c29c394a48c0e148dc5f2b44dafd2f469075c4ce204db5ab2e807f80a75aec77]).Store
/home/jules/go/pkg/mod/golang.org/toolchain@v0.0.1-go1.26.5.linux-amd64/src/sync/atomic/type.go:58:6: inlining call to atomic.(*Pointer[go.shape.c29c394a48c0e148dc5f2b44dafd2f469075c4ce204db5ab2e807f80a75aec77]).Load
/home/jules/go/pkg/mod/golang.org/toolchain@v0.0.1-go1.26.5.linux-amd64/src/sync/atomic/type.go:67:6: inlining call to atomic.(*Pointer[go.shape.string]).CompareAndSwap
/home/jules/go/pkg/mod/golang.org/toolchain@v0.0.1-go1.26.5.linux-amd64/src/sync/atomic/type.go:64:6: inlining call to atomic.(*Pointer[go.shape.string]).Swap
/home/jules/go/pkg/mod/golang.org/toolchain@v0.0.1-go1.26.5.linux-amd64/src/sync/atomic/type.go:61:6: inlining call to atomic.(*Pointer[go.shape.string]).Store
/home/jules/go/pkg/mod/golang.org/toolchain@v0.0.1-go1.26.5.linux-amd64/src/sync/atomic/type.go:58:6: inlining call to atomic.(*Pointer[go.shape.string]).Load
/home/jules/go/pkg/mod/golang.org/toolchain@v0.0.1-go1.26.5.linux-amd64/src/sync/atomic/type.go:67:6: inlining call to atomic.(*Pointer[go.shape.struct { sync.poolDequeue; sync.next sync/atomic.Pointer[sync.poolChainElt]; sync.prev sync/atomic.Pointer[sync.poolChainElt] }]).CompareAndSwap
/home/jules/go/pkg/mod/golang.org/toolchain@v0.0.1-go1.26.5.linux-amd64/src/sync/atomic/type.go:64:6: inlining call to atomic.(*Pointer[go.shape.struct { sync.poolDequeue; sync.next sync/atomic.Pointer[sync.poolChainElt]; sync.prev sync/atomic.Pointer[sync.poolChainElt] }]).Swap
/home/jules/go/pkg/mod/golang.org/toolchain@v0.0.1-go1.26.5.linux-amd64/src/sync/atomic/type.go:61:6: inlining call to atomic.(*Pointer[go.shape.struct { sync.poolDequeue; sync.next sync/atomic.Pointer[sync.poolChainElt]; sync.prev sync/atomic.Pointer[sync.poolChainElt] }]).Store
/home/jules/go/pkg/mod/golang.org/toolchain@v0.0.1-go1.26.5.linux-amd64/src/sync/atomic/type.go:58:6: inlining call to atomic.(*Pointer[go.shape.struct { sync.poolDequeue; sync.next sync/atomic.Pointer[sync.poolChainElt]; sync.prev sync/atomic.Pointer[sync.poolChainElt] }]).Load
<autogenerated>:1: inlining call to sync.(*poolDequeue).pack
<autogenerated>:1: inlining call to sync.(*poolDequeue).unpack
<autogenerated>:1: inlining call to reflect.flag.kind
<autogenerated>:1: inlining call to reflect.flag.kind
<autogenerated>:1: inlining call to reflect.flag.mustBe
<autogenerated>:1: inlining call to reflect.flag.kind
<autogenerated>:1: inlining call to reflect.flag.mustBe
<autogenerated>:1: inlining call to reflect.flag.kind
<autogenerated>:1: inlining call to reflect.flag.mustBeAssignable
<autogenerated>:1: inlining call to reflect.flag.mustBeAssignable
<autogenerated>:1: inlining call to reflect.flag.mustBeExported
<autogenerated>:1: inlining call to reflect.flag.mustBeExported
<autogenerated>:1: inlining call to reflect.flag.ro
<autogenerated>:1: inlining call to reflect.flag.ro
httpkit/middleware.go:26:32: leaking param: next
httpkit/middleware.go:27:31: leaking param: w
httpkit/middleware.go:27:54: leaking param: r
httpkit/middleware.go:27:26: func literal escapes to heap
httpkit/middleware.go:29:15: context.backgroundCtx{} escapes to heap
httpkit/middleware.go:36:44: []string{...} escapes to heap
httpkit/middleware.go:37:41: []string{...} escapes to heap
httpkit/middleware.go:38:34: []string{...} escapes to heap
httpkit/middleware.go:39:34: []string{...} escapes to heap
httpkit/middleware.go:40:37: []string{...} escapes to heap
httpkit/middleware.go:41:35: []string{...} escapes to heap
httpkit/middleware.go:42:42: []string{...} escapes to heap
httpkit/middleware.go:67:15: leaking param: next to result ~r0 level=0
httpkit/middleware.go:65:26: leaking param: limiter
httpkit/middleware.go:71:14: leaking param: next
httpkit/middleware.go:72:32: leaking param: w
httpkit/middleware.go:72:55: leaking param: r
httpkit/middleware.go:67:10: func literal escapes to heap
httpkit/middleware.go:71:9: func literal escapes to heap
httpkit/middleware.go:72:27: func literal escapes to heap
httpkit/middleware.go:74:16: context.backgroundCtx{} escapes to heap
httpkit/middleware.go:88:32: []string{...} escapes to heap
httpkit/middleware.go:103:21: leaking param content: allowedOrigins
httpkit/middleware.go:103:37: leaking param content: allowedMethods
httpkit/middleware.go:103:53: leaking param content: allowedHeaders
httpkit/middleware.go:119:14: leaking param: next
httpkit/middleware.go:120:32: leaking param: w
httpkit/middleware.go:120:55: leaking param: r
httpkit/middleware.go:106:20: make(map[string]bool, len(allowedOrigins)) escapes to heap
httpkit/middleware.go:119:9: func literal escapes to heap
httpkit/middleware.go:120:27: func literal escapes to heap
httpkit/middleware.go:122:16: context.backgroundCtx{} escapes to heap
httpkit/middleware.go:133:49: []string{...} escapes to heap
httpkit/middleware.go:137:49: []string{...} escapes to heap
httpkit/middleware.go:138:54: []string{...} escapes to heap
httpkit/middleware.go:139:26: []string{...} escapes to heap
httpkit/middleware.go:141:49: []string{...} escapes to heap
httpkit/middleware.go:142:49: []string{...} escapes to heap
httpkit/middleware.go:144:43: []string{...} escapes to heap
httpkit/response.go:40:11: leaking param: w
httpkit/response.go:40:46: leaking param: data
httpkit/response.go:48:30: []string{...} escapes to heap
httpkit/response.go:51:12: ... argument does not escape
httpkit/response.go:51:46: "error" escapes to heap
httpkit/response.go:51:12: context.backgroundCtx{} escapes to heap
httpkit/response.go:59:12: leaking param: w
httpkit/response.go:59:47: leaking param: message
httpkit/response.go:62:31: ErrorResponse{...} escapes to heap
httpkit/response.go:73:9: leaking param: w
httpkit/response.go:73:32: leaking param: data
httpkit/response.go:81:14: leaking param: w
httpkit/response.go:81:37: leaking param: data
httpkit/response.go:89:16: leaking param: w
httpkit/router.go:103:30: []string{...} escapes to heap
httpkit/router.go:104:30: []string{...} escapes to heap
httpkit/router.go:126:15: leaking param: origins
httpkit/router.go:127:14: c does not escape
httpkit/router.go:127:9: func literal escapes to heap
httpkit/router.go:136:28: leaking param: limiter
httpkit/router.go:137:14: c does not escape
httpkit/router.go:137:9: func literal escapes to heap
httpkit/router.go:147:14: c does not escape
httpkit/router.go:147:9: func literal escapes to heap
httpkit/router.go:158:14: c does not escape
httpkit/router.go:158:9: func literal escapes to heap
httpkit/router.go:168:14: c does not escape
httpkit/router.go:168:9: func literal escapes to heap
httpkit/router.go:178:14: c does not escape
httpkit/router.go:178:9: func literal escapes to heap
httpkit/router.go:188:14: c does not escape
httpkit/router.go:188:9: func literal escapes to heap
httpkit/router.go:198:14: c does not escape
httpkit/router.go:198:9: func literal escapes to heap
httpkit/router.go:208:22: leaking param: path
httpkit/router.go:209:14: c does not escape
httpkit/router.go:209:9: func literal escapes to heap
httpkit/router.go:219:19: opts does not escape
httpkit/router.go:220:2: moved to heap: cfg
httpkit/router.go:220:28: []string{...} escapes to heap
httpkit/router.go:220:28: []string{...} escapes to heap
httpkit/middleware.go:67:15: leaking param: next to result ~r0 level=0
httpkit/middleware.go:67:15: leaking param: next to result ~r0 level=0
httpkit/router.go:237:16: opts does not escape
/home/jules/go/pkg/mod/github.com/riandyrn/otelchi@v0.12.3/config.go:68:25: cfg does not escape
httpkit/router.go:246:28: req does not escape
/home/jules/go/pkg/mod/github.com/riandyrn/otelchi@v0.12.3/config.go:95:25: leaking param content: cfg
/home/jules/go/pkg/mod/github.com/riandyrn/otelchi@v0.12.3/config.go:68:25: cfg does not escape
httpkit/middleware.go:71:14: leaking param: next
httpkit/middleware.go:72:32: leaking param: w
httpkit/middleware.go:72:55: leaking param: r
httpkit/middleware.go:71:14: leaking param: next
httpkit/middleware.go:72:32: leaking param: w
httpkit/middleware.go:72:55: leaking param: r
httpkit/router.go:238:2: moved to heap: cfg
httpkit/router.go:240:20: &chi.Mux{...} escapes to heap
httpkit/router.go:240:20: &chi.node{} escapes to heap
httpkit/router.go:240:20: &sync.Pool{} escapes to heap
httpkit/router.go:240:20: func literal escapes to heap
httpkit/router.go:244:8: ... argument does not escape
httpkit/router.go:244:27: ... argument does not escape
httpkit/router.go:245:25: func literal escapes to heap
httpkit/router.go:246:23: func literal escapes to heap
httpkit/router.go:246:22: func literal escapes to heap
/home/jules/go/pkg/mod/github.com/riandyrn/otelchi@v0.12.3/config.go:96:23: append escapes to heap
httpkit/router.go:244:8: "chi: all middlewares must be defined before routes on a mux" escapes to heap
httpkit/router.go:244:8: append escapes to heap
httpkit/router.go:251:8: ... argument does not escape
httpkit/router.go:251:27: ... argument does not escape
httpkit/router.go:251:60: func literal escapes to heap
httpkit/router.go:251:8: "chi: all middlewares must be defined before routes on a mux" escapes to heap
httpkit/router.go:251:8: append escapes to heap
httpkit/router.go:253:7: ... argument does not escape
httpkit/router.go:253:7: "chi: all middlewares must be defined before routes on a mux" escapes to heap
httpkit/router.go:253:7: append escapes to heap
httpkit/router.go:255:7: ... argument does not escape
httpkit/router.go:255:7: "chi: all middlewares must be defined before routes on a mux" escapes to heap
httpkit/router.go:255:7: append escapes to heap
httpkit/router.go:259:7: ... argument does not escape
httpkit/router.go:259:7: "chi: all middlewares must be defined before routes on a mux" escapes to heap
httpkit/router.go:259:7: append escapes to heap
httpkit/router.go:262:8: ... argument does not escape
httpkit/router.go:262:8: "chi: all middlewares must be defined before routes on a mux" escapes to heap
httpkit/router.go:262:8: append escapes to heap
httpkit/router.go:266:7: ... argument does not escape
httpkit/router.go:266:7: "chi: all middlewares must be defined before routes on a mux" escapes to heap
httpkit/router.go:266:7: append escapes to heap
httpkit/router.go:270:8: ... argument does not escape
httpkit/router.go:270:28: func literal escapes to heap
httpkit/router.go:270:28: func literal escapes to heap
httpkit/middleware.go:72:27: func literal escapes to heap
httpkit/middleware.go:88:32: []string{...} escapes to heap
httpkit/router.go:270:8: "chi: all middlewares must be defined before routes on a mux" escapes to heap
httpkit/router.go:270:8: append escapes to heap
httpkit/router.go:276:29: &rate.Limiter{...} escapes to heap
httpkit/router.go:277:8: ... argument does not escape
httpkit/router.go:277:28: func literal escapes to heap
httpkit/router.go:277:28: func literal escapes to heap
httpkit/middleware.go:72:27: func literal escapes to heap
httpkit/middleware.go:88:32: []string{...} escapes to heap
httpkit/router.go:277:8: "chi: all middlewares must be defined before routes on a mux" escapes to heap
httpkit/router.go:277:8: append escapes to heap
httpkit/router.go:282:8: ... argument does not escape
httpkit/router.go:282:8: "chi: all middlewares must be defined before routes on a mux" escapes to heap
httpkit/router.go:282:8: append escapes to heap
httpkit/router.go:298:16: leaking param: addr
httpkit/router.go:298:29: leaking param: handler
httpkit/router.go:298:51: opts does not escape
httpkit/router.go:303:9: &http.Server{...} escapes to heap
httpkit/router.go:319:23: leaking param: srv
httpkit/router.go:321:5: func literal escapes to heap
httpkit/router.go:329:15: ... argument does not escape
httpkit/router.go:329:29: syscall.Signal(2) does not escape
httpkit/router.go:329:45: syscall.Signal(15) does not escape
httpkit/router.go:344:56: context.backgroundCtx{} escapes to heap
<autogenerated>:1: &reflect.ValueError{...} escapes to heap
<autogenerated>:1: &reflect.ValueError{...} escapes to heap
# github.com/gabrielima7/GopherCore/otelkit
otelkit/otelkit.go:76:14: can inline InitSDK.func1
/home/jules/go/pkg/mod/golang.org/toolchain@v0.0.1-go1.26.5.linux-amd64/src/sync/atomic/type.go:67:6: can inline atomic.(*Pointer[go.shape.int]).CompareAndSwap
/home/jules/go/pkg/mod/golang.org/toolchain@v0.0.1-go1.26.5.linux-amd64/src/sync/atomic/type.go:64:6: can inline atomic.(*Pointer[go.shape.int]).Swap
/home/jules/go/pkg/mod/golang.org/toolchain@v0.0.1-go1.26.5.linux-amd64/src/sync/atomic/type.go:61:6: can inline atomic.(*Pointer[go.shape.int]).Store
/home/jules/go/pkg/mod/golang.org/toolchain@v0.0.1-go1.26.5.linux-amd64/src/sync/atomic/type.go:58:6: can inline atomic.(*Pointer[go.shape.int]).Load
/home/jules/go/pkg/mod/golang.org/toolchain@v0.0.1-go1.26.5.linux-amd64/src/sync/atomic/type.go:67:6: can inline atomic.(*Pointer[go.shape.string]).CompareAndSwap
/home/jules/go/pkg/mod/golang.org/toolchain@v0.0.1-go1.26.5.linux-amd64/src/sync/atomic/type.go:64:6: can inline atomic.(*Pointer[go.shape.string]).Swap
/home/jules/go/pkg/mod/golang.org/toolchain@v0.0.1-go1.26.5.linux-amd64/src/sync/atomic/type.go:61:6: can inline atomic.(*Pointer[go.shape.string]).Store
/home/jules/go/pkg/mod/golang.org/toolchain@v0.0.1-go1.26.5.linux-amd64/src/sync/atomic/type.go:58:6: can inline atomic.(*Pointer[go.shape.string]).Load
/home/jules/go/pkg/mod/golang.org/toolchain@v0.0.1-go1.26.5.linux-amd64/src/sync/atomic/type.go:67:6: can inline atomic.(*Pointer[go.shape.struct { google.golang.org/grpc.picker google.golang.org/grpc/balancer.Picker; google.golang.org/grpc.blockingCh chan struct {} }]).CompareAndSwap
/home/jules/go/pkg/mod/golang.org/toolchain@v0.0.1-go1.26.5.linux-amd64/src/sync/atomic/type.go:64:6: can inline atomic.(*Pointer[go.shape.struct { google.golang.org/grpc.picker google.golang.org/grpc/balancer.Picker; google.golang.org/grpc.blockingCh chan struct {} }]).Swap
/home/jules/go/pkg/mod/golang.org/toolchain@v0.0.1-go1.26.5.linux-amd64/src/sync/atomic/type.go:61:6: can inline atomic.(*Pointer[go.shape.struct { google.golang.org/grpc.picker google.golang.org/grpc/balancer.Picker; google.golang.org/grpc.blockingCh chan struct {} }]).Store
/home/jules/go/pkg/mod/golang.org/toolchain@v0.0.1-go1.26.5.linux-amd64/src/sync/atomic/type.go:58:6: can inline atomic.(*Pointer[go.shape.struct { google.golang.org/grpc.picker google.golang.org/grpc/balancer.Picker; google.golang.org/grpc.blockingCh chan struct {} }]).Load
/home/jules/go/pkg/mod/golang.org/toolchain@v0.0.1-go1.26.5.linux-amd64/src/sync/atomic/type.go:67:6: can inline atomic.(*Pointer[go.shape.chan struct {}]).CompareAndSwap
/home/jules/go/pkg/mod/golang.org/toolchain@v0.0.1-go1.26.5.linux-amd64/src/sync/atomic/type.go:64:6: can inline atomic.(*Pointer[go.shape.chan struct {}]).Swap
/home/jules/go/pkg/mod/golang.org/toolchain@v0.0.1-go1.26.5.linux-amd64/src/sync/atomic/type.go:61:6: can inline atomic.(*Pointer[go.shape.chan struct {}]).Store
/home/jules/go/pkg/mod/golang.org/toolchain@v0.0.1-go1.26.5.linux-amd64/src/sync/atomic/type.go:58:6: can inline atomic.(*Pointer[go.shape.chan struct {}]).Load
/home/jules/go/pkg/mod/golang.org/toolchain@v0.0.1-go1.26.5.linux-amd64/src/sync/atomic/type.go:67:6: can inline atomic.(*Pointer[go.shape.struct { sync.poolDequeue; sync.next sync/atomic.Pointer[sync.poolChainElt]; sync.prev sync/atomic.Pointer[sync.poolChainElt] }]).CompareAndSwap
/home/jules/go/pkg/mod/golang.org/toolchain@v0.0.1-go1.26.5.linux-amd64/src/sync/atomic/type.go:64:6: can inline atomic.(*Pointer[go.shape.struct { sync.poolDequeue; sync.next sync/atomic.Pointer[sync.poolChainElt]; sync.prev sync/atomic.Pointer[sync.poolChainElt] }]).Swap
/home/jules/go/pkg/mod/golang.org/toolchain@v0.0.1-go1.26.5.linux-amd64/src/sync/atomic/type.go:61:6: can inline atomic.(*Pointer[go.shape.struct { sync.poolDequeue; sync.next sync/atomic.Pointer[sync.poolChainElt]; sync.prev sync/atomic.Pointer[sync.poolChainElt] }]).Store
/home/jules/go/pkg/mod/golang.org/toolchain@v0.0.1-go1.26.5.linux-amd64/src/sync/atomic/type.go:58:6: can inline atomic.(*Pointer[go.shape.struct { sync.poolDequeue; sync.next sync/atomic.Pointer[sync.poolChainElt]; sync.prev sync/atomic.Pointer[sync.poolChainElt] }]).Load
/home/jules/go/pkg/mod/golang.org/toolchain@v0.0.1-go1.26.5.linux-amd64/src/slices/slices.go:353:6: can inline slices.Clone[go.shape.[]go.shape.struct { Name string; Attributes []go.opentelemetry.io/otel/attribute.KeyValue; DroppedAttributeCount int; Time time.Time },go.shape.struct { Name string; Attributes []go.opentelemetry.io/otel/attribute.KeyValue; DroppedAttributeCount int; Time time.Time }]
/home/jules/go/pkg/mod/go.opentelemetry.io/otel/sdk@v1.44.0/trace/evictedqueue.go:62:6: can inline trace.(*evictedQueue[go.shape.struct { Name string; Attributes []go.opentelemetry.io/otel/attribute.KeyValue; DroppedAttributeCount int; Time time.Time }]).copy
/home/jules/go/pkg/mod/go.opentelemetry.io/otel/sdk@v1.44.0/trace/evictedqueue.go:58:23: can inline trace.(*evictedQueue[go.shape.struct { Name string; Attributes []go.opentelemetry.io/otel/attribute.KeyValue; DroppedAttributeCount int; Time time.Time }]).logDropped.func1
/home/jules/go/pkg/mod/golang.org/toolchain@v0.0.1-go1.26.5.linux-amd64/src/slices/slices.go:353:6: can inline slices.Clone[go.shape.[]go.shape.struct { SpanContext go.opentelemetry.io/otel/trace.SpanContext; Attributes []go.opentelemetry.io/otel/attribute.KeyValue; DroppedAttributeCount int },go.shape.struct { SpanContext go.opentelemetry.io/otel/trace.SpanContext; Attributes []go.opentelemetry.io/otel/attribute.KeyValue; DroppedAttributeCount int }]
/home/jules/go/pkg/mod/go.opentelemetry.io/otel/sdk@v1.44.0/trace/evictedqueue.go:62:6: can inline trace.(*evictedQueue[go.shape.struct { SpanContext go.opentelemetry.io/otel/trace.SpanContext; Attributes []go.opentelemetry.io/otel/attribute.KeyValue; DroppedAttributeCount int }]).copy
/home/jules/go/pkg/mod/go.opentelemetry.io/otel/sdk@v1.44.0/trace/evictedqueue.go:58:23: can inline trace.(*evictedQueue[go.shape.struct { SpanContext go.opentelemetry.io/otel/trace.SpanContext; Attributes []go.opentelemetry.io/otel/attribute.KeyValue; DroppedAttributeCount int }]).logDropped.func1
/home/jules/go/pkg/mod/golang.org/toolchain@v0.0.1-go1.26.5.linux-amd64/src/sync/atomic/type.go:67:6: can inline atomic.(*Pointer[go.shape.[]*go.opentelemetry.io/otel/sdk/trace.spanProcessorState]).CompareAndSwap
/home/jules/go/pkg/mod/golang.org/toolchain@v0.0.1-go1.26.5.linux-amd64/src/sync/atomic/type.go:64:6: can inline atomic.(*Pointer[go.shape.[]*go.opentelemetry.io/otel/sdk/trace.spanProcessorState]).Swap
/home/jules/go/pkg/mod/golang.org/toolchain@v0.0.1-go1.26.5.linux-amd64/src/sync/atomic/type.go:61:6: can inline atomic.(*Pointer[go.shape.[]*go.opentelemetry.io/otel/sdk/trace.spanProcessorState]).Store
/home/jules/go/pkg/mod/golang.org/toolchain@v0.0.1-go1.26.5.linux-amd64/src/sync/atomic/type.go:58:6: can inline atomic.(*Pointer[go.shape.[]*go.opentelemetry.io/otel/sdk/trace.spanProcessorState]).Load
/home/jules/go/pkg/mod/go.opentelemetry.io/otel/sdk/metric@v1.44.0/cache.go:50:2: can inline metric.(*cache[go.shape.struct { Name string; Description string; Kind go.opentelemetry.io/otel/sdk/metric.InstrumentKind; Unit string; Number string },go.shape.struct { go.opentelemetry.io/otel/sdk/metric.val *go.opentelemetry.io/otel/sdk/metric.int64Inst; go.opentelemetry.io/otel/sdk/metric.err error }]).HasKey.deferwrap1
/home/jules/go/pkg/mod/go.opentelemetry.io/otel/sdk/metric@v1.44.0/cache.go:30:2: can inline metric.(*cache[go.shape.struct { Name string; Description string; Kind go.opentelemetry.io/otel/sdk/metric.InstrumentKind; Unit string; Number string },go.shape.struct { go.opentelemetry.io/otel/sdk/metric.val *go.opentelemetry.io/otel/sdk/metric.int64Inst; go.opentelemetry.io/otel/sdk/metric.err error }]).Lookup.deferwrap1
/home/jules/go/pkg/mod/go.opentelemetry.io/otel/sdk/metric@v1.44.0/cache.go:50:2: can inline metric.(*cache[go.shape.struct { Name string; Description string; Kind go.opentelemetry.io/otel/sdk/metric.InstrumentKind; Unit string; Number string },go.shape.struct { go.opentelemetry.io/otel/sdk/metric.val *go.opentelemetry.io/otel/sdk/metric.float64Inst; go.opentelemetry.io/otel/sdk/metric.err error }]).HasKey.deferwrap1
/home/jules/go/pkg/mod/go.opentelemetry.io/otel/sdk/metric@v1.44.0/cache.go:30:2: can inline metric.(*cache[go.shape.struct { Name string; Description string; Kind go.opentelemetry.io/otel/sdk/metric.InstrumentKind; Unit string; Number string },go.shape.struct { go.opentelemetry.io/otel/sdk/metric.val *go.opentelemetry.io/otel/sdk/metric.float64Inst; go.opentelemetry.io/otel/sdk/metric.err error }]).Lookup.deferwrap1
/home/jules/go/pkg/mod/go.opentelemetry.io/otel/sdk/metric@v1.44.0/cache.go:30:2: can inline metric.(*cache[go.shape.struct { Name string; Description string; Kind go.opentelemetry.io/otel/sdk/metric.InstrumentKind; Unit string; Number string },go.shape.struct { go.opentelemetry.io/otel/sdk/metric.val go.shape.*uint8; go.opentelemetry.io/otel/sdk/metric.err error }]).Lookup.deferwrap1
/home/jules/go/pkg/mod/go.opentelemetry.io/otel/sdk/metric@v1.44.0/cache.go:78:34: can inline metric.(*cacheWithErr[go.shape.struct { Name string; Description string; Kind go.opentelemetry.io/otel/sdk/metric.InstrumentKind; Unit string; Number string },go.shape.*uint8]).Lookup.func1
/home/jules/go/pkg/mod/go.opentelemetry.io/otel/sdk/metric@v1.44.0/cache.go:50:2: can inline metric.(*cache[go.shape.struct { Name string; Description string; Kind go.opentelemetry.io/otel/sdk/metric.InstrumentKind; Unit string; Number string },go.shape.struct { go.opentelemetry.io/otel/sdk/metric.val go.shape.*uint8; go.opentelemetry.io/otel/sdk/metric.err error }]).HasKey.deferwrap1
/home/jules/go/pkg/mod/go.opentelemetry.io/otel/sdk/metric@v1.44.0/instrument.go:337:6: can inline metric.(*observable[go.shape.int64]).appendMeasures
/home/jules/go/pkg/mod/go.opentelemetry.io/otel/sdk/metric@v1.44.0/instrument.go:344:6: can inline metric.measures[go.shape.int64].observe
/home/jules/go/pkg/mod/go.opentelemetry.io/otel/sdk/metric@v1.44.0/cache.go:50:2: can inline metric.(*cache[go.shape.struct { Name string; Description string; Kind go.opentelemetry.io/otel/sdk/metric.InstrumentKind; Unit string; Number string },go.shape.struct { go.opentelemetry.io/otel/sdk/metric.val go.opentelemetry.io/otel/sdk/metric.int64Observable; go.opentelemetry.io/otel/sdk/metric.err error }]).HasKey.deferwrap1
/home/jules/go/pkg/mod/go.opentelemetry.io/otel/sdk/metric@v1.44.0/cache.go:30:2: can inline metric.(*cache[go.shape.struct { Name string; Description string; Kind go.opentelemetry.io/otel/sdk/metric.InstrumentKind; Unit string; Number string },go.shape.struct { go.opentelemetry.io/otel/sdk/metric.val go.opentelemetry.io/otel/sdk/metric.int64Observable; go.opentelemetry.io/otel/sdk/metric.err error }]).Lookup.deferwrap1
/home/jules/go/pkg/mod/go.opentelemetry.io/otel/sdk/metric@v1.44.0/cache.go:30:2: can inline metric.(*cache[go.shape.struct { Name string; Description string; Kind go.opentelemetry.io/otel/sdk/metric.InstrumentKind; Unit string; Number string },go.shape.struct { go.opentelemetry.io/otel/sdk/metric.val go.shape.struct { go.opentelemetry.io/otel/metric.Int64Observable; go.opentelemetry.io/otel/sdk/metric.observable = *go.opentelemetry.io/otel/sdk/metric.observable[int64]; go.opentelemetry.io/otel/metric/embedded.Int64ObservableCounter; go.opentelemetry.io/otel/metric/embedded.Int64ObservableUpDownCounter; go.opentelemetry.io/otel/metric/embedded.Int64ObservableGauge }; go.opentelemetry.io/otel/sdk/metric.err error }]).Lookup.deferwrap1
/home/jules/go/pkg/mod/go.opentelemetry.io/otel/sdk/metric@v1.44.0/cache.go:78:34: can inline metric.(*cacheWithErr[go.shape.struct { Name string; Description string; Kind go.opentelemetry.io/otel/sdk/metric.InstrumentKind; Unit string; Number string },go.shape.struct { go.opentelemetry.io/otel/metric.Int64Observable; go.opentelemetry.io/otel/sdk/metric.observable = *go.opentelemetry.io/otel/sdk/metric.observable[int64]; go.opentelemetry.io/otel/metric/embedded.Int64ObservableCounter; go.opentelemetry.io/otel/metric/embedded.Int64ObservableUpDownCounter; go.opentelemetry.io/otel/metric/embedded.Int64ObservableGauge }]).Lookup.func1
/home/jules/go/pkg/mod/go.opentelemetry.io/otel/sdk/metric@v1.44.0/cache.go:50:2: can inline metric.(*cache[go.shape.struct { Name string; Description string; Kind go.opentelemetry.io/otel/sdk/metric.InstrumentKind; Unit string; Number string },go.shape.struct { go.opentelemetry.io/otel/sdk/metric.val go.shape.struct { go.opentelemetry.io/otel/metric.Int64Observable; go.opentelemetry.io/otel/sdk/metric.observable = *go.opentelemetry.io/otel/sdk/metric.observable[int64]; go.opentelemetry.io/otel/metric/embedded.Int64ObservableCounter; go.opentelemetry.io/otel/metric/embedded.Int64ObservableUpDownCounter; go.opentelemetry.io/otel/metric/embedded.Int64ObservableGauge }; go.opentelemetry.io/otel/sdk/metric.err error }]).HasKey.deferwrap1
/home/jules/go/pkg/mod/go.opentelemetry.io/otel/sdk/metric@v1.44.0/instrument.go:337:6: can inline metric.(*observable[go.shape.float64]).appendMeasures
/home/jules/go/pkg/mod/go.opentelemetry.io/otel/sdk/metric@v1.44.0/instrument.go:344:6: can inline metric.measures[go.shape.float64].observe
/home/jules/go/pkg/mod/go.opentelemetry.io/otel/sdk/metric@v1.44.0/cache.go:50:2: can inline metric.(*cache[go.shape.struct { Name string; Description string; Kind go.opentelemetry.io/otel/sdk/metric.InstrumentKind; Unit string; Number string },go.shape.struct { go.opentelemetry.io/otel/sdk/metric.val go.opentelemetry.io/otel/sdk/metric.float64Observable; go.opentelemetry.io/otel/sdk/metric.err error }]).HasKey.deferwrap1
/home/jules/go/pkg/mod/go.opentelemetry.io/otel/sdk/metric@v1.44.0/cache.go:30:2: can inline metric.(*cache[go.shape.struct { Name string; Description string; Kind go.opentelemetry.io/otel/sdk/metric.InstrumentKind; Unit string; Number string },go.shape.struct { go.opentelemetry.io/otel/sdk/metric.val go.opentelemetry.io/otel/sdk/metric.float64Observable; go.opentelemetry.io/otel/sdk/metric.err error }]).Lookup.deferwrap1
/home/jules/go/pkg/mod/go.opentelemetry.io/otel/sdk/metric@v1.44.0/cache.go:30:2: can inline metric.(*cache[go.shape.struct { Name string; Description string; Kind go.opentelemetry.io/otel/sdk/metric.InstrumentKind; Unit string; Number string },go.shape.struct { go.opentelemetry.io/otel/sdk/metric.val go.shape.struct { go.opentelemetry.io/otel/metric.Float64Observable; go.opentelemetry.io/otel/sdk/metric.observable = *go.opentelemetry.io/otel/sdk/metric.observable[float64]; go.opentelemetry.io/otel/metric/embedded.Float64ObservableCounter; go.opentelemetry.io/otel/metric/embedded.Float64ObservableUpDownCounter; go.opentelemetry.io/otel/metric/embedded.Float64ObservableGauge }; go.opentelemetry.io/otel/sdk/metric.err error }]).Lookup.deferwrap1
/home/jules/go/pkg/mod/go.opentelemetry.io/otel/sdk/metric@v1.44.0/cache.go:78:34: can inline metric.(*cacheWithErr[go.shape.struct { Name string; Description string; Kind go.opentelemetry.io/otel/sdk/metric.InstrumentKind; Unit string; Number string },go.shape.struct { go.opentelemetry.io/otel/metric.Float64Observable; go.opentelemetry.io/otel/sdk/metric.observable = *go.opentelemetry.io/otel/sdk/metric.observable[float64]; go.opentelemetry.io/otel/metric/embedded.Float64ObservableCounter; go.opentelemetry.io/otel/metric/embedded.Float64ObservableUpDownCounter; go.opentelemetry.io/otel/metric/embedded.Float64ObservableGauge }]).Lookup.func1
/home/jules/go/pkg/mod/go.opentelemetry.io/otel/sdk/metric@v1.44.0/cache.go:50:2: can inline metric.(*cache[go.shape.struct { Name string; Description string; Kind go.opentelemetry.io/otel/sdk/metric.InstrumentKind; Unit string; Number string },go.shape.struct { go.opentelemetry.io/otel/sdk/metric.val go.shape.struct { go.opentelemetry.io/otel/metric.Float64Observable; go.opentelemetry.io/otel/sdk/metric.observable = *go.opentelemetry.io/otel/sdk/metric.observable[float64]; go.opentelemetry.io/otel/metric/embedded.Float64ObservableCounter; go.opentelemetry.io/otel/metric/embedded.Float64ObservableUpDownCounter; go.opentelemetry.io/otel/metric/embedded.Float64ObservableGauge }; go.opentelemetry.io/otel/sdk/metric.err error }]).HasKey.deferwrap1
/home/jules/go/pkg/mod/go.opentelemetry.io/otel/sdk/metric@v1.44.0/cache.go:50:2: can inline metric.(*cache[go.shape.struct { Name string; Description string; Kind go.opentelemetry.io/otel/sdk/metric.InstrumentKind; Unit string; Number string },go.shape.struct { ID uint64; Measure go.opentelemetry.io/otel/sdk/metric/internal/aggregate.Measure[int64]; Err error }]).HasKey.deferwrap1
/home/jules/go/pkg/mod/go.opentelemetry.io/otel/sdk/metric@v1.44.0/cache.go:30:2: can inline metric.(*cache[go.shape.struct { Name string; Description string; Kind go.opentelemetry.io/otel/sdk/metric.InstrumentKind; Unit string; Number string },go.shape.struct { ID uint64; Measure go.opentelemetry.io/otel/sdk/metric/internal/aggregate.Measure[int64]; Err error }]).Lookup.deferwrap1
/home/jules/go/pkg/mod/go.opentelemetry.io/otel/sdk/metric@v1.44.0/cache.go:50:2: can inline metric.(*cache[go.shape.string,go.shape.struct { Name string; Description string; Kind go.opentelemetry.io/otel/sdk/metric.InstrumentKind; Unit string; Number string }]).HasKey.deferwrap1
/home/jules/go/pkg/mod/go.opentelemetry.io/otel/sdk/metric@v1.44.0/cache.go:30:2: can inline metric.(*cache[go.shape.string,go.shape.struct { Name string; Description string; Kind go.opentelemetry.io/otel/sdk/metric.InstrumentKind; Unit string; Number string }]).Lookup.deferwrap1
/home/jules/go/pkg/mod/go.opentelemetry.io/otel/sdk/metric@v1.44.0/pipeline.go:451:35: can inline metric.(*inserter[go.shape.int64]).logConflict.func1
/home/jules/go/pkg/mod/go.opentelemetry.io/otel/sdk/metric@v1.44.0/cache.go:30:2: can inline metric.(*cache[go.shape.struct { Name string; Description string; Kind go.opentelemetry.io/otel/sdk/metric.InstrumentKind; Unit string; Number string },go.shape.struct { ID uint64; Measure go.opentelemetry.io/otel/sdk/metric/internal/aggregate.Measure[go.shape.int64]; Err error }]).Lookup.deferwrap1
/home/jules/go/pkg/mod/go.opentelemetry.io/otel/sdk/metric@v1.44.0/internal/aggregate/drop.go:14:6: can inline aggregate.DropReservoir[go.shape.int64]
/home/jules/go/pkg/mod/go.opentelemetry.io/otel/sdk/metric@v1.44.0/internal/aggregate/filtered_reservoir.go:43:6: can inline aggregate.NewFilteredExemplarReservoir[go.shape.int64]
/home/jules/go/pkg/mod/go.opentelemetry.io/otel/sdk/metric@v1.44.0/exemplar.go:28:33: can inline metric.reservoirFunc[go.shape.int64].func1
/home/jules/go/pkg/mod/go.opentelemetry.io/otel/sdk/metric@v1.44.0/exemplar.go:34:33: can inline metric.reservoirFunc[go.shape.int64].func2
/home/jules/go/pkg/mod/go.opentelemetry.io/otel/sdk/metric@v1.44.0/exemplar.go:36:9: can inline metric.reservoirFunc[go.shape.int64].func3
/home/jules/go/pkg/mod/go.opentelemetry.io/otel/sdk/metric@v1.44.0/pipeline.go:436:6: can inline metric.(*inserter[go.shape.int64]).getCardinalityLimit
/home/jules/go/pkg/mod/go.opentelemetry.io/otel/sdk/metric@v1.44.0/internal/aggregate/aggregate.go:52:6: can inline aggregate.Builder[go.shape.int64].resFunc
/home/jules/go/pkg/mod/go.opentelemetry.io/otel/sdk/metric@v1.44.0/internal/aggregate/aggregate.go:57:9: can inline aggregate.Builder[go.shape.int64].resFunc.func1
/home/jules/go/pkg/mod/go.opentelemetry.io/otel/sdk/metric@v1.44.0/internal/aggregate/aggregate.go:62:6: can inline aggregate.Builder[go.shape.int64].filter
/home/jules/go/pkg/mod/go.opentelemetry.io/otel/sdk/metric@v1.44.0/internal/aggregate/aggregate.go:65:10: can inline aggregate.Builder[go.shape.int64].filter.func1
/home/jules/go/pkg/mod/go.opentelemetry.io/otel/sdk/metric@v1.44.0/internal/aggregate/aggregate.go:70:9: can inline aggregate.Builder[go.shape.int64].filter.func2
/home/jules/go/pkg/mod/go.opentelemetry.io/otel/sdk/metric@v1.44.0/internal/aggregate/atomic.go:78:6: can inline aggregate.(*atomicN[go.shape.int64]).Store
/home/jules/go/pkg/mod/go.opentelemetry.io/otel/sdk/metric@v1.44.0/internal/aggregate/lastvalue.go:36:43: can inline aggregate.(*lastValueMap[go.shape.int64]).measure.func1
/home/jules/go/pkg/mod/go.opentelemetry.io/otel/sdk/metric@v1.44.0/internal/aggregate/lastvalue.go:91:2: can inline aggregate.(*deltaLastValue[go.shape.int64]).measure.deferwrap1
/home/jules/go/pkg/mod/go.opentelemetry.io/otel/sdk/metric@v1.44.0/internal/aggregate/aggregate.go:157:6: can inline aggregate.reset[go.shape.struct { Attributes go.opentelemetry.io/otel/attribute.Set; StartTime time.Time "json:\",omitempty\""; Time time.Time "json:\",omitempty\""; Value go.shape.int64; Exemplars []go.opentelemetry.io/otel/sdk/metric/metricdata.Exemplar[go.shape.int64] "json:\",omitempty\"" }]
/home/jules/go/pkg/mod/go.opentelemetry.io/otel/sdk/metric@v1.44.0/internal/aggregate/atomic.go:65:6: can inline aggregate.(*atomicN[go.shape.int64]).Load
/home/jules/go/pkg/mod/go.opentelemetry.io/otel/sdk/metric@v1.44.0/internal/aggregate/aggregate.go:157:6: can inline aggregate.reset[go.shape.struct { FilteredAttributes []go.opentelemetry.io/otel/attribute.KeyValue; Time time.Time; Value go.opentelemetry.io/otel/sdk/metric/exemplar.Value; SpanID []uint8 "json:\",omitempty\""; TraceID []uint8 "json:\",omitempty\"" }]
/home/jules/go/pkg/mod/go.opentelemetry.io/otel/sdk/metric@v1.44.0/internal/aggregate/aggregate.go:157:6: can inline aggregate.reset[go.shape.struct { FilteredAttributes []go.opentelemetry.io/otel/attribute.KeyValue; Time time.Time; Value go.shape.int64; SpanID []uint8 "json:\",omitempty\""; TraceID []uint8 "json:\",omitempty\"" }]
/home/jules/go/pkg/mod/go.opentelemetry.io/otel/sdk/metric@v1.44.0/internal/aggregate/exemplar.go:19:8: can inline aggregate.collectExemplars[go.shape.int64].func1
/home/jules/go/pkg/mod/go.opentelemetry.io/otel/sdk/metric@v1.44.0/internal/aggregate/lastvalue.go:122:40: can inline aggregate.(*deltaLastValue[go.shape.int64]).copyAndClearDpts.func1
/home/jules/go/pkg/mod/go.opentelemetry.io/otel/sdk/metric@v1.44.0/internal/aggregate/lastvalue.go:145:6: can inline aggregate.newCumulativeLastValue[go.shape.int64]
/home/jules/go/pkg/mod/go.opentelemetry.io/otel/sdk@v1.44.0/internal/x/x.go:55:6: can inline x.Feature[go.shape.bool].Enabled
/home/jules/go/pkg/mod/go.opentelemetry.io/otel/sdk/metric@v1.44.0/internal/aggregate/lastvalue.go:173:17: can inline aggregate.(*cumulativeLastValue[go.shape.int64]).collect.func1
/home/jules/go/pkg/mod/go.opentelemetry.io/otel/sdk/metric@v1.44.0/internal/aggregate/aggregate.go:80:21: can inline aggregate.Builder[go.shape.int64].LastValue.func1
/home/jules/go/pkg/mod/go.opentelemetry.io/otel/sdk/metric@v1.44.0/internal/aggregate/aggregate.go:80:34: can inline aggregate.Builder[go.shape.int64].LastValue.func2
/home/jules/go/pkg/mod/go.opentelemetry.io/otel/sdk/metric@v1.44.0/internal/aggregate/aggregate.go:83:21: can inline aggregate.Builder[go.shape.int64].LastValue.func3
/home/jules/go/pkg/mod/go.opentelemetry.io/otel/sdk/metric@v1.44.0/internal/aggregate/aggregate.go:83:34: can inline aggregate.Builder[go.shape.int64].LastValue.func4
/home/jules/go/pkg/mod/go.opentelemetry.io/otel/sdk/metric@v1.44.0/internal/aggregate/lastvalue.go:203:6: can inline aggregate.newPrecomputedLastValue[go.shape.int64]
/home/jules/go/pkg/mod/go.opentelemetry.io/otel/sdk/metric@v1.44.0/internal/aggregate/lastvalue.go:215:6: can inline aggregate.(*precomputedLastValue[go.shape.int64]).delta
/home/jules/go/pkg/mod/go.opentelemetry.io/otel/sdk/metric@v1.44.0/internal/aggregate/aggregate.go:94:21: can inline aggregate.Builder[go.shape.int64].PrecomputedLastValue.func1
/home/jules/go/pkg/mod/go.opentelemetry.io/otel/sdk/metric@v1.44.0/internal/aggregate/aggregate.go:94:34: can inline aggregate.Builder[go.shape.int64].PrecomputedLastValue.func2
/home/jules/go/pkg/mod/go.opentelemetry.io/otel/sdk/metric@v1.44.0/internal/aggregate/aggregate.go:96:21: can inline aggregate.Builder[go.shape.int64].PrecomputedLastValue.func3
/home/jules/go/pkg/mod/go.opentelemetry.io/otel/sdk/metric@v1.44.0/internal/aggregate/aggregate.go:96:34: can inline aggregate.Builder[go.shape.int64].PrecomputedLastValue.func4
/home/jules/go/pkg/mod/go.opentelemetry.io/otel/sdk/metric@v1.44.0/internal/aggregate/sum.go:207:6: can inline aggregate.newPrecomputedSum[go.shape.int64]
/home/jules/go/pkg/mod/go.opentelemetry.io/otel/sdk/metric@v1.44.0/internal/aggregate/atomic.go:36:6: can inline aggregate.(*atomicCounter[go.shape.int64]).add
/home/jules/go/pkg/mod/go.opentelemetry.io/otel/sdk/metric@v1.44.0/internal/aggregate/sum.go:34:43: can inline aggregate.(*sumValueMap[go.shape.int64]).measure.func1
/home/jules/go/pkg/mod/go.opentelemetry.io/otel/sdk/metric@v1.44.0/internal/aggregate/sum.go:88:2: can inline aggregate.(*deltaSum[go.shape.int64]).measure.deferwrap1
/home/jules/go/pkg/mod/go.opentelemetry.io/otel/sdk/metric@v1.44.0/internal/aggregate/atomic.go:30:6: can inline aggregate.(*atomicCounter[go.shape.int64]).load
/home/jules/go/pkg/mod/go.opentelemetry.io/otel/sdk/metric@v1.44.0/internal/aggregate/sum.go:244:40: can inline aggregate.(*precomputedSum[go.shape.int64]).delta.func1
/home/jules/go/pkg/mod/go.opentelemetry.io/otel/sdk/metric@v1.44.0/internal/aggregate/sum.go:288:40: can inline aggregate.(*precomputedSum[go.shape.int64]).cumulative.func1
/home/jules/go/pkg/mod/go.opentelemetry.io/otel/sdk/metric@v1.44.0/internal/aggregate/aggregate.go:106:20: can inline aggregate.Builder[go.shape.int64].PrecomputedSum.func1
/home/jules/go/pkg/mod/go.opentelemetry.io/otel/sdk/metric@v1.44.0/internal/aggregate/aggregate.go:106:32: can inline aggregate.Builder[go.shape.int64].PrecomputedSum.func2
/home/jules/go/pkg/mod/go.opentelemetry.io/otel/sdk/metric@v1.44.0/internal/aggregate/aggregate.go:108:20: can inline aggregate.Builder[go.shape.int64].PrecomputedSum.func3
/home/jules/go/pkg/mod/go.opentelemetry.io/otel/sdk/metric@v1.44.0/internal/aggregate/aggregate.go:108:32: can inline aggregate.Builder[go.shape.int64].PrecomputedSum.func4
/home/jules/go/pkg/mod/go.opentelemetry.io/otel/sdk/metric@v1.44.0/internal/aggregate/sum.go:111:40: can inline aggregate.(*deltaSum[go.shape.int64]).collect.func1
/home/jules/go/pkg/mod/go.opentelemetry.io/otel/sdk/metric@v1.44.0/internal/aggregate/sum.go:134:6: can inline aggregate.newCumulativeSum[go.shape.int64]
/home/jules/go/pkg/mod/go.opentelemetry.io/otel/sdk/metric@v1.44.0/internal/aggregate/sum.go:175:17: can inline aggregate.(*cumulativeSum[go.shape.int64]).collect.func1
/home/jules/go/pkg/mod/go.opentelemetry.io/otel/sdk/metric@v1.44.0/internal/aggregate/aggregate.go:117:20: can inline aggregate.Builder[go.shape.int64].Sum.func1
/home/jules/go/pkg/mod/go.opentelemetry.io/otel/sdk/metric@v1.44.0/internal/aggregate/aggregate.go:117:32: can inline aggregate.Builder[go.shape.int64].Sum.func2
/home/jules/go/pkg/mod/go.opentelemetry.io/otel/sdk/metric@v1.44.0/internal/aggregate/aggregate.go:120:20: can inline aggregate.Builder[go.shape.int64].Sum.func3
/home/jules/go/pkg/mod/go.opentelemetry.io/otel/sdk/metric@v1.44.0/internal/aggregate/aggregate.go:120:32: can inline aggregate.Builder[go.shape.int64].Sum.func4
/home/jules/go/pkg/mod/golang.org/toolchain@v0.0.1-go1.26.5.linux-amd64/src/slices/slices.go:353:6: can inline slices.Clone[go.shape.[]float64,go.shape.float64]
/home/jules/go/pkg/mod/golang.org/toolchain@v0.0.1-go1.26.5.linux-amd64/src/cmp/cmp.go:63:6: can inline cmp.isNaN[go.shape.float64]
/home/jules/go/pkg/mod/golang.org/toolchain@v0.0.1-go1.26.5.linux-amd64/src/cmp/cmp.go:28:6: can inline cmp.Less[go.shape.float64]
/home/jules/go/pkg/mod/golang.org/toolchain@v0.0.1-go1.26.5.linux-amd64/src/slices/zsortordered.go:300:6: can inline slices.order2Ordered[go.shape.float64]
/home/jules/go/pkg/mod/golang.org/toolchain@v0.0.1-go1.26.5.linux-amd64/src/slices/zsortordered.go:317:6: can inline slices.medianAdjacentOrdered[go.shape.float64]
/home/jules/go/pkg/mod/golang.org/toolchain@v0.0.1-go1.26.5.linux-amd64/src/slices/zsortordered.go:321:6: can inline slices.reverseRangeOrdered[go.shape.float64]
/home/jules/go/pkg/mod/golang.org/toolchain@v0.0.1-go1.26.5.linux-amd64/src/slices/sort.go:16:6: can inline slices.Sort[go.shape.[]float64,go.shape.float64]
/home/jules/go/pkg/mod/go.opentelemetry.io/otel/sdk/metric@v1.44.0/internal/aggregate/atomic.go:113:2: can inline aggregate.(*atomicMinMax[go.shape.int64]).init.deferwrap1
/home/jules/go/pkg/mod/go.opentelemetry.io/otel/sdk/metric@v1.44.0/internal/aggregate/atomic.go:115:3: can inline aggregate.(*atomicMinMax[go.shape.int64]).init.deferwrap2
/home/jules/go/pkg/mod/go.opentelemetry.io/otel/sdk/metric@v1.44.0/internal/aggregate/atomic.go:91:6: can inline aggregate.(*atomicN[go.shape.int64]).CompareAndSwap
/home/jules/go/pkg/mod/go.opentelemetry.io/otel/sdk/metric@v1.44.0/internal/aggregate/histogram.go:116:2: can inline aggregate.(*deltaHistogram[go.shape.int64]).measure.deferwrap1
/home/jules/go/pkg/mod/go.opentelemetry.io/otel/sdk/metric@v1.44.0/internal/aggregate/histogram.go:117:57: can inline aggregate.(*deltaHistogram[go.shape.int64]).measure.func1
/home/jules/go/pkg/mod/go.opentelemetry.io/otel/sdk/metric@v1.44.0/internal/aggregate/aggregate.go:157:6: can inline aggregate.reset[go.shape.struct { Attributes go.opentelemetry.io/otel/attribute.Set; StartTime time.Time; Time time.Time; Count uint64; Bounds []float64; BucketCounts []uint64; Min go.opentelemetry.io/otel/sdk/metric/metricdata.Extrema[go.shape.int64]; Max go.opentelemetry.io/otel/sdk/metric/metricdata.Extrema[go.shape.int64]; Sum go.shape.int64; Exemplars []go.opentelemetry.io/otel/sdk/metric/metricdata.Exemplar[go.shape.int64] "json:\",omitempty\"" }]
/home/jules/go/pkg/mod/go.opentelemetry.io/otel/sdk/metric@v1.44.0/internal/aggregate/aggregate.go:157:6: can inline aggregate.reset[go.shape.uint64]
/home/jules/go/pkg/mod/go.opentelemetry.io/otel/sdk/metric@v1.44.0/internal/aggregate/histogram.go:46:6: can inline aggregate.(*histogramPointCounters[go.shape.int64]).loadCountsInto
/home/jules/go/pkg/mod/go.opentelemetry.io/otel/sdk/metric@v1.44.0/metricdata/data.go:219:6: can inline metricdata.NewExtrema[go.shape.int64]
/home/jules/go/pkg/mod/go.opentelemetry.io/otel/sdk/metric@v1.44.0/internal/aggregate/histogram.go:203:33: can inline aggregate.(*deltaHistogram[go.shape.int64]).collect.func1
/home/jules/go/pkg/mod/go.opentelemetry.io/otel/sdk/metric@v1.44.0/internal/aggregate/histogram.go:291:42: can inline aggregate.(*cumulativeHistogram[go.shape.int64]).measure.func1
/home/jules/go/pkg/mod/go.opentelemetry.io/otel/sdk/metric@v1.44.0/internal/aggregate/histogram.go:326:2: can inline aggregate.(*cumulativeHistogram[go.shape.int64]).measure.deferwrap1
/home/jules/go/pkg/mod/go.opentelemetry.io/otel/sdk/metric@v1.44.0/internal/aggregate/atomic.go:55:6: can inline aggregate.(*atomicCounter[go.shape.int64]).reset
/home/jules/go/pkg/mod/go.opentelemetry.io/otel/sdk/metric@v1.44.0/internal/aggregate/histogram.go:360:17: can inline aggregate.(*cumulativeHistogram[go.shape.int64]).collect.func1
/home/jules/go/pkg/mod/go.opentelemetry.io/otel/sdk/metric@v1.44.0/internal/aggregate/aggregate.go:133:20: can inline aggregate.Builder[go.shape.int64].ExplicitBucketHistogram.func1
/home/jules/go/pkg/mod/go.opentelemetry.io/otel/sdk/metric@v1.44.0/internal/aggregate/aggregate.go:133:32: can inline aggregate.Builder[go.shape.int64].ExplicitBucketHistogram.func2
/home/jules/go/pkg/mod/go.opentelemetry.io/otel/sdk/metric@v1.44.0/internal/aggregate/aggregate.go:136:20: can inline aggregate.Builder[go.shape.int64].ExplicitBucketHistogram.func3
/home/jules/go/pkg/mod/go.opentelemetry.io/otel/sdk/metric@v1.44.0/internal/aggregate/aggregate.go:136:32: can inline aggregate.Builder[go.shape.int64].ExplicitBucketHistogram.func4
/home/jules/go/pkg/mod/go.opentelemetry.io/otel/sdk/metric@v1.44.0/internal/aggregate/limit.go:25:6: can inline aggregate.newLimiter[go.shape.b24d11fe63213ba3e19efce44cbb29366d3fa8b1b6b0819161af96028a7b7fbc]
/home/jules/go/pkg/mod/go.opentelemetry.io/otel/sdk/metric@v1.44.0/internal/aggregate/limit.go:33:6: can inline aggregate.limiter[go.shape.b24d11fe63213ba3e19efce44cbb29366d3fa8b1b6b0819161af96028a7b7fbc].Attributes
/home/jules/go/pkg/mod/go.opentelemetry.io/otel/sdk/metric@v1.44.0/internal/aggregate/exponential_histogram.go:156:6: can inline aggregate.(*expoHistogramDataPoint[go.shape.int64]).scaleChange
/home/jules/go/pkg/mod/go.opentelemetry.io/otel/sdk/metric@v1.44.0/internal/aggregate/exponential_histogram.go:343:2: can inline aggregate.(*expoHistogram[go.shape.int64]).measure.deferwrap1
/home/jules/go/pkg/mod/go.opentelemetry.io/otel/sdk/metric@v1.44.0/internal/aggregate/aggregate.go:157:6: can inline aggregate.reset[go.shape.b72151a75e611c6ff1bdb91fef142f2083903667903eadf92ae29b6de78ba08d]
/home/jules/go/pkg/mod/go.opentelemetry.io/otel/sdk/metric@v1.44.0/internal/aggregate/exponential_histogram.go:181:6: can inline aggregate.(*expoHistogramDataPoint[go.shape.int64]).count
/home/jules/go/pkg/mod/go.opentelemetry.io/otel/sdk/metric@v1.44.0/internal/aggregate/exponential_histogram.go:378:2: can inline aggregate.(*expoHistogram[go.shape.int64]).delta.deferwrap1
/home/jules/go/pkg/mod/go.opentelemetry.io/otel/sdk/metric@v1.44.0/internal/aggregate/exponential_histogram.go:447:2: can inline aggregate.(*expoHistogram[go.shape.int64]).cumulative.deferwrap1
/home/jules/go/pkg/mod/go.opentelemetry.io/otel/sdk/metric@v1.44.0/internal/aggregate/aggregate.go:149:20: can inline aggregate.Builder[go.shape.int64].ExponentialBucketHistogram.func1
/home/jules/go/pkg/mod/go.opentelemetry.io/otel/sdk/metric@v1.44.0/internal/aggregate/aggregate.go:149:32: can inline aggregate.Builder[go.shape.int64].ExponentialBucketHistogram.func2
/home/jules/go/pkg/mod/go.opentelemetry.io/otel/sdk/metric@v1.44.0/internal/aggregate/aggregate.go:151:20: can inline aggregate.Builder[go.shape.int64].ExponentialBucketHistogram.func3
/home/jules/go/pkg/mod/go.opentelemetry.io/otel/sdk/metric@v1.44.0/internal/aggregate/aggregate.go:151:32: can inline aggregate.Builder[go.shape.int64].ExponentialBucketHistogram.func4
/home/jules/go/pkg/mod/go.opentelemetry.io/otel/sdk/metric@v1.44.0/pipeline.go:398:37: can inline metric.(*inserter[go.shape.int64]).cachedAggregator.func1
/home/jules/go/pkg/mod/go.opentelemetry.io/otel/sdk/metric@v1.44.0/internal/aggregate/aggregate.go:157:6: can inline aggregate.reset[go.opentelemetry.io/otel/sdk/metric/exemplar.Exemplar]
/home/jules/go/pkg/mod/go.opentelemetry.io/otel/sdk/metric@v1.44.0/internal/aggregate/aggregate.go:157:6: can inline aggregate.reset[uint64]
/home/jules/go/pkg/mod/go.opentelemetry.io/otel/sdk@v1.44.0/internal/x/x.go:35:6: can inline x.Feature[go.shape.bool].Keys
/home/jules/go/pkg/mod/go.opentelemetry.io/otel/sdk@v1.44.0/internal/x/x.go:55:6: can inline x.Feature[bool].Enabled
/home/jules/go/pkg/mod/go.opentelemetry.io/otel/sdk@v1.44.0/internal/x/x.go:40:6: can inline x.Feature[bool].Lookup
/home/jules/go/pkg/mod/go.opentelemetry.io/otel/sdk@v1.44.0/internal/x/x.go:35:6: can inline x.Feature[bool].Keys
/home/jules/go/pkg/mod/go.opentelemetry.io/otel/sdk/metric@v1.44.0/metricdata/data.go:141:6: can inline metricdata.ExponentialHistogram[go.shape.int64].privateAggregation
/home/jules/go/pkg/mod/go.opentelemetry.io/otel/sdk/metric@v1.44.0/metricdata/data.go:225:6: can inline metricdata.Extrema[go.shape.int64].Value
/home/jules/go/pkg/mod/go.opentelemetry.io/otel/sdk/metric@v1.44.0/metricdata/data.go:214:6: can inline metricdata.(*Extrema[go.shape.int64]).MarshalJSON
/home/jules/go/pkg/mod/go.opentelemetry.io/otel/sdk/metric@v1.44.0/internal/aggregate/drop.go:24:6: can inline aggregate.(*dropRes[go.shape.int64]).Collect
/home/jules/go/pkg/mod/go.opentelemetry.io/otel/sdk/metric@v1.44.0/internal/aggregate/drop.go:21:6: can inline aggregate.(*dropRes[go.shape.int64]).Offer
/home/jules/go/pkg/mod/golang.org/toolchain@v0.0.1-go1.26.5.linux-amd64/src/sync/atomic/type.go:67:6: can inline atomic.(*Pointer[go.shape.struct { internal/sync.node = internal/sync.node[interface {},interface {}]; internal/sync.overflow sync/atomic.Pointer[internal/sync.entry[interface {},interface {}]]; internal/sync.key interface {}; internal/sync.value interface {} }]).CompareAndSwap
/home/jules/go/pkg/mod/golang.org/toolchain@v0.0.1-go1.26.5.linux-amd64/src/sync/atomic/type.go:64:6: can inline atomic.(*Pointer[go.shape.struct { internal/sync.node = internal/sync.node[interface {},interface {}]; internal/sync.overflow sync/atomic.Pointer[internal/sync.entry[interface {},interface {}]]; internal/sync.key interface {}; internal/sync.value interface {} }]).Swap
/home/jules/go/pkg/mod/golang.org/toolchain@v0.0.1-go1.26.5.linux-amd64/src/sync/atomic/type.go:61:6: can inline atomic.(*Pointer[go.shape.struct { internal/sync.node = internal/sync.node[interface {},interface {}]; internal/sync.overflow sync/atomic.Pointer[internal/sync.entry[interface {},interface {}]]; internal/sync.key interface {}; internal/sync.value interface {} }]).Store
/home/jules/go/pkg/mod/golang.org/toolchain@v0.0.1-go1.26.5.linux-amd64/src/sync/atomic/type.go:58:6: can inline atomic.(*Pointer[go.shape.struct { internal/sync.node = internal/sync.node[interface {},interface {}]; internal/sync.overflow sync/atomic.Pointer[internal/sync.entry[interface {},interface {}]]; internal/sync.key interface {}; internal/sync.value interface {} }]).Load
/home/jules/go/pkg/mod/golang.org/toolchain@v0.0.1-go1.26.5.linux-amd64/src/sync/atomic/type.go:67:6: can inline atomic.(*Pointer[go.shape.struct { internal/sync.node = internal/sync.node[interface {},interface {}]; internal/sync.dead sync/atomic.Bool; internal/sync.mu internal/sync.Mutex; internal/sync.parent *internal/sync.indirect[interface {},interface {}]; internal/sync.children [16]sync/atomic.Pointer[internal/sync.node[interface {},interface {}]] }]).CompareAndSwap
/home/jules/go/pkg/mod/golang.org/toolchain@v0.0.1-go1.26.5.linux-amd64/src/sync/atomic/type.go:64:6: can inline atomic.(*Pointer[go.shape.struct { internal/sync.node = internal/sync.node[interface {},interface {}]; internal/sync.dead sync/atomic.Bool; internal/sync.mu internal/sync.Mutex; internal/sync.parent *internal/sync.indirect[interface {},interface {}]; internal/sync.children [16]sync/atomic.Pointer[internal/sync.node[interface {},interface {}]] }]).Swap
/home/jules/go/pkg/mod/golang.org/toolchain@v0.0.1-go1.26.5.linux-amd64/src/sync/atomic/type.go:61:6: can inline atomic.(*Pointer[go.shape.struct { internal/sync.node = internal/sync.node[interface {},interface {}]; internal/sync.dead sync/atomic.Bool; internal/sync.mu internal/sync.Mutex; internal/sync.parent *internal/sync.indirect[interface {},interface {}]; internal/sync.children [16]sync/atomic.Pointer[internal/sync.node[interface {},interface {}]] }]).Store
/home/jules/go/pkg/mod/golang.org/toolchain@v0.0.1-go1.26.5.linux-amd64/src/sync/atomic/type.go:58:6: can inline atomic.(*Pointer[go.shape.struct { internal/sync.node = internal/sync.node[interface {},interface {}]; internal/sync.dead sync/atomic.Bool; internal/sync.mu internal/sync.Mutex; internal/sync.parent *internal/sync.indirect[interface {},interface {}]; internal/sync.children [16]sync/atomic.Pointer[internal/sync.node[interface {},interface {}]] }]).Load
/home/jules/go/pkg/mod/golang.org/toolchain@v0.0.1-go1.26.5.linux-amd64/src/sync/atomic/type.go:61:6: can inline atomic.(*Pointer[go.shape.struct { internal/sync.node = internal/sync.node[go.shape.interface {},go.shape.interface {}]; internal/sync.dead sync/atomic.Bool; internal/sync.mu internal/sync.Mutex; internal/sync.parent *internal/sync.indirect[go.shape.interface {},go.shape.interface {}]; internal/sync.children [16]sync/atomic.Pointer[go.shape.struct { internal/sync.isEntry bool }] }]).Store
/home/jules/go/pkg/mod/golang.org/toolchain@v0.0.1-go1.26.5.linux-amd64/src/internal/sync/hashtriemap.go:549:6: can inline sync.newIndirectNode[go.shape.interface {},go.shape.interface {}]
/home/jules/go/pkg/mod/golang.org/toolchain@v0.0.1-go1.26.5.linux-amd64/src/internal/sync/hashtriemap.go:39:2: can inline sync.(*HashTrieMap[go.shape.interface {},go.shape.interface {}]).initSlow.deferwrap1
/home/jules/go/pkg/mod/golang.org/toolchain@v0.0.1-go1.26.5.linux-amd64/src/internal/sync/hashtriemap.go:30:6: can inline sync.(*HashTrieMap[go.shape.interface {},go.shape.interface {}]).init
/home/jules/go/pkg/mod/golang.org/toolchain@v0.0.1-go1.26.5.linux-amd64/src/sync/atomic/type.go:58:6: can inline atomic.(*Pointer[go.shape.struct { internal/sync.isEntry bool }]).Load
/home/jules/go/pkg/mod/golang.org/toolchain@v0.0.1-go1.26.5.linux-amd64/src/internal/sync/hashtriemap.go:713:6: can inline sync.(*node[go.shape.interface {},go.shape.interface {}]).indirect
/home/jules/go/pkg/mod/golang.org/toolchain@v0.0.1-go1.26.5.linux-amd64/src/internal/sync/hashtriemap.go:706:6: can inline sync.(*node[go.shape.interface {},go.shape.interface {}]).entry
/home/jules/go/pkg/mod/golang.org/toolchain@v0.0.1-go1.26.5.linux-amd64/src/sync/atomic/type.go:58:6: can inline atomic.(*Pointer[go.shape.struct { internal/sync.node = internal/sync.node[go.shape.interface {},go.shape.interface {}]; internal/sync.overflow sync/atomic.Pointer[internal/sync.entry[go.shape.interface {},go.shape.interface {}]]; internal/sync.key go.shape.interface {}; internal/sync.value go.shape.interface {} }]).Load
/home/jules/go/pkg/mod/golang.org/toolchain@v0.0.1-go1.26.5.linux-amd64/src/sync/atomic/type.go:67:6: can inline atomic.(*Pointer[go.shape.struct { internal/sync.node = internal/sync.node[go.shape.interface {},go.shape.interface {}]; internal/sync.overflow sync/atomic.Pointer[internal/sync.entry[go.shape.interface {},go.shape.interface {}]]; internal/sync.key go.shape.interface {}; internal/sync.value go.shape.interface {} }]).CompareAndSwap
/home/jules/go/pkg/mod/golang.org/toolchain@v0.0.1-go1.26.5.linux-amd64/src/sync/atomic/type.go:64:6: can inline atomic.(*Pointer[go.shape.struct { internal/sync.node = internal/sync.node[go.shape.interface {},go.shape.interface {}]; internal/sync.overflow sync/atomic.Pointer[internal/sync.entry[go.shape.interface {},go.shape.interface {}]]; internal/sync.key go.shape.interface {}; internal/sync.value go.shape.interface {} }]).Swap
/home/jules/go/pkg/mod/golang.org/toolchain@v0.0.1-go1.26.5.linux-amd64/src/sync/atomic/type.go:61:6: can inline atomic.(*Pointer[go.shape.struct { internal/sync.node = internal/sync.node[go.shape.interface {},go.shape.interface {}]; internal/sync.overflow sync/atomic.Pointer[internal/sync.entry[go.shape.interface {},go.shape.interface {}]]; internal/sync.key go.shape.interface {}; internal/sync.value go.shape.interface {} }]).Store
/home/jules/go/pkg/mod/golang.org/toolchain@v0.0.1-go1.26.5.linux-amd64/src/sync/atomic/type.go:58:6: can inline atomic.(*Pointer[go.shape.struct { internal/sync.node = internal/sync.node[go.shape.interface {},go.shape.interface {}]; internal/sync.dead sync/atomic.Bool; internal/sync.mu internal/sync.Mutex; internal/sync.parent *internal/sync.indirect[go.shape.interface {},go.shape.interface {}]; internal/sync.children [16]sync/atomic.Pointer[go.shape.struct { internal/sync.isEntry bool }] }]).Load
/home/jules/go/pkg/mod/golang.org/toolchain@v0.0.1-go1.26.5.linux-amd64/src/internal/sync/hashtriemap.go:483:9: can inline sync.(*HashTrieMap[go.shape.interface {},go.shape.interface {}]).All.func1
/home/jules/go/pkg/mod/golang.org/toolchain@v0.0.1-go1.26.5.linux-amd64/src/internal/sync/hashtriemap.go:589:6: can inline sync.(*entry[go.shape.interface {},go.shape.interface {}]).lookupWithValue
/home/jules/go/pkg/mod/golang.org/toolchain@v0.0.1-go1.26.5.linux-amd64/src/sync/atomic/type.go:61:6: can inline atomic.(*Pointer[go.shape.struct { internal/sync.isEntry bool }]).Store
/home/jules/go/pkg/mod/golang.org/toolchain@v0.0.1-go1.26.5.linux-amd64/src/internal/sync/hashtriemap.go:553:6: can inline sync.(*indirect[go.shape.interface {},go.shape.interface {}]).empty
/home/jules/go/pkg/mod/golang.org/toolchain@v0.0.1-go1.26.5.linux-amd64/src/internal/sync/hashtriemap.go:359:6: can inline sync.(*HashTrieMap[go.shape.interface {},go.shape.interface {}]).Delete
/home/jules/go/pkg/mod/golang.org/toolchain@v0.0.1-go1.26.5.linux-amd64/src/internal/sync/hashtriemap.go:571:6: can inline sync.newEntryNode[go.shape.interface {},go.shape.interface {}]
/home/jules/go/pkg/mod/golang.org/toolchain@v0.0.1-go1.26.5.linux-amd64/src/internal/sync/hashtriemap.go:290:3: can inline sync.(*HashTrieMap[go.shape.interface {},go.shape.interface {}]).CompareAndSwap.deferwrap1
/home/jules/go/pkg/mod/golang.org/toolchain@v0.0.1-go1.26.5.linux-amd64/src/internal/sync/hashtriemap.go:249:2: can inline sync.(*HashTrieMap[go.shape.interface {},go.shape.interface {}]).Swap.deferwrap1
/home/jules/go/pkg/mod/golang.org/toolchain@v0.0.1-go1.26.5.linux-amd64/src/internal/sync/hashtriemap.go:199:6: can inline sync.(*HashTrieMap[go.shape.interface {},go.shape.interface {}]).Store
/home/jules/go/pkg/mod/golang.org/toolchain@v0.0.1-go1.26.5.linux-amd64/src/internal/sync/hashtriemap.go:579:6: can inline sync.(*entry[go.shape.interface {},go.shape.interface {}]).lookup
/home/jules/go/pkg/mod/golang.org/toolchain@v0.0.1-go1.26.5.linux-amd64/src/internal/sync/hashtriemap.go:141:2: can inline sync.(*HashTrieMap[go.shape.interface {},go.shape.interface {}]).LoadOrStore.deferwrap1
/home/jules/go/pkg/mod/golang.org/toolchain@v0.0.1-go1.26.5.linux-amd64/src/sync/atomic/type.go:67:6: can inline atomic.(*Pointer[go.shape.struct { internal/sync.node = internal/sync.node[go.shape.interface {},go.shape.interface {}]; internal/sync.dead sync/atomic.Bool; internal/sync.mu internal/sync.Mutex; internal/sync.parent *internal/sync.indirect[go.shape.interface {},go.shape.interface {}]; internal/sync.children [16]sync/atomic.Pointer[go.shape.struct { internal/sync.isEntry bool }] }]).CompareAndSwap
/home/jules/go/pkg/mod/golang.org/toolchain@v0.0.1-go1.26.5.linux-amd64/src/sync/atomic/type.go:64:6: can inline atomic.(*Pointer[go.shape.struct { internal/sync.node = internal/sync.node[go.shape.interface {},go.shape.interface {}]; internal/sync.dead sync/atomic.Bool; internal/sync.mu internal/sync.Mutex; internal/sync.parent *internal/sync.indirect[go.shape.interface {},go.shape.interface {}]; internal/sync.children [16]sync/atomic.Pointer[go.shape.struct { internal/sync.isEntry bool }] }]).Swap
/home/jules/go/pkg/mod/golang.org/toolchain@v0.0.1-go1.26.5.linux-amd64/src/sync/atomic/type.go:67:6: can inline atomic.(*Pointer[go.shape.struct { internal/sync.isEntry bool }]).CompareAndSwap
/home/jules/go/pkg/mod/golang.org/toolchain@v0.0.1-go1.26.5.linux-amd64/src/sync/atomic/type.go:64:6: can inline atomic.(*Pointer[go.shape.struct { internal/sync.isEntry bool }]).Swap
/home/jules/go/pkg/mod/golang.org/toolchain@v0.0.1-go1.26.5.linux-amd64/src/sync/atomic/type.go:67:6: can inline atomic.(*Pointer[internal/sync.entry[go.shape.interface {},go.shape.interface {}]]).CompareAndSwap
/home/jules/go/pkg/mod/golang.org/toolchain@v0.0.1-go1.26.5.linux-amd64/src/sync/atomic/type.go:64:6: can inline atomic.(*Pointer[internal/sync.entry[go.shape.interface {},go.shape.interface {}]]).Swap
/home/jules/go/pkg/mod/golang.org/toolchain@v0.0.1-go1.26.5.linux-amd64/src/sync/atomic/type.go:61:6: can inline atomic.(*Pointer[internal/sync.entry[go.shape.interface {},go.shape.interface {}]]).Store
/home/jules/go/pkg/mod/golang.org/toolchain@v0.0.1-go1.26.5.linux-amd64/src/sync/atomic/type.go:58:6: can inline atomic.(*Pointer[internal/sync.entry[go.shape.interface {},go.shape.interface {}]]).Load
/home/jules/go/pkg/mod/golang.org/toolchain@v0.0.1-go1.26.5.linux-amd64/src/slices/slices.go:353:6: can inline slices.Clone[[]float64,float64]
/home/jules/go/pkg/mod/go.opentelemetry.io/otel/sdk/metric@v1.44.0/metricdata/data.go:100:6: can inline metricdata.Histogram[go.shape.int64].privateAggregation
/home/jules/go/pkg/mod/golang.org/toolchain@v0.0.1-go1.26.5.linux-amd64/src/internal/sync/hashtriemap.go:522:6: can inline sync.(*HashTrieMap[interface {},interface {}]).Clear
/home/jules/go/pkg/mod/golang.org/toolchain@v0.0.1-go1.26.5.linux-amd64/src/internal/sync/hashtriemap.go:498:6: can inline sync.(*HashTrieMap[interface {},interface {}]).iter
/home/jules/go/pkg/mod/golang.org/toolchain@v0.0.1-go1.26.5.linux-amd64/src/internal/sync/hashtriemap.go:493:6: can inline sync.(*HashTrieMap[interface {},interface {}]).Range
/home/jules/go/pkg/mod/golang.org/toolchain@v0.0.1-go1.26.5.linux-amd64/src/internal/sync/hashtriemap.go:481:6: can inline sync.(*HashTrieMap[interface {},interface {}]).All
/home/jules/go/pkg/mod/golang.org/toolchain@v0.0.1-go1.26.5.linux-amd64/src/internal/sync/hashtriemap.go:368:6: can inline sync.(*HashTrieMap[interface {},interface {}]).CompareAndDelete
/home/jules/go/pkg/mod/golang.org/toolchain@v0.0.1-go1.26.5.linux-amd64/src/internal/sync/hashtriemap.go:359:6: can inline sync.(*HashTrieMap[interface {},interface {}]).Delete
/home/jules/go/pkg/mod/golang.org/toolchain@v0.0.1-go1.26.5.linux-amd64/src/internal/sync/hashtriemap.go:309:6: can inline sync.(*HashTrieMap[interface {},interface {}]).LoadAndDelete
/home/jules/go/pkg/mod/golang.org/toolchain@v0.0.1-go1.26.5.linux-amd64/src/internal/sync/hashtriemap.go:280:6: can inline sync.(*HashTrieMap[interface {},interface {}]).CompareAndSwap
/home/jules/go/pkg/mod/golang.org/toolchain@v0.0.1-go1.26.5.linux-amd64/src/internal/sync/hashtriemap.go:205:6: can inline sync.(*HashTrieMap[interface {},interface {}]).Swap
/home/jules/go/pkg/mod/golang.org/toolchain@v0.0.1-go1.26.5.linux-amd64/src/internal/sync/hashtriemap.go:199:6: can inline sync.(*HashTrieMap[interface {},interface {}]).Store
/home/jules/go/pkg/mod/golang.org/toolchain@v0.0.1-go1.26.5.linux-amd64/src/internal/sync/hashtriemap.go:167:6: can inline sync.(*HashTrieMap[interface {},interface {}]).expand
/home/jules/go/pkg/mod/golang.org/toolchain@v0.0.1-go1.26.5.linux-amd64/src/internal/sync/hashtriemap.go:88:6: can inline sync.(*HashTrieMap[interface {},interface {}]).LoadOrStore
/home/jules/go/pkg/mod/golang.org/toolchain@v0.0.1-go1.26.5.linux-amd64/src/internal/sync/hashtriemap.go:64:6: can inline sync.(*HashTrieMap[interface {},interface {}]).Load
/home/jules/go/pkg/mod/golang.org/toolchain@v0.0.1-go1.26.5.linux-amd64/src/internal/sync/hashtriemap.go:30:6: can inline sync.(*HashTrieMap[interface {},interface {}]).init
/home/jules/go/pkg/mod/golang.org/toolchain@v0.0.1-go1.26.5.linux-amd64/src/sync/atomic/type.go:67:6: can inline atomic.(*Pointer[internal/sync.indirect[interface {},interface {}]]).CompareAndSwap
/home/jules/go/pkg/mod/golang.org/toolchain@v0.0.1-go1.26.5.linux-amd64/src/sync/atomic/type.go:64:6: can inline atomic.(*Pointer[internal/sync.indirect[interface {},interface {}]]).Swap
/home/jules/go/pkg/mod/golang.org/toolchain@v0.0.1-go1.26.5.linux-amd64/src/sync/atomic/type.go:61:6: can inline atomic.(*Pointer[internal/sync.indirect[interface {},interface {}]]).Store
/home/jules/go/pkg/mod/golang.org/toolchain@v0.0.1-go1.26.5.linux-amd64/src/sync/atomic/type.go:58:6: can inline atomic.(*Pointer[internal/sync.indirect[interface {},interface {}]]).Load
/home/jules/go/pkg/mod/golang.org/toolchain@v0.0.1-go1.26.5.linux-amd64/src/internal/sync/hashtriemap.go:553:6: can inline sync.(*indirect[interface {},interface {}]).empty
/home/jules/go/pkg/mod/golang.org/toolchain@v0.0.1-go1.26.5.linux-amd64/src/sync/atomic/type.go:67:6: can inline atomic.(*Pointer[internal/sync.node[interface {},interface {}]]).CompareAndSwap
/home/jules/go/pkg/mod/golang.org/toolchain@v0.0.1-go1.26.5.linux-amd64/src/sync/atomic/type.go:64:6: can inline atomic.(*Pointer[internal/sync.node[interface {},interface {}]]).Swap
/home/jules/go/pkg/mod/golang.org/toolchain@v0.0.1-go1.26.5.linux-amd64/src/sync/atomic/type.go:61:6: can inline atomic.(*Pointer[internal/sync.node[interface {},interface {}]]).Store
/home/jules/go/pkg/mod/golang.org/toolchain@v0.0.1-go1.26.5.linux-amd64/src/sync/atomic/type.go:58:6: can inline atomic.(*Pointer[internal/sync.node[interface {},interface {}]]).Load
/home/jules/go/pkg/mod/golang.org/toolchain@v0.0.1-go1.26.5.linux-amd64/src/internal/sync/hashtriemap.go:713:6: can inline sync.(*node[interface {},interface {}]).indirect
/home/jules/go/pkg/mod/golang.org/toolchain@v0.0.1-go1.26.5.linux-amd64/src/internal/sync/hashtriemap.go:706:6: can inline sync.(*node[interface {},interface {}]).entry
/home/jules/go/pkg/mod/golang.org/toolchain@v0.0.1-go1.26.5.linux-amd64/src/internal/sync/hashtriemap.go:682:6: can inline sync.(*entry[interface {},interface {}]).compareAndDelete
/home/jules/go/pkg/mod/golang.org/toolchain@v0.0.1-go1.26.5.linux-amd64/src/internal/sync/hashtriemap.go:660:6: can inline sync.(*entry[interface {},interface {}]).loadAndDelete
/home/jules/go/pkg/mod/golang.org/toolchain@v0.0.1-go1.26.5.linux-amd64/src/internal/sync/hashtriemap.go:632:6: can inline sync.(*entry[interface {},interface {}]).compareAndSwap
/home/jules/go/pkg/mod/golang.org/toolchain@v0.0.1-go1.26.5.linux-amd64/src/internal/sync/hashtriemap.go:603:6: can inline sync.(*entry[interface {},interface {}]).swap
/home/jules/go/pkg/mod/golang.org/toolchain@v0.0.1-go1.26.5.linux-amd64/src/internal/sync/hashtriemap.go:579:6: can inline sync.(*entry[interface {},interface {}]).lookup
/home/jules/go/pkg/mod/golang.org/toolchain@v0.0.1-go1.26.5.linux-amd64/src/sync/atomic/type.go:67:6: can inline atomic.(*Pointer[internal/sync.entry[interface {},interface {}]]).CompareAndSwap
/home/jules/go/pkg/mod/golang.org/toolchain@v0.0.1-go1.26.5.linux-amd64/src/sync/atomic/type.go:64:6: can inline atomic.(*Pointer[internal/sync.entry[interface {},interface {}]]).Swap
/home/jules/go/pkg/mod/golang.org/toolchain@v0.0.1-go1.26.5.linux-amd64/src/sync/atomic/type.go:61:6: can inline atomic.(*Pointer[internal/sync.entry[interface {},interface {}]]).Store
/home/jules/go/pkg/mod/golang.org/toolchain@v0.0.1-go1.26.5.linux-amd64/src/sync/atomic/type.go:58:6: can inline atomic.(*Pointer[internal/sync.entry[interface {},interface {}]]).Load
/home/jules/go/pkg/mod/go.opentelemetry.io/otel/sdk/metric@v1.44.0/metricdata/data.go:72:6: can inline metricdata.Sum[go.shape.int64].privateAggregation
/home/jules/go/pkg/mod/go.opentelemetry.io/otel/sdk/metric@v1.44.0/metricdata/data.go:58:6: can inline metricdata.Gauge[go.shape.int64].privateAggregation
/home/jules/go/pkg/mod/go.opentelemetry.io/otel/sdk/metric@v1.44.0/internal/aggregate/filtered_reservoir.go:70:3: can inline aggregate.(*filteredExemplarReservoir[go.shape.int64]).Collect.deferwrap1
/home/jules/go/pkg/mod/go.opentelemetry.io/otel/sdk/metric@v1.44.0/exemplar/value.go:28:6: can inline exemplar.NewValue[go.shape.int64]
/home/jules/go/pkg/mod/go.opentelemetry.io/otel/sdk/metric@v1.44.0/internal/aggregate/filtered_reservoir.go:61:4: can inline aggregate.(*filteredExemplarReservoir[go.shape.int64]).Offer.deferwrap1
/home/jules/go/pkg/mod/go.opentelemetry.io/otel/sdk/metric@v1.44.0/pipeline.go:311:2: can inline metric.(*inserter[go.shape.int64]).addCallback.deferwrap1
/home/jules/go/pkg/mod/go.opentelemetry.io/otel/sdk/metric@v1.44.0/cache.go:50:2: can inline metric.(*cache[go.shape.struct { Name string; Description string; Kind go.opentelemetry.io/otel/sdk/metric.InstrumentKind; Unit string; Number string },go.shape.struct { ID uint64; Measure go.opentelemetry.io/otel/sdk/metric/internal/aggregate.Measure[go.shape.int64]; Err error }]).HasKey.deferwrap1
/home/jules/go/pkg/mod/go.opentelemetry.io/otel/sdk/metric@v1.44.0/cache.go:50:2: can inline metric.(*cache[go.shape.struct { Name string; Description string; Kind go.opentelemetry.io/otel/sdk/metric.InstrumentKind; Unit string; Number string },go.shape.struct { ID uint64; Measure go.opentelemetry.io/otel/sdk/metric/internal/aggregate.Measure[float64]; Err error }]).HasKey.deferwrap1
/home/jules/go/pkg/mod/go.opentelemetry.io/otel/sdk/metric@v1.44.0/cache.go:30:2: can inline metric.(*cache[go.shape.struct { Name string; Description string; Kind go.opentelemetry.io/otel/sdk/metric.InstrumentKind; Unit string; Number string },go.shape.struct { ID uint64; Measure go.opentelemetry.io/otel/sdk/metric/internal/aggregate.Measure[float64]; Err error }]).Lookup.deferwrap1
/home/jules/go/pkg/mod/go.opentelemetry.io/otel/sdk/metric@v1.44.0/pipeline.go:451:35: can inline metric.(*inserter[go.shape.float64]).logConflict.func1
/home/jules/go/pkg/mod/go.opentelemetry.io/otel/sdk/metric@v1.44.0/cache.go:30:2: can inline metric.(*cache[go.shape.struct { Name string; Description string; Kind go.opentelemetry.io/otel/sdk/metric.InstrumentKind; Unit string; Number string },go.shape.struct { ID uint64; Measure go.opentelemetry.io/otel/sdk/metric/internal/aggregate.Measure[go.shape.float64]; Err error }]).Lookup.deferwrap1
/home/jules/go/pkg/mod/go.opentelemetry.io/otel/sdk/metric@v1.44.0/internal/aggregate/drop.go:14:6: can inline aggregate.DropReservoir[go.shape.float64]
/home/jules/go/pkg/mod/go.opentelemetry.io/otel/sdk/metric@v1.44.0/internal/aggregate/filtered_reservoir.go:43:6: can inline aggregate.NewFilteredExemplarReservoir[go.shape.float64]
/home/jules/go/pkg/mod/go.opentelemetry.io/otel/sdk/metric@v1.44.0/exemplar.go:28:33: can inline metric.reservoirFunc[go.shape.float64].func1
/home/jules/go/pkg/mod/go.opentelemetry.io/otel/sdk/metric@v1.44.0/exemplar.go:34:33: can inline metric.reservoirFunc[go.shape.float64].func2
/home/jules/go/pkg/mod/go.opentelemetry.io/otel/sdk/metric@v1.44.0/exemplar.go:36:9: can inline metric.reservoirFunc[go.shape.float64].func3
/home/jules/go/pkg/mod/go.opentelemetry.io/otel/sdk/metric@v1.44.0/pipeline.go:436:6: can inline metric.(*inserter[go.shape.float64]).getCardinalityLimit
/home/jules/go/pkg/mod/go.opentelemetry.io/otel/sdk/metric@v1.44.0/internal/aggregate/aggregate.go:52:6: can inline aggregate.Builder[go.shape.float64].resFunc
/home/jules/go/pkg/mod/go.opentelemetry.io/otel/sdk/metric@v1.44.0/internal/aggregate/aggregate.go:57:9: can inline aggregate.Builder[go.shape.float64].resFunc.func1
/home/jules/go/pkg/mod/go.opentelemetry.io/otel/sdk/metric@v1.44.0/internal/aggregate/aggregate.go:62:6: can inline aggregate.Builder[go.shape.float64].filter
/home/jules/go/pkg/mod/go.opentelemetry.io/otel/sdk/metric@v1.44.0/internal/aggregate/aggregate.go:65:10: can inline aggregate.Builder[go.shape.float64].filter.func1
/home/jules/go/pkg/mod/go.opentelemetry.io/otel/sdk/metric@v1.44.0/internal/aggregate/aggregate.go:70:9: can inline aggregate.Builder[go.shape.float64].filter.func2
/home/jules/go/pkg/mod/go.opentelemetry.io/otel/sdk/metric@v1.44.0/internal/aggregate/atomic.go:78:6: can inline aggregate.(*atomicN[go.shape.float64]).Store
/home/jules/go/pkg/mod/go.opentelemetry.io/otel/sdk/metric@v1.44.0/internal/aggregate/lastvalue.go:36:43: can inline aggregate.(*lastValueMap[go.shape.float64]).measure.func1
/home/jules/go/pkg/mod/go.opentelemetry.io/otel/sdk/metric@v1.44.0/internal/aggregate/lastvalue.go:91:2: can inline aggregate.(*deltaLastValue[go.shape.float64]).measure.deferwrap1
/home/jules/go/pkg/mod/go.opentelemetry.io/otel/sdk/metric@v1.44.0/internal/aggregate/aggregate.go:157:6: can inline aggregate.reset[go.shape.struct { Attributes go.opentelemetry.io/otel/attribute.Set; StartTime time.Time "json:\",omitempty\""; Time time.Time "json:\",omitempty\""; Value go.shape.float64; Exemplars []go.opentelemetry.io/otel/sdk/metric/metricdata.Exemplar[go.shape.float64] "json:\",omitempty\"" }]
/home/jules/go/pkg/mod/go.opentelemetry.io/otel/sdk/metric@v1.44.0/internal/aggregate/atomic.go:65:6: can inline aggregate.(*atomicN[go.shape.float64]).Load
/home/jules/go/pkg/mod/go.opentelemetry.io/otel/sdk/metric@v1.44.0/internal/aggregate/aggregate.go:157:6: can inline aggregate.reset[go.shape.struct { FilteredAttributes []go.opentelemetry.io/otel/attribute.KeyValue; Time time.Time; Value go.shape.float64; SpanID []uint8 "json:\",omitempty\""; TraceID []uint8 "json:\",omitempty\"" }]
/home/jules/go/pkg/mod/go.opentelemetry.io/otel/sdk/metric@v1.44.0/internal/aggregate/exemplar.go:19:8: can inline aggregate.collectExemplars[go.shape.float64].func1
/home/jules/go/pkg/mod/go.opentelemetry.io/otel/sdk/metric@v1.44.0/internal/aggregate/lastvalue.go:122:40: can inline aggregate.(*deltaLastValue[go.shape.float64]).copyAndClearDpts.func1
/home/jules/go/pkg/mod/go.opentelemetry.io/otel/sdk/metric@v1.44.0/internal/aggregate/lastvalue.go:145:6: can inline aggregate.newCumulativeLastValue[go.shape.float64]
/home/jules/go/pkg/mod/go.opentelemetry.io/otel/sdk/metric@v1.44.0/internal/aggregate/lastvalue.go:173:17: can inline aggregate.(*cumulativeLastValue[go.shape.float64]).collect.func1
/home/jules/go/pkg/mod/go.opentelemetry.io/otel/sdk/metric@v1.44.0/internal/aggregate/aggregate.go:80:21: can inline aggregate.Builder[go.shape.float64].LastValue.func1
/home/jules/go/pkg/mod/go.opentelemetry.io/otel/sdk/metric@v1.44.0/internal/aggregate/aggregate.go:80:34: can inline aggregate.Builder[go.shape.float64].LastValue.func2
/home/jules/go/pkg/mod/go.opentelemetry.io/otel/sdk/metric@v1.44.0/internal/aggregate/aggregate.go:83:21: can inline aggregate.Builder[go.shape.float64].LastValue.func3
/home/jules/go/pkg/mod/go.opentelemetry.io/otel/sdk/metric@v1.44.0/internal/aggregate/aggregate.go:83:34: can inline aggregate.Builder[go.shape.float64].LastValue.func4
/home/jules/go/pkg/mod/go.opentelemetry.io/otel/sdk/metric@v1.44.0/internal/aggregate/lastvalue.go:203:6: can inline aggregate.newPrecomputedLastValue[go.shape.float64]
/home/jules/go/pkg/mod/go.opentelemetry.io/otel/sdk/metric@v1.44.0/internal/aggregate/lastvalue.go:215:6: can inline aggregate.(*precomputedLastValue[go.shape.float64]).delta
/home/jules/go/pkg/mod/go.opentelemetry.io/otel/sdk/metric@v1.44.0/internal/aggregate/aggregate.go:94:21: can inline aggregate.Builder[go.shape.float64].PrecomputedLastValue.func1
/home/jules/go/pkg/mod/go.opentelemetry.io/otel/sdk/metric@v1.44.0/internal/aggregate/aggregate.go:94:34: can inline aggregate.Builder[go.shape.float64].PrecomputedLastValue.func2
/home/jules/go/pkg/mod/go.opentelemetry.io/otel/sdk/metric@v1.44.0/internal/aggregate/aggregate.go:96:21: can inline aggregate.Builder[go.shape.float64].PrecomputedLastValue.func3
/home/jules/go/pkg/mod/go.opentelemetry.io/otel/sdk/metric@v1.44.0/internal/aggregate/aggregate.go:96:34: can inline aggregate.Builder[go.shape.float64].PrecomputedLastValue.func4
/home/jules/go/pkg/mod/go.opentelemetry.io/otel/sdk/metric@v1.44.0/internal/aggregate/sum.go:207:6: can inline aggregate.newPrecomputedSum[go.shape.float64]
/home/jules/go/pkg/mod/go.opentelemetry.io/otel/sdk/metric@v1.44.0/internal/aggregate/atomic.go:36:6: can inline aggregate.(*atomicCounter[go.shape.float64]).add
/home/jules/go/pkg/mod/go.opentelemetry.io/otel/sdk/metric@v1.44.0/internal/aggregate/sum.go:34:43: can inline aggregate.(*sumValueMap[go.shape.float64]).measure.func1
/home/jules/go/pkg/mod/go.opentelemetry.io/otel/sdk/metric@v1.44.0/internal/aggregate/sum.go:88:2: can inline aggregate.(*deltaSum[go.shape.float64]).measure.deferwrap1
/home/jules/go/pkg/mod/go.opentelemetry.io/otel/sdk/metric@v1.44.0/internal/aggregate/atomic.go:30:6: can inline aggregate.(*atomicCounter[go.shape.float64]).load
/home/jules/go/pkg/mod/go.opentelemetry.io/otel/sdk/metric@v1.44.0/internal/aggregate/sum.go:244:40: can inline aggregate.(*precomputedSum[go.shape.float64]).delta.func1
/home/jules/go/pkg/mod/go.opentelemetry.io/otel/sdk/metric@v1.44.0/internal/aggregate/sum.go:288:40: can inline aggregate.(*precomputedSum[go.shape.float64]).cumulative.func1
/home/jules/go/pkg/mod/go.opentelemetry.io/otel/sdk/metric@v1.44.0/internal/aggregate/aggregate.go:106:20: can inline aggregate.Builder[go.shape.float64].PrecomputedSum.func1
/home/jules/go/pkg/mod/go.opentelemetry.io/otel/sdk/metric@v1.44.0/internal/aggregate/aggregate.go:106:32: can inline aggregate.Builder[go.shape.float64].PrecomputedSum.func2
/home/jules/go/pkg/mod/go.opentelemetry.io/otel/sdk/metric@v1.44.0/internal/aggregate/aggregate.go:108:20: can inline aggregate.Builder[go.shape.float64].PrecomputedSum.func3
/home/jules/go/pkg/mod/go.opentelemetry.io/otel/sdk/metric@v1.44.0/internal/aggregate/aggregate.go:108:32: can inline aggregate.Builder[go.shape.float64].PrecomputedSum.func4
/home/jules/go/pkg/mod/go.opentelemetry.io/otel/sdk/metric@v1.44.0/internal/aggregate/sum.go:111:40: can inline aggregate.(*deltaSum[go.shape.float64]).collect.func1
/home/jules/go/pkg/mod/go.opentelemetry.io/otel/sdk/metric@v1.44.0/internal/aggregate/sum.go:134:6: can inline aggregate.newCumulativeSum[go.shape.float64]
/home/jules/go/pkg/mod/go.opentelemetry.io/otel/sdk/metric@v1.44.0/internal/aggregate/sum.go:175:17: can inline aggregate.(*cumulativeSum[go.shape.float64]).collect.func1
/home/jules/go/pkg/mod/go.opentelemetry.io/otel/sdk/metric@v1.44.0/internal/aggregate/aggregate.go:117:20: can inline aggregate.Builder[go.shape.float64].Sum.func1
/home/jules/go/pkg/mod/go.opentelemetry.io/otel/sdk/metric@v1.44.0/internal/aggregate/aggregate.go:117:32: can inline aggregate.Builder[go.shape.float64].Sum.func2
/home/jules/go/pkg/mod/go.opentelemetry.io/otel/sdk/metric@v1.44.0/internal/aggregate/aggregate.go:120:20: can inline aggregate.Builder[go.shape.float64].Sum.func3
/home/jules/go/pkg/mod/go.opentelemetry.io/otel/sdk/metric@v1.44.0/internal/aggregate/aggregate.go:120:32: can inline aggregate.Builder[go.shape.float64].Sum.func4
/home/jules/go/pkg/mod/go.opentelemetry.io/otel/sdk/metric@v1.44.0/internal/aggregate/atomic.go:113:2: can inline aggregate.(*atomicMinMax[go.shape.float64]).init.deferwrap1
/home/jules/go/pkg/mod/go.opentelemetry.io/otel/sdk/metric@v1.44.0/internal/aggregate/atomic.go:115:3: can inline aggregate.(*atomicMinMax[go.shape.float64]).init.deferwrap2
/home/jules/go/pkg/mod/go.opentelemetry.io/otel/sdk/metric@v1.44.0/internal/aggregate/atomic.go:91:6: can inline aggregate.(*atomicN[go.shape.float64]).CompareAndSwap
/home/jules/go/pkg/mod/go.opentelemetry.io/otel/sdk/metric@v1.44.0/internal/aggregate/histogram.go:116:2: can inline aggregate.(*deltaHistogram[go.shape.float64]).measure.deferwrap1
/home/jules/go/pkg/mod/go.opentelemetry.io/otel/sdk/metric@v1.44.0/internal/aggregate/histogram.go:117:57: can inline aggregate.(*deltaHistogram[go.shape.float64]).measure.func1
/home/jules/go/pkg/mod/go.opentelemetry.io/otel/sdk/metric@v1.44.0/internal/aggregate/aggregate.go:157:6: can inline aggregate.reset[go.shape.struct { Attributes go.opentelemetry.io/otel/attribute.Set; StartTime time.Time; Time time.Time; Count uint64; Bounds []float64; BucketCounts []uint64; Min go.opentelemetry.io/otel/sdk/metric/metricdata.Extrema[go.shape.float64]; Max go.opentelemetry.io/otel/sdk/metric/metricdata.Extrema[go.shape.float64]; Sum go.shape.float64; Exemplars []go.opentelemetry.io/otel/sdk/metric/metricdata.Exemplar[go.shape.float64] "json:\",omitempty\"" }]
/home/jules/go/pkg/mod/go.opentelemetry.io/otel/sdk/metric@v1.44.0/internal/aggregate/histogram.go:46:6: can inline aggregate.(*histogramPointCounters[go.shape.float64]).loadCountsInto
/home/jules/go/pkg/mod/go.opentelemetry.io/otel/sdk/metric@v1.44.0/metricdata/data.go:219:6: can inline metricdata.NewExtrema[go.shape.float64]
/home/jules/go/pkg/mod/go.opentelemetry.io/otel/sdk/metric@v1.44.0/internal/aggregate/histogram.go:203:33: can inline aggregate.(*deltaHistogram[go.shape.float64]).collect.func1
/home/jules/go/pkg/mod/go.opentelemetry.io/otel/sdk/metric@v1.44.0/internal/aggregate/histogram.go:291:42: can inline aggregate.(*cumulativeHistogram[go.shape.float64]).measure.func1
/home/jules/go/pkg/mod/go.opentelemetry.io/otel/sdk/metric@v1.44.0/internal/aggregate/histogram.go:326:2: can inline aggregate.(*cumulativeHistogram[go.shape.float64]).measure.deferwrap1
/home/jules/go/pkg/mod/go.opentelemetry.io/otel/sdk/metric@v1.44.0/internal/aggregate/atomic.go:55:6: can inline aggregate.(*atomicCounter[go.shape.float64]).reset
/home/jules/go/pkg/mod/go.opentelemetry.io/otel/sdk/metric@v1.44.0/internal/aggregate/histogram.go:360:17: can inline aggregate.(*cumulativeHistogram[go.shape.float64]).collect.func1
/home/jules/go/pkg/mod/go.opentelemetry.io/otel/sdk/metric@v1.44.0/internal/aggregate/aggregate.go:133:20: can inline aggregate.Builder[go.shape.float64].ExplicitBucketHistogram.func1
/home/jules/go/pkg/mod/go.opentelemetry.io/otel/sdk/metric@v1.44.0/internal/aggregate/aggregate.go:133:32: can inline aggregate.Builder[go.shape.float64].ExplicitBucketHistogram.func2
/home/jules/go/pkg/mod/go.opentelemetry.io/otel/sdk/metric@v1.44.0/internal/aggregate/aggregate.go:136:20: can inline aggregate.Builder[go.shape.float64].ExplicitBucketHistogram.func3
/home/jules/go/pkg/mod/go.opentelemetry.io/otel/sdk/metric@v1.44.0/internal/aggregate/aggregate.go:136:32: can inline aggregate.Builder[go.shape.float64].ExplicitBucketHistogram.func4
/home/jules/go/pkg/mod/go.opentelemetry.io/otel/sdk/metric@v1.44.0/internal/aggregate/limit.go:25:6: can inline aggregate.newLimiter[go.shape.9c74d0f725e4f60a27458a2cbaaa0bf1332fdd6a51c2fc1b1d2d7a8409a154ed]
/home/jules/go/pkg/mod/go.opentelemetry.io/otel/sdk/metric@v1.44.0/internal/aggregate/limit.go:33:6: can inline aggregate.limiter[go.shape.9c74d0f725e4f60a27458a2cbaaa0bf1332fdd6a51c2fc1b1d2d7a8409a154ed].Attributes
/home/jules/go/pkg/mod/go.opentelemetry.io/otel/sdk/metric@v1.44.0/internal/aggregate/exponential_histogram.go:156:6: can inline aggregate.(*expoHistogramDataPoint[go.shape.float64]).scaleChange
/home/jules/go/pkg/mod/go.opentelemetry.io/otel/sdk/metric@v1.44.0/internal/aggregate/exponential_histogram.go:343:2: can inline aggregate.(*expoHistogram[go.shape.float64]).measure.deferwrap1
/home/jules/go/pkg/mod/go.opentelemetry.io/otel/sdk/metric@v1.44.0/internal/aggregate/aggregate.go:157:6: can inline aggregate.reset[go.shape.887ebdfccc730a6ab5f17f44ea0d2ae2368c2c95ef67545ff043bdf39ddecf4a]
/home/jules/go/pkg/mod/go.opentelemetry.io/otel/sdk/metric@v1.44.0/internal/aggregate/exponential_histogram.go:181:6: can inline aggregate.(*expoHistogramDataPoint[go.shape.float64]).count
/home/jules/go/pkg/mod/go.opentelemetry.io/otel/sdk/metric@v1.44.0/internal/aggregate/exponential_histogram.go:378:2: can inline aggregate.(*expoHistogram[go.shape.float64]).delta.deferwrap1
/home/jules/go/pkg/mod/go.opentelemetry.io/otel/sdk/metric@v1.44.0/internal/aggregate/exponential_histogram.go:447:2: can inline aggregate.(*expoHistogram[go.shape.float64]).cumulative.deferwrap1
/home/jules/go/pkg/mod/go.opentelemetry.io/otel/sdk/metric@v1.44.0/internal/aggregate/aggregate.go:149:20: can inline aggregate.Builder[go.shape.float64].ExponentialBucketHistogram.func1
/home/jules/go/pkg/mod/go.opentelemetry.io/otel/sdk/metric@v1.44.0/internal/aggregate/aggregate.go:149:32: can inline aggregate.Builder[go.shape.float64].ExponentialBucketHistogram.func2
/home/jules/go/pkg/mod/go.opentelemetry.io/otel/sdk/metric@v1.44.0/internal/aggregate/aggregate.go:151:20: can inline aggregate.Builder[go.shape.float64].ExponentialBucketHistogram.func3
/home/jules/go/pkg/mod/go.opentelemetry.io/otel/sdk/metric@v1.44.0/internal/aggregate/aggregate.go:151:32: can inline aggregate.Builder[go.shape.float64].ExponentialBucketHistogram.func4
/home/jules/go/pkg/mod/go.opentelemetry.io/otel/sdk/metric@v1.44.0/pipeline.go:398:37: can inline metric.(*inserter[go.shape.float64]).cachedAggregator.func1
/home/jules/go/pkg/mod/go.opentelemetry.io/otel/sdk/metric@v1.44.0/metricdata/data.go:141:6: can inline metricdata.ExponentialHistogram[go.shape.float64].privateAggregation
/home/jules/go/pkg/mod/go.opentelemetry.io/otel/sdk/metric@v1.44.0/metricdata/data.go:225:6: can inline metricdata.Extrema[go.shape.float64].Value
/home/jules/go/pkg/mod/go.opentelemetry.io/otel/sdk/metric@v1.44.0/metricdata/data.go:214:6: can inline metricdata.(*Extrema[go.shape.float64]).MarshalJSON
/home/jules/go/pkg/mod/go.opentelemetry.io/otel/sdk/metric@v1.44.0/internal/aggregate/drop.go:24:6: can inline aggregate.(*dropRes[go.shape.float64]).Collect
/home/jules/go/pkg/mod/go.opentelemetry.io/otel/sdk/metric@v1.44.0/internal/aggregate/drop.go:21:6: can inline aggregate.(*dropRes[go.shape.float64]).Offer
/home/jules/go/pkg/mod/go.opentelemetry.io/otel/sdk/metric@v1.44.0/metricdata/data.go:100:6: can inline metricdata.Histogram[go.shape.float64].privateAggregation
/home/jules/go/pkg/mod/go.opentelemetry.io/otel/sdk/metric@v1.44.0/metricdata/data.go:72:6: can inline metricdata.Sum[go.shape.float64].privateAggregation
/home/jules/go/pkg/mod/go.opentelemetry.io/otel/sdk/metric@v1.44.0/metricdata/data.go:58:6: can inline metricdata.Gauge[go.shape.float64].privateAggregation
/home/jules/go/pkg/mod/go.opentelemetry.io/otel/sdk/metric@v1.44.0/internal/aggregate/filtered_reservoir.go:70:3: can inline aggregate.(*filteredExemplarReservoir[go.shape.float64]).Collect.deferwrap1
/home/jules/go/pkg/mod/go.opentelemetry.io/otel/sdk/metric@v1.44.0/exemplar/value.go:28:6: can inline exemplar.NewValue[go.shape.float64]
/home/jules/go/pkg/mod/go.opentelemetry.io/otel/sdk/metric@v1.44.0/internal/aggregate/filtered_reservoir.go:61:4: can inline aggregate.(*filteredExemplarReservoir[go.shape.float64]).Offer.deferwrap1
/home/jules/go/pkg/mod/go.opentelemetry.io/otel/sdk/metric@v1.44.0/pipeline.go:311:2: can inline metric.(*inserter[go.shape.float64]).addCallback.deferwrap1
/home/jules/go/pkg/mod/go.opentelemetry.io/otel/sdk/metric@v1.44.0/cache.go:50:2: can inline metric.(*cache[go.shape.struct { Name string; Description string; Kind go.opentelemetry.io/otel/sdk/metric.InstrumentKind; Unit string; Number string },go.shape.struct { ID uint64; Measure go.opentelemetry.io/otel/sdk/metric/internal/aggregate.Measure[go.shape.float64]; Err error }]).HasKey.deferwrap1
/home/jules/go/pkg/mod/go.opentelemetry.io/otel/sdk/metric@v1.44.0/cache.go:50:2: can inline metric.(*cache[go.shape.struct { Name string; Version string; SchemaURL string; Attributes go.opentelemetry.io/otel/attribute.Set },go.shape.*uint8]).HasKey.deferwrap1
/home/jules/go/pkg/mod/go.opentelemetry.io/otel/sdk/metric@v1.44.0/cache.go:30:2: can inline metric.(*cache[go.shape.struct { Name string; Version string; SchemaURL string; Attributes go.opentelemetry.io/otel/attribute.Set },go.shape.*uint8]).Lookup.deferwrap1
/home/jules/go/pkg/mod/go.opentelemetry.io/otel/sdk/metric@v1.44.0/cache.go:48:6: can inline metric.(*cache[go.opentelemetry.io/otel/sdk/instrumentation.Scope,*go.opentelemetry.io/otel/sdk/metric.meter]).HasKey
/home/jules/go/pkg/mod/go.opentelemetry.io/otel/sdk/metric@v1.44.0/cache.go:28:6: can inline metric.(*cache[go.opentelemetry.io/otel/sdk/instrumentation.Scope,*go.opentelemetry.io/otel/sdk/metric.meter]).Lookup
/home/jules/go/pkg/mod/go.opentelemetry.io/otel/sdk/metric@v1.44.0/pipeline.go:693:6: can inline metric.resolver[float64].HistogramAggregators
/home/jules/go/pkg/mod/go.opentelemetry.io/otel/sdk/metric@v1.44.0/internal/aggregate/limit.go:33:6: can inline aggregate.limiter[go.shape.1bd081b9b2a180608fdba0565440d159f20227e2bf1b91146f29d7dcc4873370].Attributes
/home/jules/go/pkg/mod/go.opentelemetry.io/otel/sdk/metric@v1.44.0/metricdata/data.go:141:6: can inline metricdata.ExponentialHistogram[float64].privateAggregation
/home/jules/go/pkg/mod/go.opentelemetry.io/otel/sdk/metric@v1.44.0/internal/aggregate/exponential_histogram.go:436:6: can inline aggregate.(*expoHistogram[float64]).cumulative
/home/jules/go/pkg/mod/go.opentelemetry.io/otel/sdk/metric@v1.44.0/internal/aggregate/exponential_histogram.go:367:6: can inline aggregate.(*expoHistogram[float64]).delta
/home/jules/go/pkg/mod/go.opentelemetry.io/otel/sdk/metric@v1.44.0/internal/aggregate/exponential_histogram.go:331:6: can inline aggregate.(*expoHistogram[float64]).measure
/home/jules/go/pkg/mod/go.opentelemetry.io/otel/sdk/metric@v1.44.0/internal/aggregate/limit.go:33:6: can inline aggregate.limiter[go.opentelemetry.io/otel/sdk/metric/internal/aggregate.expoHistogramDataPoint[float64]].Attributes
/home/jules/go/pkg/mod/go.opentelemetry.io/otel/sdk/metric@v1.44.0/internal/aggregate/exponential_histogram.go:181:6: can inline aggregate.(*expoHistogramDataPoint[float64]).count
/home/jules/go/pkg/mod/go.opentelemetry.io/otel/sdk/metric@v1.44.0/internal/aggregate/exponential_histogram.go:156:6: can inline aggregate.(*expoHistogramDataPoint[float64]).scaleChange
/home/jules/go/pkg/mod/go.opentelemetry.io/otel/sdk/metric@v1.44.0/internal/aggregate/exponential_histogram.go:110:6: can inline aggregate.(*expoHistogramDataPoint[float64]).getBin
/home/jules/go/pkg/mod/go.opentelemetry.io/otel/sdk/metric@v1.44.0/internal/aggregate/exponential_histogram.go:66:6: can inline aggregate.(*expoHistogramDataPoint[float64]).record
/home/jules/go/pkg/mod/go.opentelemetry.io/otel/sdk/metric@v1.44.0/internal/aggregate/histogram.go:340:6: can inline aggregate.(*cumulativeHistogram[float64]).collect
/home/jules/go/pkg/mod/go.opentelemetry.io/otel/sdk/metric@v1.44.0/internal/aggregate/histogram.go:285:6: can inline aggregate.(*cumulativeHistogram[float64]).measure
/home/jules/go/pkg/mod/go.opentelemetry.io/otel/sdk/metric@v1.44.0/metricdata/data.go:100:6: can inline metricdata.Histogram[float64].privateAggregation
/home/jules/go/pkg/mod/go.opentelemetry.io/otel/sdk/metric@v1.44.0/internal/aggregate/histogram.go:64:6: can inline aggregate.(*histogramPointCounters[float64]).mergeIntoAndReset
/home/jules/go/pkg/mod/go.opentelemetry.io/otel/sdk/metric@v1.44.0/internal/aggregate/histogram.go:46:6: can inline aggregate.(*histogramPointCounters[float64]).loadCountsInto
/home/jules/go/pkg/mod/go.opentelemetry.io/otel/sdk/metric@v1.44.0/metricdata/data.go:225:6: can inline metricdata.Extrema[float64].Value
/home/jules/go/pkg/mod/go.opentelemetry.io/otel/sdk/metric@v1.44.0/metricdata/data.go:206:6: can inline metricdata.Extrema[float64].MarshalText
/home/jules/go/pkg/mod/go.opentelemetry.io/otel/sdk/metric@v1.44.0/internal/aggregate/atomic.go:123:6: can inline aggregate.(*atomicMinMax[float64]).Update
/home/jules/go/pkg/mod/go.opentelemetry.io/otel/sdk/metric@v1.44.0/internal/aggregate/atomic.go:111:6: can inline aggregate.(*atomicMinMax[float64]).init
/home/jules/go/pkg/mod/go.opentelemetry.io/otel/sdk/metric@v1.44.0/internal/aggregate/histogram.go:181:6: can inline aggregate.(*deltaHistogram[float64]).collect
/home/jules/go/pkg/mod/go.opentelemetry.io/otel/sdk/metric@v1.44.0/internal/aggregate/histogram.go:109:6: can inline aggregate.(*deltaHistogram[float64]).measure
/home/jules/go/pkg/mod/go.opentelemetry.io/otel/sdk/metric@v1.44.0/internal/aggregate/sum.go:157:6: can inline aggregate.(*cumulativeSum[float64]).collect
/home/jules/go/pkg/mod/go.opentelemetry.io/otel/sdk/metric@v1.44.0/metricdata/data.go:72:6: can inline metricdata.Sum[float64].privateAggregation
/home/jules/go/pkg/mod/go.opentelemetry.io/otel/sdk/metric@v1.44.0/internal/aggregate/atomic.go:55:6: can inline aggregate.(*atomicCounter[float64]).reset
/home/jules/go/pkg/mod/go.opentelemetry.io/otel/sdk/metric@v1.44.0/internal/aggregate/atomic.go:36:6: can inline aggregate.(*atomicCounter[float64]).add
/home/jules/go/pkg/mod/go.opentelemetry.io/otel/sdk/metric@v1.44.0/internal/aggregate/atomic.go:30:6: can inline aggregate.(*atomicCounter[float64]).load
/home/jules/go/pkg/mod/go.opentelemetry.io/otel/sdk/metric@v1.44.0/internal/aggregate/sum.go:269:6: can inline aggregate.(*precomputedSum[float64]).cumulative
/home/jules/go/pkg/mod/go.opentelemetry.io/otel/sdk/metric@v1.44.0/internal/aggregate/sum.go:224:6: can inline aggregate.(*precomputedSum[float64]).delta
/home/jules/go/pkg/mod/go.opentelemetry.io/otel/sdk/metric@v1.44.0/internal/aggregate/sum.go:92:6: can inline aggregate.(*deltaSum[float64]).collect
/home/jules/go/pkg/mod/go.opentelemetry.io/otel/sdk/metric@v1.44.0/internal/aggregate/sum.go:86:6: can inline aggregate.(*deltaSum[float64]).measure
/home/jules/go/pkg/mod/go.opentelemetry.io/otel/sdk/metric@v1.44.0/internal/aggregate/sum.go:28:6: can inline aggregate.(*sumValueMap[float64]).measure
/home/jules/go/pkg/mod/go.opentelemetry.io/otel/sdk/metric@v1.44.0/internal/aggregate/lastvalue.go:221:6: can inline aggregate.(*precomputedLastValue[float64]).cumulative
/home/jules/go/pkg/mod/go.opentelemetry.io/otel/sdk/metric@v1.44.0/internal/aggregate/lastvalue.go:215:6: can inline aggregate.(*precomputedLastValue[float64]).delta
/home/jules/go/pkg/mod/go.opentelemetry.io/otel/sdk/metric@v1.44.0/internal/aggregate/lastvalue.go:158:6: can inline aggregate.(*cumulativeLastValue[float64]).collect
/home/jules/go/pkg/mod/go.opentelemetry.io/otel/sdk/metric@v1.44.0/metricdata/data.go:58:6: can inline metricdata.Gauge[float64].privateAggregation
/home/jules/go/pkg/mod/go.opentelemetry.io/otel/sdk/metric@v1.44.0/internal/aggregate/atomic.go:91:6: can inline aggregate.(*atomicN[float64]).CompareAndSwap
/home/jules/go/pkg/mod/go.opentelemetry.io/otel/sdk/metric@v1.44.0/internal/aggregate/atomic.go:78:6: can inline aggregate.(*atomicN[float64]).Store
/home/jules/go/pkg/mod/go.opentelemetry.io/otel/sdk/metric@v1.44.0/internal/aggregate/atomic.go:65:6: can inline aggregate.(*atomicN[float64]).Load
/home/jules/go/pkg/mod/go.opentelemetry.io/otel/sdk/metric@v1.44.0/internal/aggregate/lastvalue.go:107:6: can inline aggregate.(*deltaLastValue[float64]).copyAndClearDpts
/home/jules/go/pkg/mod/go.opentelemetry.io/otel/sdk/metric@v1.44.0/internal/aggregate/lastvalue.go:95:6: can inline aggregate.(*deltaLastValue[float64]).collect
/home/jules/go/pkg/mod/go.opentelemetry.io/otel/sdk/metric@v1.44.0/internal/aggregate/lastvalue.go:84:6: can inline aggregate.(*deltaLastValue[float64]).measure
/home/jules/go/pkg/mod/go.opentelemetry.io/otel/sdk/metric@v1.44.0/internal/aggregate/lastvalue.go:30:6: can inline aggregate.(*lastValueMap[float64]).measure
/home/jules/go/pkg/mod/go.opentelemetry.io/otel/sdk/metric@v1.44.0/internal/aggregate/filtered_reservoir.go:67:6: can inline aggregate.(*filteredExemplarReservoir[float64]).Collect
/home/jules/go/pkg/mod/go.opentelemetry.io/otel/sdk/metric@v1.44.0/internal/aggregate/filtered_reservoir.go:55:6: can inline aggregate.(*filteredExemplarReservoir[float64]).Offer
/home/jules/go/pkg/mod/go.opentelemetry.io/otel/sdk/metric@v1.44.0/internal/aggregate/drop.go:24:6: can inline aggregate.(*dropRes[float64]).Collect
/home/jules/go/pkg/mod/go.opentelemetry.io/otel/sdk/metric@v1.44.0/internal/aggregate/drop.go:21:6: can inline aggregate.(*dropRes[float64]).Offer
/home/jules/go/pkg/mod/go.opentelemetry.io/otel/sdk/metric@v1.44.0/pipeline.go:676:6: can inline metric.resolver[float64].Aggregators
/home/jules/go/pkg/mod/go.opentelemetry.io/otel/sdk/metric@v1.44.0/pipeline.go:505:6: can inline metric.(*inserter[float64]).aggregateFunc
/home/jules/go/pkg/mod/go.opentelemetry.io/otel/sdk/metric@v1.44.0/internal/aggregate/aggregate.go:142:6: can inline aggregate.Builder[float64].ExponentialBucketHistogram
/home/jules/go/pkg/mod/go.opentelemetry.io/otel/sdk/metric@v1.44.0/internal/aggregate/aggregate.go:126:6: can inline aggregate.Builder[float64].ExplicitBucketHistogram
/home/jules/go/pkg/mod/go.opentelemetry.io/otel/sdk/metric@v1.44.0/internal/aggregate/aggregate.go:113:6: can inline aggregate.Builder[float64].Sum
/home/jules/go/pkg/mod/go.opentelemetry.io/otel/sdk/metric@v1.44.0/internal/aggregate/aggregate.go:102:6: can inline aggregate.Builder[float64].PrecomputedSum
/home/jules/go/pkg/mod/go.opentelemetry.io/otel/sdk/metric@v1.44.0/internal/aggregate/aggregate.go:90:6: can inline aggregate.Builder[float64].PrecomputedLastValue
/home/jules/go/pkg/mod/go.opentelemetry.io/otel/sdk/metric@v1.44.0/internal/aggregate/aggregate.go:76:6: can inline aggregate.Builder[float64].LastValue
/home/jules/go/pkg/mod/go.opentelemetry.io/otel/sdk/metric@v1.44.0/internal/aggregate/aggregate.go:62:6: can inline aggregate.Builder[float64].filter
/home/jules/go/pkg/mod/go.opentelemetry.io/otel/sdk/metric@v1.44.0/internal/aggregate/aggregate.go:52:6: can inline aggregate.Builder[float64].resFunc
/home/jules/go/pkg/mod/go.opentelemetry.io/otel/sdk/metric@v1.44.0/pipeline.go:491:6: can inline metric.(*inserter[float64]).instID
/home/jules/go/pkg/mod/go.opentelemetry.io/otel/sdk/metric@v1.44.0/pipeline.go:447:6: can inline metric.(*inserter[float64]).logConflict
/home/jules/go/pkg/mod/go.opentelemetry.io/otel/sdk/metric@v1.44.0/pipeline.go:363:6: can inline metric.(*inserter[float64]).cachedAggregator
/home/jules/go/pkg/mod/go.opentelemetry.io/otel/sdk/metric@v1.44.0/pipeline.go:327:6: can inline metric.(*inserter[float64]).readerDefaultAggregation
/home/jules/go/pkg/mod/go.opentelemetry.io/otel/sdk/metric@v1.44.0/pipeline.go:309:6: can inline metric.(*inserter[float64]).addCallback
/home/jules/go/pkg/mod/go.opentelemetry.io/otel/sdk/metric@v1.44.0/pipeline.go:240:6: can inline metric.(*inserter[float64]).Instrument
/home/jules/go/pkg/mod/go.opentelemetry.io/otel/sdk/metric@v1.44.0/cache.go:48:6: can inline metric.(*cache[go.opentelemetry.io/otel/sdk/metric.instID,go.opentelemetry.io/otel/sdk/metric.aggVal[float64]]).HasKey
/home/jules/go/pkg/mod/go.opentelemetry.io/otel/sdk/metric@v1.44.0/cache.go:28:6: can inline metric.(*cache[go.opentelemetry.io/otel/sdk/metric.instID,go.opentelemetry.io/otel/sdk/metric.aggVal[float64]]).Lookup
/home/jules/go/pkg/mod/go.opentelemetry.io/otel/sdk/metric@v1.44.0/pipeline.go:693:6: can inline metric.resolver[int64].HistogramAggregators
/home/jules/go/pkg/mod/go.opentelemetry.io/otel/sdk/metric@v1.44.0/internal/aggregate/limit.go:33:6: can inline aggregate.limiter[go.shape.e657650a1d161854162e4d2ece7671cbda483ddbee34f6f8a2b919769e39802d].Attributes
/home/jules/go/pkg/mod/go.opentelemetry.io/otel/sdk/metric@v1.44.0/metricdata/data.go:141:6: can inline metricdata.ExponentialHistogram[int64].privateAggregation
/home/jules/go/pkg/mod/go.opentelemetry.io/otel/sdk/metric@v1.44.0/internal/aggregate/exponential_histogram.go:436:6: can inline aggregate.(*expoHistogram[int64]).cumulative
/home/jules/go/pkg/mod/go.opentelemetry.io/otel/sdk/metric@v1.44.0/internal/aggregate/exponential_histogram.go:367:6: can inline aggregate.(*expoHistogram[int64]).delta
/home/jules/go/pkg/mod/go.opentelemetry.io/otel/sdk/metric@v1.44.0/internal/aggregate/exponential_histogram.go:331:6: can inline aggregate.(*expoHistogram[int64]).measure
/home/jules/go/pkg/mod/go.opentelemetry.io/otel/sdk/metric@v1.44.0/internal/aggregate/limit.go:33:6: can inline aggregate.limiter[go.opentelemetry.io/otel/sdk/metric/internal/aggregate.expoHistogramDataPoint[int64]].Attributes
/home/jules/go/pkg/mod/go.opentelemetry.io/otel/sdk/metric@v1.44.0/internal/aggregate/exponential_histogram.go:181:6: can inline aggregate.(*expoHistogramDataPoint[int64]).count
/home/jules/go/pkg/mod/go.opentelemetry.io/otel/sdk/metric@v1.44.0/internal/aggregate/exponential_histogram.go:156:6: can inline aggregate.(*expoHistogramDataPoint[int64]).scaleChange
/home/jules/go/pkg/mod/go.opentelemetry.io/otel/sdk/metric@v1.44.0/internal/aggregate/exponential_histogram.go:110:6: can inline aggregate.(*expoHistogramDataPoint[int64]).getBin
/home/jules/go/pkg/mod/go.opentelemetry.io/otel/sdk/metric@v1.44.0/internal/aggregate/exponential_histogram.go:66:6: can inline aggregate.(*expoHistogramDataPoint[int64]).record
/home/jules/go/pkg/mod/go.opentelemetry.io/otel/sdk/metric@v1.44.0/internal/aggregate/histogram.go:340:6: can inline aggregate.(*cumulativeHistogram[int64]).collect
/home/jules/go/pkg/mod/go.opentelemetry.io/otel/sdk/metric@v1.44.0/internal/aggregate/histogram.go:285:6: can inline aggregate.(*cumulativeHistogram[int64]).measure
/home/jules/go/pkg/mod/go.opentelemetry.io/otel/sdk/metric@v1.44.0/metricdata/data.go:100:6: can inline metricdata.Histogram[int64].privateAggregation
/home/jules/go/pkg/mod/go.opentelemetry.io/otel/sdk/metric@v1.44.0/internal/aggregate/histogram.go:64:6: can inline aggregate.(*histogramPointCounters[int64]).mergeIntoAndReset
/home/jules/go/pkg/mod/go.opentelemetry.io/otel/sdk/metric@v1.44.0/internal/aggregate/histogram.go:46:6: can inline aggregate.(*histogramPointCounters[int64]).loadCountsInto
/home/jules/go/pkg/mod/go.opentelemetry.io/otel/sdk/metric@v1.44.0/metricdata/data.go:225:6: can inline metricdata.Extrema[int64].Value
/home/jules/go/pkg/mod/go.opentelemetry.io/otel/sdk/metric@v1.44.0/metricdata/data.go:206:6: can inline metricdata.Extrema[int64].MarshalText
/home/jules/go/pkg/mod/go.opentelemetry.io/otel/sdk/metric@v1.44.0/internal/aggregate/atomic.go:123:6: can inline aggregate.(*atomicMinMax[int64]).Update
/home/jules/go/pkg/mod/go.opentelemetry.io/otel/sdk/metric@v1.44.0/internal/aggregate/atomic.go:111:6: can inline aggregate.(*atomicMinMax[int64]).init
/home/jules/go/pkg/mod/go.opentelemetry.io/otel/sdk/metric@v1.44.0/internal/aggregate/histogram.go:181:6: can inline aggregate.(*deltaHistogram[int64]).collect
/home/jules/go/pkg/mod/go.opentelemetry.io/otel/sdk/metric@v1.44.0/internal/aggregate/histogram.go:109:6: can inline aggregate.(*deltaHistogram[int64]).measure
/home/jules/go/pkg/mod/go.opentelemetry.io/otel/sdk/metric@v1.44.0/internal/aggregate/sum.go:157:6: can inline aggregate.(*cumulativeSum[int64]).collect
/home/jules/go/pkg/mod/go.opentelemetry.io/otel/sdk/metric@v1.44.0/metricdata/data.go:72:6: can inline metricdata.Sum[int64].privateAggregation
/home/jules/go/pkg/mod/go.opentelemetry.io/otel/sdk/metric@v1.44.0/internal/aggregate/atomic.go:55:6: can inline aggregate.(*atomicCounter[int64]).reset
/home/jules/go/pkg/mod/go.opentelemetry.io/otel/sdk/metric@v1.44.0/internal/aggregate/atomic.go:36:6: can inline aggregate.(*atomicCounter[int64]).add
/home/jules/go/pkg/mod/go.opentelemetry.io/otel/sdk/metric@v1.44.0/internal/aggregate/atomic.go:30:6: can inline aggregate.(*atomicCounter[int64]).load
/home/jules/go/pkg/mod/go.opentelemetry.io/otel/sdk/metric@v1.44.0/internal/aggregate/sum.go:269:6: can inline aggregate.(*precomputedSum[int64]).cumulative
/home/jules/go/pkg/mod/go.opentelemetry.io/otel/sdk/metric@v1.44.0/internal/aggregate/sum.go:224:6: can inline aggregate.(*precomputedSum[int64]).delta
/home/jules/go/pkg/mod/go.opentelemetry.io/otel/sdk/metric@v1.44.0/internal/aggregate/sum.go:92:6: can inline aggregate.(*deltaSum[int64]).collect
/home/jules/go/pkg/mod/go.opentelemetry.io/otel/sdk/metric@v1.44.0/internal/aggregate/sum.go:86:6: can inline aggregate.(*deltaSum[int64]).measure
/home/jules/go/pkg/mod/go.opentelemetry.io/otel/sdk/metric@v1.44.0/internal/aggregate/sum.go:28:6: can inline aggregate.(*sumValueMap[int64]).measure
/home/jules/go/pkg/mod/go.opentelemetry.io/otel/sdk/metric@v1.44.0/internal/aggregate/lastvalue.go:221:6: can inline aggregate.(*precomputedLastValue[int64]).cumulative
/home/jules/go/pkg/mod/go.opentelemetry.io/otel/sdk/metric@v1.44.0/internal/aggregate/lastvalue.go:215:6: can inline aggregate.(*precomputedLastValue[int64]).delta
/home/jules/go/pkg/mod/go.opentelemetry.io/otel/sdk/metric@v1.44.0/internal/aggregate/lastvalue.go:158:6: can inline aggregate.(*cumulativeLastValue[int64]).collect
/home/jules/go/pkg/mod/go.opentelemetry.io/otel/sdk/metric@v1.44.0/metricdata/data.go:58:6: can inline metricdata.Gauge[int64].privateAggregation
/home/jules/go/pkg/mod/go.opentelemetry.io/otel/sdk/metric@v1.44.0/internal/aggregate/atomic.go:91:6: can inline aggregate.(*atomicN[int64]).CompareAndSwap
/home/jules/go/pkg/mod/go.opentelemetry.io/otel/sdk/metric@v1.44.0/internal/aggregate/atomic.go:78:6: can inline aggregate.(*atomicN[int64]).Store
/home/jules/go/pkg/mod/go.opentelemetry.io/otel/sdk/metric@v1.44.0/internal/aggregate/atomic.go:65:6: can inline aggregate.(*atomicN[int64]).Load
/home/jules/go/pkg/mod/go.opentelemetry.io/otel/sdk/metric@v1.44.0/internal/aggregate/lastvalue.go:107:6: can inline aggregate.(*deltaLastValue[int64]).copyAndClearDpts
/home/jules/go/pkg/mod/go.opentelemetry.io/otel/sdk/metric@v1.44.0/internal/aggregate/lastvalue.go:95:6: can inline aggregate.(*deltaLastValue[int64]).collect
/home/jules/go/pkg/mod/go.opentelemetry.io/otel/sdk/metric@v1.44.0/internal/aggregate/lastvalue.go:84:6: can inline aggregate.(*deltaLastValue[int64]).measure
/home/jules/go/pkg/mod/go.opentelemetry.io/otel/sdk/metric@v1.44.0/internal/aggregate/lastvalue.go:30:6: can inline aggregate.(*lastValueMap[int64]).measure
/home/jules/go/pkg/mod/go.opentelemetry.io/otel/sdk/metric@v1.44.0/internal/aggregate/filtered_reservoir.go:67:6: can inline aggregate.(*filteredExemplarReservoir[int64]).Collect
/home/jules/go/pkg/mod/go.opentelemetry.io/otel/sdk/metric@v1.44.0/internal/aggregate/filtered_reservoir.go:55:6: can inline aggregate.(*filteredExemplarReservoir[int64]).Offer
/home/jules/go/pkg/mod/go.opentelemetry.io/otel/sdk/metric@v1.44.0/internal/aggregate/drop.go:24:6: can inline aggregate.(*dropRes[int64]).Collect
/home/jules/go/pkg/mod/go.opentelemetry.io/otel/sdk/metric@v1.44.0/internal/aggregate/drop.go:21:6: can inline aggregate.(*dropRes[int64]).Offer
/home/jules/go/pkg/mod/go.opentelemetry.io/otel/sdk/metric@v1.44.0/pipeline.go:676:6: can inline metric.resolver[int64].Aggregators
/home/jules/go/pkg/mod/go.opentelemetry.io/otel/sdk/metric@v1.44.0/pipeline.go:505:6: can inline metric.(*inserter[int64]).aggregateFunc
/home/jules/go/pkg/mod/go.opentelemetry.io/otel/sdk/metric@v1.44.0/internal/aggregate/aggregate.go:142:6: can inline aggregate.Builder[int64].ExponentialBucketHistogram
/home/jules/go/pkg/mod/go.opentelemetry.io/otel/sdk/metric@v1.44.0/internal/aggregate/aggregate.go:126:6: can inline aggregate.Builder[int64].ExplicitBucketHistogram
/home/jules/go/pkg/mod/go.opentelemetry.io/otel/sdk/metric@v1.44.0/internal/aggregate/aggregate.go:113:6: can inline aggregate.Builder[int64].Sum
/home/jules/go/pkg/mod/go.opentelemetry.io/otel/sdk/metric@v1.44.0/internal/aggregate/aggregate.go:102:6: can inline aggregate.Builder[int64].PrecomputedSum
/home/jules/go/pkg/mod/go.opentelemetry.io/otel/sdk/metric@v1.44.0/internal/aggregate/aggregate.go:90:6: can inline aggregate.Builder[int64].PrecomputedLastValue
/home/jules/go/pkg/mod/go.opentelemetry.io/otel/sdk/metric@v1.44.0/internal/aggregate/aggregate.go:76:6: can inline aggregate.Builder[int64].LastValue
/home/jules/go/pkg/mod/go.opentelemetry.io/otel/sdk/metric@v1.44.0/internal/aggregate/aggregate.go:62:6: can inline aggregate.Builder[int64].filter
/home/jules/go/pkg/mod/go.opentelemetry.io/otel/sdk/metric@v1.44.0/internal/aggregate/aggregate.go:52:6: can inline aggregate.Builder[int64].resFunc
/home/jules/go/pkg/mod/go.opentelemetry.io/otel/sdk/metric@v1.44.0/pipeline.go:491:6: can inline metric.(*inserter[int64]).instID
/home/jules/go/pkg/mod/go.opentelemetry.io/otel/sdk/metric@v1.44.0/pipeline.go:447:6: can inline metric.(*inserter[int64]).logConflict
/home/jules/go/pkg/mod/go.opentelemetry.io/otel/sdk/metric@v1.44.0/pipeline.go:363:6: can inline metric.(*inserter[int64]).cachedAggregator
/home/jules/go/pkg/mod/go.opentelemetry.io/otel/sdk/metric@v1.44.0/pipeline.go:327:6: can inline metric.(*inserter[int64]).readerDefaultAggregation
/home/jules/go/pkg/mod/go.opentelemetry.io/otel/sdk/metric@v1.44.0/pipeline.go:309:6: can inline metric.(*inserter[int64]).addCallback
/home/jules/go/pkg/mod/go.opentelemetry.io/otel/sdk/metric@v1.44.0/pipeline.go:240:6: can inline metric.(*inserter[int64]).Instrument
/home/jules/go/pkg/mod/go.opentelemetry.io/otel/sdk/metric@v1.44.0/cache.go:48:6: can inline metric.(*cache[string,go.opentelemetry.io/otel/sdk/metric.instID]).HasKey
/home/jules/go/pkg/mod/go.opentelemetry.io/otel/sdk/metric@v1.44.0/cache.go:28:6: can inline metric.(*cache[string,go.opentelemetry.io/otel/sdk/metric.instID]).Lookup
/home/jules/go/pkg/mod/go.opentelemetry.io/otel/sdk/metric@v1.44.0/cache.go:48:6: can inline metric.(*cache[go.opentelemetry.io/otel/sdk/metric.instID,go.opentelemetry.io/otel/sdk/metric.aggVal[int64]]).HasKey
/home/jules/go/pkg/mod/go.opentelemetry.io/otel/sdk/metric@v1.44.0/cache.go:28:6: can inline metric.(*cache[go.opentelemetry.io/otel/sdk/metric.instID,go.opentelemetry.io/otel/sdk/metric.aggVal[int64]]).Lookup
/home/jules/go/pkg/mod/go.opentelemetry.io/otel/sdk/metric@v1.44.0/cache.go:77:6: can inline metric.(*cacheWithErr[go.opentelemetry.io/otel/sdk/metric.instID,go.opentelemetry.io/otel/sdk/metric.float64Observable]).Lookup
/home/jules/go/pkg/mod/go.opentelemetry.io/otel/sdk/metric@v1.44.0/cache.go:48:6: can inline metric.(*cache[go.opentelemetry.io/otel/sdk/metric.instID,go.opentelemetry.io/otel/sdk/metric.valAndErr[go.opentelemetry.io/otel/sdk/metric.float64Observable]]).HasKey
/home/jules/go/pkg/mod/go.opentelemetry.io/otel/sdk/metric@v1.44.0/cache.go:28:6: can inline metric.(*cache[go.opentelemetry.io/otel/sdk/metric.instID,go.opentelemetry.io/otel/sdk/metric.valAndErr[go.opentelemetry.io/otel/sdk/metric.float64Observable]]).Lookup
/home/jules/go/pkg/mod/go.opentelemetry.io/otel/sdk/metric@v1.44.0/instrument.go:356:6: can inline metric.(*observable[float64]).registerable
/home/jules/go/pkg/mod/go.opentelemetry.io/otel/sdk/metric@v1.44.0/instrument.go:337:6: can inline metric.(*observable[float64]).appendMeasures
/home/jules/go/pkg/mod/go.opentelemetry.io/otel/sdk/metric@v1.44.0/instrument.go:333:6: can inline metric.(*observable[float64]).observe
/home/jules/go/pkg/mod/go.opentelemetry.io/otel/sdk/metric@v1.44.0/instrument.go:344:6: can inline metric.measures[float64].observe
/home/jules/go/pkg/mod/go.opentelemetry.io/otel/sdk/metric@v1.44.0/cache.go:77:6: can inline metric.(*cacheWithErr[go.opentelemetry.io/otel/sdk/metric.instID,go.opentelemetry.io/otel/sdk/metric.int64Observable]).Lookup
/home/jules/go/pkg/mod/go.opentelemetry.io/otel/sdk/metric@v1.44.0/cache.go:48:6: can inline metric.(*cache[go.opentelemetry.io/otel/sdk/metric.instID,go.opentelemetry.io/otel/sdk/metric.valAndErr[go.opentelemetry.io/otel/sdk/metric.int64Observable]]).HasKey
/home/jules/go/pkg/mod/go.opentelemetry.io/otel/sdk/metric@v1.44.0/cache.go:28:6: can inline metric.(*cache[go.opentelemetry.io/otel/sdk/metric.instID,go.opentelemetry.io/otel/sdk/metric.valAndErr[go.opentelemetry.io/otel/sdk/metric.int64Observable]]).Lookup
/home/jules/go/pkg/mod/go.opentelemetry.io/otel/sdk/metric@v1.44.0/instrument.go:356:6: can inline metric.(*observable[int64]).registerable
/home/jules/go/pkg/mod/go.opentelemetry.io/otel/sdk/metric@v1.44.0/instrument.go:337:6: can inline metric.(*observable[int64]).appendMeasures
/home/jules/go/pkg/mod/go.opentelemetry.io/otel/sdk/metric@v1.44.0/instrument.go:333:6: can inline metric.(*observable[int64]).observe
/home/jules/go/pkg/mod/go.opentelemetry.io/otel/sdk/metric@v1.44.0/instrument.go:344:6: can inline metric.measures[int64].observe
/home/jules/go/pkg/mod/go.opentelemetry.io/otel/sdk/metric@v1.44.0/cache.go:77:6: can inline metric.(*cacheWithErr[go.opentelemetry.io/otel/sdk/metric.instID,*go.opentelemetry.io/otel/sdk/metric.float64Inst]).Lookup
/home/jules/go/pkg/mod/go.opentelemetry.io/otel/sdk/metric@v1.44.0/cache.go:48:6: can inline metric.(*cache[go.opentelemetry.io/otel/sdk/metric.instID,go.opentelemetry.io/otel/sdk/metric.valAndErr[*go.opentelemetry.io/otel/sdk/metric.float64Inst]]).HasKey
/home/jules/go/pkg/mod/go.opentelemetry.io/otel/sdk/metric@v1.44.0/cache.go:28:6: can inline metric.(*cache[go.opentelemetry.io/otel/sdk/metric.instID,go.opentelemetry.io/otel/sdk/metric.valAndErr[*go.opentelemetry.io/otel/sdk/metric.float64Inst]]).Lookup
/home/jules/go/pkg/mod/go.opentelemetry.io/otel/sdk/metric@v1.44.0/cache.go:77:6: can inline metric.(*cacheWithErr[go.opentelemetry.io/otel/sdk/metric.instID,*go.opentelemetry.io/otel/sdk/metric.int64Inst]).Lookup
/home/jules/go/pkg/mod/go.opentelemetry.io/otel/sdk/metric@v1.44.0/cache.go:48:6: can inline metric.(*cache[go.opentelemetry.io/otel/sdk/metric.instID,go.opentelemetry.io/otel/sdk/metric.valAndErr[*go.opentelemetry.io/otel/sdk/metric.int64Inst]]).HasKey
/home/jules/go/pkg/mod/go.opentelemetry.io/otel/sdk/metric@v1.44.0/cache.go:28:6: can inline metric.(*cache[go.opentelemetry.io/otel/sdk/metric.instID,go.opentelemetry.io/otel/sdk/metric.valAndErr[*go.opentelemetry.io/otel/sdk/metric.int64Inst]]).Lookup
/home/jules/go/pkg/mod/golang.org/toolchain@v0.0.1-go1.26.5.linux-amd64/src/sync/atomic/type.go:67:6: can inline atomic.(*Pointer[go.opentelemetry.io/otel/sdk/trace.spanProcessorStates]).CompareAndSwap
/home/jules/go/pkg/mod/golang.org/toolchain@v0.0.1-go1.26.5.linux-amd64/src/sync/atomic/type.go:64:6: can inline atomic.(*Pointer[go.opentelemetry.io/otel/sdk/trace.spanProcessorStates]).Swap
/home/jules/go/pkg/mod/golang.org/toolchain@v0.0.1-go1.26.5.linux-amd64/src/sync/atomic/type.go:61:6: can inline atomic.(*Pointer[go.opentelemetry.io/otel/sdk/trace.spanProcessorStates]).Store
/home/jules/go/pkg/mod/golang.org/toolchain@v0.0.1-go1.26.5.linux-amd64/src/sync/atomic/type.go:58:6: can inline atomic.(*Pointer[go.opentelemetry.io/otel/sdk/trace.spanProcessorStates]).Load
/home/jules/go/pkg/mod/go.opentelemetry.io/otel/sdk@v1.44.0/trace/evictedqueue.go:62:6: can inline trace.(*evictedQueue[go.opentelemetry.io/otel/sdk/trace.Link]).copy
/home/jules/go/pkg/mod/go.opentelemetry.io/otel/sdk@v1.44.0/trace/evictedqueue.go:57:6: can inline trace.(*evictedQueue[go.opentelemetry.io/otel/sdk/trace.Link]).logDropped
/home/jules/go/pkg/mod/go.opentelemetry.io/otel/sdk@v1.44.0/trace/evictedqueue.go:40:6: can inline trace.(*evictedQueue[go.opentelemetry.io/otel/sdk/trace.Link]).add
/home/jules/go/pkg/mod/go.opentelemetry.io/otel/sdk@v1.44.0/trace/evictedqueue.go:62:6: can inline trace.(*evictedQueue[go.opentelemetry.io/otel/sdk/trace.Event]).copy
/home/jules/go/pkg/mod/go.opentelemetry.io/otel/sdk@v1.44.0/trace/evictedqueue.go:57:6: can inline trace.(*evictedQueue[go.opentelemetry.io/otel/sdk/trace.Event]).logDropped
/home/jules/go/pkg/mod/go.opentelemetry.io/otel/sdk@v1.44.0/trace/evictedqueue.go:40:6: can inline trace.(*evictedQueue[go.opentelemetry.io/otel/sdk/trace.Event]).add
/home/jules/go/pkg/mod/golang.org/toolchain@v0.0.1-go1.26.5.linux-amd64/src/sync/atomic/type.go:67:6: can inline atomic.(*Pointer[sync.poolChainElt]).CompareAndSwap
/home/jules/go/pkg/mod/golang.org/toolchain@v0.0.1-go1.26.5.linux-amd64/src/sync/atomic/type.go:64:6: can inline atomic.(*Pointer[sync.poolChainElt]).Swap
/home/jules/go/pkg/mod/golang.org/toolchain@v0.0.1-go1.26.5.linux-amd64/src/sync/atomic/type.go:61:6: can inline atomic.(*Pointer[sync.poolChainElt]).Store
/home/jules/go/pkg/mod/golang.org/toolchain@v0.0.1-go1.26.5.linux-amd64/src/sync/atomic/type.go:58:6: can inline atomic.(*Pointer[sync.poolChainElt]).Load
/home/jules/go/pkg/mod/golang.org/toolchain@v0.0.1-go1.26.5.linux-amd64/src/sync/atomic/type.go:67:6: can inline atomic.(*Pointer[chan struct {}]).CompareAndSwap
/home/jules/go/pkg/mod/golang.org/toolchain@v0.0.1-go1.26.5.linux-amd64/src/sync/atomic/type.go:64:6: can inline atomic.(*Pointer[chan struct {}]).Swap
/home/jules/go/pkg/mod/golang.org/toolchain@v0.0.1-go1.26.5.linux-amd64/src/sync/atomic/type.go:61:6: can inline atomic.(*Pointer[chan struct {}]).Store
/home/jules/go/pkg/mod/golang.org/toolchain@v0.0.1-go1.26.5.linux-amd64/src/sync/atomic/type.go:58:6: can inline atomic.(*Pointer[chan struct {}]).Load
/home/jules/go/pkg/mod/golang.org/toolchain@v0.0.1-go1.26.5.linux-amd64/src/sync/atomic/type.go:67:6: can inline atomic.(*Pointer[google.golang.org/grpc.pickerGeneration]).CompareAndSwap
/home/jules/go/pkg/mod/golang.org/toolchain@v0.0.1-go1.26.5.linux-amd64/src/sync/atomic/type.go:64:6: can inline atomic.(*Pointer[google.golang.org/grpc.pickerGeneration]).Swap
/home/jules/go/pkg/mod/golang.org/toolchain@v0.0.1-go1.26.5.linux-amd64/src/sync/atomic/type.go:61:6: can inline atomic.(*Pointer[google.golang.org/grpc.pickerGeneration]).Store
/home/jules/go/pkg/mod/golang.org/toolchain@v0.0.1-go1.26.5.linux-amd64/src/sync/atomic/type.go:58:6: can inline atomic.(*Pointer[google.golang.org/grpc.pickerGeneration]).Load
/home/jules/go/pkg/mod/golang.org/toolchain@v0.0.1-go1.26.5.linux-amd64/src/sync/atomic/type.go:67:6: can inline atomic.(*Pointer[string]).CompareAndSwap
/home/jules/go/pkg/mod/golang.org/toolchain@v0.0.1-go1.26.5.linux-amd64/src/sync/atomic/type.go:64:6: can inline atomic.(*Pointer[string]).Swap
/home/jules/go/pkg/mod/golang.org/toolchain@v0.0.1-go1.26.5.linux-amd64/src/sync/atomic/type.go:61:6: can inline atomic.(*Pointer[string]).Store
/home/jules/go/pkg/mod/golang.org/toolchain@v0.0.1-go1.26.5.linux-amd64/src/sync/atomic/type.go:58:6: can inline atomic.(*Pointer[string]).Load
/home/jules/go/pkg/mod/golang.org/toolchain@v0.0.1-go1.26.5.linux-amd64/src/sync/atomic/type.go:67:6: can inline atomic.(*Pointer[google.golang.org/grpc/connectivity.State]).CompareAndSwap
/home/jules/go/pkg/mod/golang.org/toolchain@v0.0.1-go1.26.5.linux-amd64/src/sync/atomic/type.go:64:6: can inline atomic.(*Pointer[google.golang.org/grpc/connectivity.State]).Swap
/home/jules/go/pkg/mod/golang.org/toolchain@v0.0.1-go1.26.5.linux-amd64/src/sync/atomic/type.go:61:6: can inline atomic.(*Pointer[google.golang.org/grpc/connectivity.State]).Store
/home/jules/go/pkg/mod/golang.org/toolchain@v0.0.1-go1.26.5.linux-amd64/src/sync/atomic/type.go:58:6: can inline atomic.(*Pointer[google.golang.org/grpc/connectivity.State]).Load
otelkit/otelkit.go:40:19: inlining call to resource.Default
otelkit/otelkit.go:42:20: inlining call to resource.Default
otelkit/otelkit.go:42:32: inlining call to resource.(*Resource).SchemaURL
otelkit/otelkit.go:43:33: inlining call to attribute.Key.String
otelkit/otelkit.go:41:29: inlining call to resource.NewWithAttributes
otelkit/otelkit.go:51:69: inlining call to propagation.NewCompositeTextMapPropagator
otelkit/otelkit.go:51:27: inlining call to otel.SetTextMapPropagator
otelkit/otelkit.go:60:24: inlining call to trace.WithResource
otelkit/otelkit.go:62:24: inlining call to otel.SetTracerProvider
otelkit/otelkit.go:71:23: inlining call to metric.WithReader
otelkit/otelkit.go:72:25: inlining call to metric.WithResource
otelkit/otelkit.go:74:23: inlining call to otel.SetMeterProvider
otelkit/otelkit.go:40:19: inlining call to context.Background
otelkit/otelkit.go:42:20: inlining call to context.Background
otelkit/otelkit.go:43:33: inlining call to attribute.StringValue
otelkit/otelkit.go:77:21: inlining call to errors.Join
/home/jules/go/pkg/mod/go.opentelemetry.io/otel/sdk@v1.44.0/trace/evictedqueue.go:63:21: inlining call to slices.Clone[go.shape.[]go.shape.struct { Name string; Attributes []go.opentelemetry.io/otel/attribute.KeyValue; DroppedAttributeCount int; Time time.Time },go.shape.struct { Name string; Attributes []go.opentelemetry.io/otel/attribute.KeyValue; DroppedAttributeCount int; Time time.Time }]
/home/jules/go/pkg/mod/go.opentelemetry.io/otel/sdk@v1.44.0/trace/evictedqueue.go:58:22: inlining call to sync.(*Once).Do
/home/jules/go/pkg/mod/go.opentelemetry.io/otel/sdk@v1.44.0/trace/evictedqueue.go:58:22: inlining call to atomic.(*Bool).Load
/home/jules/go/pkg/mod/go.opentelemetry.io/otel/sdk@v1.44.0/trace/evictedqueue.go:63:21: inlining call to slices.Clone[go.shape.[]go.shape.struct { SpanContext go.opentelemetry.io/otel/trace.SpanContext; Attributes []go.opentelemetry.io/otel/attribute.KeyValue; DroppedAttributeCount int },go.shape.struct { SpanContext go.opentelemetry.io/otel/trace.SpanContext; Attributes []go.opentelemetry.io/otel/attribute.KeyValue; DroppedAttributeCount int }]
/home/jules/go/pkg/mod/go.opentelemetry.io/otel/sdk@v1.44.0/trace/evictedqueue.go:58:22: inlining call to sync.(*Once).Do
/home/jules/go/pkg/mod/go.opentelemetry.io/otel/sdk@v1.44.0/trace/evictedqueue.go:58:22: inlining call to atomic.(*Bool).Load
/home/jules/go/pkg/mod/go.opentelemetry.io/otel/sdk/metric@v1.44.0/cache.go:49:8: inlining call to sync.(*Mutex).Lock
/home/jules/go/pkg/mod/go.opentelemetry.io/otel/sdk/metric@v1.44.0/cache.go:49:8: inlining call to sync.(*Mutex).Lock
/home/jules/go/pkg/mod/go.opentelemetry.io/otel/sdk/metric@v1.44.0/cache.go:50:16: inlining call to sync.(*Mutex).Unlock
/home/jules/go/pkg/mod/go.opentelemetry.io/otel/sdk/metric@v1.44.0/cache.go:50:16: inlining call to sync.(*Mutex).Unlock
/home/jules/go/pkg/mod/go.opentelemetry.io/otel/sdk/metric@v1.44.0/cache.go:29:8: inlining call to sync.(*Mutex).Lock
/home/jules/go/pkg/mod/go.opentelemetry.io/otel/sdk/metric@v1.44.0/cache.go:29:8: inlining call to sync.(*Mutex).Lock
/home/jules/go/pkg/mod/go.opentelemetry.io/otel/sdk/metric@v1.44.0/cache.go:30:16: inlining call to sync.(*Mutex).Unlock
/home/jules/go/pkg/mod/go.opentelemetry.io/otel/sdk/metric@v1.44.0/cache.go:30:16: inlining call to sync.(*Mutex).Unlock
/home/jules/go/pkg/mod/go.opentelemetry.io/otel/sdk/metric@v1.44.0/cache.go:49:8: inlining call to sync.(*Mutex).Lock
/home/jules/go/pkg/mod/go.opentelemetry.io/otel/sdk/metric@v1.44.0/cache.go:49:8: inlining call to sync.(*Mutex).Lock
/home/jules/go/pkg/mod/go.opentelemetry.io/otel/sdk/metric@v1.44.0/cache.go:50:16: inlining call to sync.(*Mutex).Unlock
/home/jules/go/pkg/mod/go.opentelemetry.io/otel/sdk/metric@v1.44.0/cache.go:50:16: inlining call to sync.(*Mutex).Unlock
/home/jules/go/pkg/mod/go.opentelemetry.io/otel/sdk/metric@v1.44.0/cache.go:29:8: inlining call to sync.(*Mutex).Lock
/home/jules/go/pkg/mod/go.opentelemetry.io/otel/sdk/metric@v1.44.0/cache.go:29:8: inlining call to sync.(*Mutex).Lock
/home/jules/go/pkg/mod/go.opentelemetry.io/otel/sdk/metric@v1.44.0/cache.go:30:16: inlining call to sync.(*Mutex).Unlock
/home/jules/go/pkg/mod/go.opentelemetry.io/otel/sdk/metric@v1.44.0/cache.go:30:16: inlining call to sync.(*Mutex).Unlock
/home/jules/go/pkg/mod/go.opentelemetry.io/otel/sdk/metric@v1.44.0/cache.go:29:8: inlining call to sync.(*Mutex).Lock
/home/jules/go/pkg/mod/go.opentelemetry.io/otel/sdk/metric@v1.44.0/cache.go:29:8: inlining call to sync.(*Mutex).Lock
/home/jules/go/pkg/mod/go.opentelemetry.io/otel/sdk/metric@v1.44.0/cache.go:30:16: inlining call to sync.(*Mutex).Unlock
/home/jules/go/pkg/mod/go.opentelemetry.io/otel/sdk/metric@v1.44.0/cache.go:30:16: inlining call to sync.(*Mutex).Unlock
/home/jules/go/pkg/mod/go.opentelemetry.io/otel/sdk/metric@v1.44.0/cache.go:49:8: inlining call to sync.(*Mutex).Lock
/home/jules/go/pkg/mod/go.opentelemetry.io/otel/sdk/metric@v1.44.0/cache.go:49:8: inlining call to sync.(*Mutex).Lock
/home/jules/go/pkg/mod/go.opentelemetry.io/otel/sdk/metric@v1.44.0/cache.go:50:16: inlining call to sync.(*Mutex).Unlock
/home/jules/go/pkg/mod/go.opentelemetry.io/otel/sdk/metric@v1.44.0/cache.go:50:16: inlining call to sync.(*Mutex).Unlock
/home/jules/go/pkg/mod/go.opentelemetry.io/otel/sdk/metric@v1.44.0/instrument.go:361:20: inlining call to fmt.Errorf
/home/jules/go/pkg/mod/go.opentelemetry.io/otel/sdk/metric@v1.44.0/instrument.go:361:20: inlining call to errors.New
/home/jules/go/pkg/mod/go.opentelemetry.io/otel/sdk/metric@v1.44.0/instrument.go:346:24: inlining call to context.Background
/home/jules/go/pkg/mod/go.opentelemetry.io/otel/sdk/metric@v1.44.0/instrument.go:334:20: inlining call to metric.measures[go.shape.int64].observe
/home/jules/go/pkg/mod/go.opentelemetry.io/otel/sdk/metric@v1.44.0/instrument.go:334:20: inlining call to context.Background
/home/jules/go/pkg/mod/go.opentelemetry.io/otel/sdk/metric@v1.44.0/cache.go:49:8: inlining call to sync.(*Mutex).Lock
/home/jules/go/pkg/mod/go.opentelemetry.io/otel/sdk/metric@v1.44.0/cache.go:49:8: inlining call to sync.(*Mutex).Lock
/home/jules/go/pkg/mod/go.opentelemetry.io/otel/sdk/metric@v1.44.0/cache.go:50:16: inlining call to sync.(*Mutex).Unlock
/home/jules/go/pkg/mod/go.opentelemetry.io/otel/sdk/metric@v1.44.0/cache.go:50:16: inlining call to sync.(*Mutex).Unlock
/home/jules/go/pkg/mod/go.opentelemetry.io/otel/sdk/metric@v1.44.0/cache.go:29:8: inlining call to sync.(*Mutex).Lock
/home/jules/go/pkg/mod/go.opentelemetry.io/otel/sdk/metric@v1.44.0/cache.go:29:8: inlining call to sync.(*Mutex).Lock
/home/jules/go/pkg/mod/go.opentelemetry.io/otel/sdk/metric@v1.44.0/cache.go:30:16: inlining call to sync.(*Mutex).Unlock
/home/jules/go/pkg/mod/go.opentelemetry.io/otel/sdk/metric@v1.44.0/cache.go:30:16: inlining call to sync.(*Mutex).Unlock
/home/jules/go/pkg/mod/go.opentelemetry.io/otel/sdk/metric@v1.44.0/cache.go:29:8: inlining call to sync.(*Mutex).Lock
/home/jules/go/pkg/mod/go.opentelemetry.io/otel/sdk/metric@v1.44.0/cache.go:29:8: inlining call to sync.(*Mutex).Lock
/home/jules/go/pkg/mod/go.opentelemetry.io/otel/sdk/metric@v1.44.0/cache.go:30:16: inlining call to sync.(*Mutex).Unlock
/home/jules/go/pkg/mod/go.opentelemetry.io/otel/sdk/metric@v1.44.0/cache.go:30:16: inlining call to sync.(*Mutex).Unlock
/home/jules/go/pkg/mod/go.opentelemetry.io/otel/sdk/metric@v1.44.0/cache.go:49:8: inlining call to sync.(*Mutex).Lock
/home/jules/go/pkg/mod/go.opentelemetry.io/otel/sdk/metric@v1.44.0/cache.go:49:8: inlining call to sync.(*Mutex).Lock
/home/jules/go/pkg/mod/go.opentelemetry.io/otel/sdk/metric@v1.44.0/cache.go:50:16: inlining call to sync.(*Mutex).Unlock
/home/jules/go/pkg/mod/go.opentelemetry.io/otel/sdk/metric@v1.44.0/cache.go:50:16: inlining call to sync.(*Mutex).Unlock
/home/jules/go/pkg/mod/go.opentelemetry.io/otel/sdk/metric@v1.44.0/instrument.go:361:20: inlining call to fmt.Errorf
/home/jules/go/pkg/mod/go.opentelemetry.io/otel/sdk/metric@v1.44.0/instrument.go:361:20: inlining call to errors.New
/home/jules/go/pkg/mod/go.opentelemetry.io/otel/sdk/metric@v1.44.0/instrument.go:346:24: inlining call to context.Background
/home/jules/go/pkg/mod/go.opentelemetry.io/otel/sdk/metric@v1.44.0/instrument.go:334:20: inlining call to metric.measures[go.shape.float64].observe
/home/jules/go/pkg/mod/go.opentelemetry.io/otel/sdk/metric@v1.44.0/instrument.go:334:20: inlining call to context.Background
/home/jules/go/pkg/mod/go.opentelemetry.io/otel/sdk/metric@v1.44.0/cache.go:49:8: inlining call to sync.(*Mutex).Lock
/home/jules/go/pkg/mod/go.opentelemetry.io/otel/sdk/metric@v1.44.0/cache.go:49:8: inlining call to sync.(*Mutex).Lock
/home/jules/go/pkg/mod/go.opentelemetry.io/otel/sdk/metric@v1.44.0/cache.go:50:16: inlining call to sync.(*Mutex).Unlock
/home/jules/go/pkg/mod/go.opentelemetry.io/otel/sdk/metric@v1.44.0/cache.go:50:16: inlining call to sync.(*Mutex).Unlock
/home/jules/go/pkg/mod/go.opentelemetry.io/otel/sdk/metric@v1.44.0/cache.go:29:8: inlining call to sync.(*Mutex).Lock
/home/jules/go/pkg/mod/go.opentelemetry.io/otel/sdk/metric@v1.44.0/cache.go:29:8: inlining call to sync.(*Mutex).Lock
/home/jules/go/pkg/mod/go.opentelemetry.io/otel/sdk/metric@v1.44.0/cache.go:30:16: inlining call to sync.(*Mutex).Unlock
/home/jules/go/pkg/mod/go.opentelemetry.io/otel/sdk/metric@v1.44.0/cache.go:30:16: inlining call to sync.(*Mutex).Unlock
/home/jules/go/pkg/mod/go.opentelemetry.io/otel/sdk/metric@v1.44.0/cache.go:29:8: inlining call to sync.(*Mutex).Lock
/home/jules/go/pkg/mod/go.opentelemetry.io/otel/sdk/metric@v1.44.0/cache.go:29:8: inlining call to sync.(*Mutex).Lock
/home/jules/go/pkg/mod/go.opentelemetry.io/otel/sdk/metric@v1.44.0/cache.go:30:16: inlining call to sync.(*Mutex).Unlock
/home/jules/go/pkg/mod/go.opentelemetry.io/otel/sdk/metric@v1.44.0/cache.go:30:16: inlining call to sync.(*Mutex).Unlock
/home/jules/go/pkg/mod/go.opentelemetry.io/otel/sdk/metric@v1.44.0/cache.go:49:8: inlining call to sync.(*Mutex).Lock
/home/jules/go/pkg/mod/go.opentelemetry.io/otel/sdk/metric@v1.44.0/cache.go:49:8: inlining call to sync.(*Mutex).Lock
/home/jules/go/pkg/mod/go.opentelemetry.io/otel/sdk/metric@v1.44.0/cache.go:50:16: inlining call to sync.(*Mutex).Unlock
/home/jules/go/pkg/mod/go.opentelemetry.io/otel/sdk/metric@v1.44.0/cache.go:50:16: inlining call to sync.(*Mutex).Unlock
/home/jules/go/pkg/mod/go.opentelemetry.io/otel/sdk/metric@v1.44.0/cache.go:49:8: inlining call to sync.(*Mutex).Lock
/home/jules/go/pkg/mod/go.opentelemetry.io/otel/sdk/metric@v1.44.0/cache.go:49:8: inlining call to sync.(*Mutex).Lock
/home/jules/go/pkg/mod/go.opentelemetry.io/otel/sdk/metric@v1.44.0/cache.go:50:16: inlining call to sync.(*Mutex).Unlock
/home/jules/go/pkg/mod/go.opentelemetry.io/otel/sdk/metric@v1.44.0/cache.go:50:16: inlining call to sync.(*Mutex).Unlock
/home/jules/go/pkg/mod/go.opentelemetry.io/otel/sdk/metric@v1.44.0/cache.go:29:8: inlining call to sync.(*Mutex).Lock
/home/jules/go/pkg/mod/go.opentelemetry.io/otel/sdk/metric@v1.44.0/cache.go:29:8: inlining call to sync.(*Mutex).Lock
/home/jules/go/pkg/mod/go.opentelemetry.io/otel/sdk/metric@v1.44.0/cache.go:30:16: inlining call to sync.(*Mutex).Unlock
/home/jules/go/pkg/mod/go.opentelemetry.io/otel/sdk/metric@v1.44.0/cache.go:30:16: inlining call to sync.(*Mutex).Unlock
/home/jules/go/pkg/mod/go.opentelemetry.io/otel/sdk/metric@v1.44.0/cache.go:49:8: inlining call to sync.(*Mutex).Lock
/home/jules/go/pkg/mod/go.opentelemetry.io/otel/sdk/metric@v1.44.0/cache.go:49:8: inlining call to sync.(*Mutex).Lock
/home/jules/go/pkg/mod/go.opentelemetry.io/otel/sdk/metric@v1.44.0/cache.go:50:16: inlining call to sync.(*Mutex).Unlock
/home/jules/go/pkg/mod/go.opentelemetry.io/otel/sdk/metric@v1.44.0/cache.go:50:16: inlining call to sync.(*Mutex).Unlock
/home/jules/go/pkg/mod/go.opentelemetry.io/otel/sdk/metric@v1.44.0/cache.go:29:8: inlining call to sync.(*Mutex).Lock
/home/jules/go/pkg/mod/go.opentelemetry.io/otel/sdk/metric@v1.44.0/cache.go:29:8: inlining call to sync.(*Mutex).Lock
/home/jules/go/pkg/mod/go.opentelemetry.io/otel/sdk/metric@v1.44.0/cache.go:30:16: inlining call to sync.(*Mutex).Unlock
/home/jules/go/pkg/mod/go.opentelemetry.io/otel/sdk/metric@v1.44.0/cache.go:30:16: inlining call to sync.(*Mutex).Unlock
/home/jules/go/pkg/mod/go.opentelemetry.io/otel/sdk/metric@v1.44.0/pipeline.go:332:43: inlining call to metric.DefaultAggregationSelector
/home/jules/go/pkg/mod/go.opentelemetry.io/otel/sdk/metric@v1.44.0/pipeline.go:338:44: inlining call to metric.DefaultAggregationSelector
/home/jules/go/pkg/mod/go.opentelemetry.io/otel/sdk/metric@v1.44.0/pipeline.go:339:16: inlining call to global.Error
/home/jules/go/pkg/mod/go.opentelemetry.io/otel/sdk/metric@v1.44.0/pipeline.go:339:16: inlining call to global.GetLogger
/home/jules/go/pkg/mod/go.opentelemetry.io/otel/sdk/metric@v1.44.0/pipeline.go:339:16: inlining call to atomic.(*Pointer[go.shape.struct { github.com/go-logr/logr.sink github.com/go-logr/logr.LogSink; github.com/go-logr/logr.level int }]).Load
/home/jules/go/pkg/mod/go.opentelemetry.io/otel/sdk/metric@v1.44.0/pipeline.go:450:22: inlining call to metric.instID.normalize
/home/jules/go/pkg/mod/go.opentelemetry.io/otel/sdk/metric@v1.44.0/cache.go:29:8: inlining call to sync.(*Mutex).Lock
/home/jules/go/pkg/mod/go.opentelemetry.io/otel/sdk/metric@v1.44.0/cache.go:29:8: inlining call to sync.(*Mutex).Lock
/home/jules/go/pkg/mod/go.opentelemetry.io/otel/sdk/metric@v1.44.0/cache.go:30:16: inlining call to sync.(*Mutex).Unlock
/home/jules/go/pkg/mod/go.opentelemetry.io/otel/sdk/metric@v1.44.0/cache.go:30:16: inlining call to sync.(*Mutex).Unlock
/home/jules/go/pkg/mod/go.opentelemetry.io/otel/sdk/metric@v1.44.0/exemplar.go:27:20: inlining call to reflect.ValueOf
/home/jules/go/pkg/mod/go.opentelemetry.io/otel/sdk/metric@v1.44.0/exemplar.go:27:57: inlining call to reflect.ValueOf
/home/jules/go/pkg/mod/go.opentelemetry.io/otel/sdk/metric@v1.44.0/exemplar.go:31:18: inlining call to reflect.ValueOf
/home/jules/go/pkg/mod/go.opentelemetry.io/otel/sdk/metric@v1.44.0/exemplar.go:31:55: inlining call to reflect.ValueOf
/home/jules/go/pkg/mod/go.opentelemetry.io/otel/sdk/metric@v1.44.0/exemplar.go:27:20: inlining call to reflect.unpackEface
/home/jules/go/pkg/mod/go.opentelemetry.io/otel/sdk/metric@v1.44.0/exemplar.go:27:57: inlining call to reflect.unpackEface
/home/jules/go/pkg/mod/go.opentelemetry.io/otel/sdk/metric@v1.44.0/exemplar.go:31:18: inlining call to reflect.unpackEface
/home/jules/go/pkg/mod/go.opentelemetry.io/otel/sdk/metric@v1.44.0/exemplar.go:31:55: inlining call to reflect.unpackEface
/home/jules/go/pkg/mod/go.opentelemetry.io/otel/sdk/metric@v1.44.0/exemplar.go:27:20: inlining call to abi.(*Type).Kind
/home/jules/go/pkg/mod/go.opentelemetry.io/otel/sdk/metric@v1.44.0/exemplar.go:27:20: inlining call to abi.(*Type).IsDirectIface
/home/jules/go/pkg/mod/go.opentelemetry.io/otel/sdk/metric@v1.44.0/exemplar.go:27:57: inlining call to abi.(*Type).Kind
/home/jules/go/pkg/mod/go.opentelemetry.io/otel/sdk/metric@v1.44.0/exemplar.go:27:57: inlining call to abi.(*Type).IsDirectIface
/home/jules/go/pkg/mod/go.opentelemetry.io/otel/sdk/metric@v1.44.0/exemplar.go:31:18: inlining call to abi.(*Type).Kind
/home/jules/go/pkg/mod/go.opentelemetry.io/otel/sdk/metric@v1.44.0/exemplar.go:31:18: inlining call to abi.(*Type).IsDirectIface
/home/jules/go/pkg/mod/go.opentelemetry.io/otel/sdk/metric@v1.44.0/exemplar.go:31:55: inlining call to abi.(*Type).Kind
/home/jules/go/pkg/mod/go.opentelemetry.io/otel/sdk/metric@v1.44.0/exemplar.go:31:55: inlining call to abi.(*Type).IsDirectIface
/home/jules/go/pkg/mod/go.opentelemetry.io/otel/sdk/metric@v1.44.0/exemplar.go:28:33: inlining call to aggregate.DropReservoir[go.shape.int64]
/home/jules/go/pkg/mod/go.opentelemetry.io/otel/sdk/metric@v1.44.0/exemplar.go:34:33: inlining call to aggregate.DropReservoir[go.shape.int64]
/home/jules/go/pkg/mod/go.opentelemetry.io/otel/sdk/metric@v1.44.0/exemplar.go:37:51: inlining call to aggregate.NewFilteredExemplarReservoir[go.shape.int64]
/home/jules/go/pkg/mod/go.opentelemetry.io/otel/sdk/metric@v1.44.0/internal/aggregate/aggregate.go:57:9: inlining call to aggregate.DropReservoir[go.shape.int64]
/home/jules/go/pkg/mod/go.opentelemetry.io/otel/sdk/metric@v1.44.0/internal/aggregate/atomic.go:84:25: inlining call to math.Float64bits
/home/jules/go/pkg/mod/go.opentelemetry.io/otel/sdk/metric@v1.44.0/internal/aggregate/atomic.go:88:13: inlining call to atomic.(*Uint64).Store
/home/jules/go/pkg/mod/go.opentelemetry.io/otel/sdk/metric@v1.44.0/internal/aggregate/lastvalue.go:49:16: inlining call to aggregate.(*atomicN[go.shape.int64]).Store
/home/jules/go/pkg/mod/go.opentelemetry.io/otel/sdk/metric@v1.44.0/internal/aggregate/lastvalue.go:49:16: inlining call to math.Float64bits
/home/jules/go/pkg/mod/go.opentelemetry.io/otel/sdk/metric@v1.44.0/internal/aggregate/lastvalue.go:49:16: inlining call to atomic.(*Uint64).Store
/home/jules/go/pkg/mod/go.opentelemetry.io/otel/sdk/metric@v1.44.0/internal/aggregate/lastvalue.go:45:16: inlining call to aggregate.(*atomicN[go.shape.int64]).Store
/home/jules/go/pkg/mod/go.opentelemetry.io/otel/sdk/metric@v1.44.0/internal/aggregate/lastvalue.go:45:16: inlining call to math.Float64bits
/home/jules/go/pkg/mod/go.opentelemetry.io/otel/sdk/metric@v1.44.0/internal/aggregate/lastvalue.go:45:16: inlining call to atomic.(*Uint64).Store
/home/jules/go/pkg/mod/go.opentelemetry.io/otel/sdk/metric@v1.44.0/internal/aggregate/lastvalue.go:90:24: inlining call to aggregate.(*hotColdWaitGroup).start
/home/jules/go/pkg/mod/go.opentelemetry.io/otel/sdk/metric@v1.44.0/internal/aggregate/lastvalue.go:90:24: inlining call to atomic.(*Uint64).Add
/home/jules/go/pkg/mod/go.opentelemetry.io/otel/sdk/metric@v1.44.0/internal/aggregate/lastvalue.go:91:19: inlining call to aggregate.(*hotColdWaitGroup).done
/home/jules/go/pkg/mod/go.opentelemetry.io/otel/sdk/metric@v1.44.0/internal/aggregate/lastvalue.go:91:19: inlining call to atomic.(*Uint64).Add
/home/jules/go/pkg/mod/go.opentelemetry.io/otel/sdk/metric@v1.44.0/internal/aggregate/atomic.go:66:17: inlining call to atomic.(*Uint64).Load
/home/jules/go/pkg/mod/go.opentelemetry.io/otel/sdk/metric@v1.44.0/internal/aggregate/atomic.go:71:33: inlining call to math.Float64frombits
/home/jules/go/pkg/mod/go.opentelemetry.io/otel/sdk/metric@v1.44.0/internal/aggregate/exemplar.go:25:15: inlining call to aggregate.reset[go.shape.struct { FilteredAttributes []go.opentelemetry.io/otel/attribute.KeyValue; Time time.Time; Value go.opentelemetry.io/otel/sdk/metric/exemplar.Value; SpanID []uint8 "json:\",omitempty\""; TraceID []uint8 "json:\",omitempty\"" }]
/home/jules/go/pkg/mod/go.opentelemetry.io/otel/sdk/metric@v1.44.0/internal/aggregate/exemplar.go:29:14: inlining call to aggregate.reset[go.shape.struct { FilteredAttributes []go.opentelemetry.io/otel/attribute.KeyValue; Time time.Time; Value go.shape.int64; SpanID []uint8 "json:\",omitempty\""; TraceID []uint8 "json:\",omitempty\"" }]
/home/jules/go/pkg/mod/go.opentelemetry.io/otel/sdk/metric@v1.44.0/internal/aggregate/exemplar.go:36:22: inlining call to exemplar.Value.Type
/home/jules/go/pkg/mod/go.opentelemetry.io/otel/sdk/metric@v1.44.0/internal/aggregate/exemplar.go:38:37: inlining call to exemplar.Value.Int64
/home/jules/go/pkg/mod/go.opentelemetry.io/otel/sdk/metric@v1.44.0/internal/aggregate/exemplar.go:40:39: inlining call to exemplar.Value.Float64
/home/jules/go/pkg/mod/go.opentelemetry.io/otel/sdk/metric@v1.44.0/internal/aggregate/exemplar.go:40:39: inlining call to math.Float64frombits
/home/jules/go/pkg/mod/go.opentelemetry.io/otel/sdk/metric@v1.44.0/internal/aggregate/lastvalue.go:119:15: inlining call to aggregate.reset[go.shape.struct { Attributes go.opentelemetry.io/otel/attribute.Set; StartTime time.Time "json:\",omitempty\""; Time time.Time "json:\",omitempty\""; Value go.shape.int64; Exemplars []go.opentelemetry.io/otel/sdk/metric/metricdata.Exemplar[go.shape.int64] "json:\",omitempty\"" }]
/home/jules/go/pkg/mod/go.opentelemetry.io/otel/sdk/metric@v1.44.0/internal/aggregate/lastvalue.go:122:39: inlining call to sync.(*Map).Range
/home/jules/go/pkg/mod/go.opentelemetry.io/otel/sdk/metric@v1.44.0/internal/aggregate/lastvalue.go:127:31: inlining call to aggregate.(*atomicN[go.shape.int64]).Load
/home/jules/go/pkg/mod/go.opentelemetry.io/otel/sdk/metric@v1.44.0/internal/aggregate/lastvalue.go:127:31: inlining call to atomic.(*Uint64).Load
/home/jules/go/pkg/mod/go.opentelemetry.io/otel/sdk/metric@v1.44.0/internal/aggregate/lastvalue.go:127:31: inlining call to math.Float64frombits
/home/jules/go/pkg/mod/go.opentelemetry.io/otel/sdk/metric@v1.44.0/internal/aggregate/lastvalue.go:168:15: inlining call to aggregate.reset[go.shape.struct { Attributes go.opentelemetry.io/otel/attribute.Set; StartTime time.Time "json:\",omitempty\""; Time time.Time "json:\",omitempty\""; Value go.shape.int64; Exemplars []go.opentelemetry.io/otel/sdk/metric/metricdata.Exemplar[go.shape.int64] "json:\",omitempty\"" }]
/home/jules/go/pkg/mod/go.opentelemetry.io/otel/sdk/metric@v1.44.0/internal/aggregate/lastvalue.go:170:65: inlining call to x.Feature[go.shape.bool].Enabled
/home/jules/go/pkg/mod/go.opentelemetry.io/otel/sdk/metric@v1.44.0/internal/aggregate/lastvalue.go:173:16: inlining call to sync.(*Map).Range
/home/jules/go/pkg/mod/go.opentelemetry.io/otel/sdk/metric@v1.44.0/internal/aggregate/lastvalue.go:184:28: inlining call to aggregate.(*atomicN[go.shape.int64]).Load
/home/jules/go/pkg/mod/go.opentelemetry.io/otel/sdk/metric@v1.44.0/internal/aggregate/lastvalue.go:184:28: inlining call to atomic.(*Uint64).Load
/home/jules/go/pkg/mod/go.opentelemetry.io/otel/sdk/metric@v1.44.0/internal/aggregate/lastvalue.go:184:28: inlining call to math.Float64frombits
/home/jules/go/pkg/mod/go.opentelemetry.io/otel/sdk/metric@v1.44.0/internal/aggregate/aggregate.go:79:59: inlining call to aggregate.Builder[go.shape.int64].resFunc
/home/jules/go/pkg/mod/go.opentelemetry.io/otel/sdk/metric@v1.44.0/internal/aggregate/aggregate.go:80:18: inlining call to aggregate.Builder[go.shape.int64].filter
/home/jules/go/pkg/mod/go.opentelemetry.io/otel/sdk/metric@v1.44.0/internal/aggregate/aggregate.go:82:64: inlining call to aggregate.Builder[go.shape.int64].resFunc
/home/jules/go/pkg/mod/go.opentelemetry.io/otel/sdk/metric@v1.44.0/internal/aggregate/aggregate.go:82:34: inlining call to aggregate.newCumulativeLastValue[go.shape.int64]
/home/jules/go/pkg/mod/go.opentelemetry.io/otel/sdk/metric@v1.44.0/internal/aggregate/aggregate.go:83:18: inlining call to aggregate.Builder[go.shape.int64].filter
/home/jules/go/pkg/mod/go.opentelemetry.io/otel/sdk/metric@v1.44.0/internal/aggregate/aggregate.go:91:64: inlining call to aggregate.Builder[go.shape.int64].resFunc
/home/jules/go/pkg/mod/go.opentelemetry.io/otel/sdk/metric@v1.44.0/internal/aggregate/aggregate.go:91:34: inlining call to aggregate.newPrecomputedLastValue[go.shape.int64]
/home/jules/go/pkg/mod/go.opentelemetry.io/otel/sdk/metric@v1.44.0/internal/aggregate/aggregate.go:94:18: inlining call to aggregate.Builder[go.shape.int64].filter
/home/jules/go/pkg/mod/go.opentelemetry.io/otel/sdk/metric@v1.44.0/internal/aggregate/aggregate.go:96:18: inlining call to aggregate.Builder[go.shape.int64].filter
/home/jules/go/pkg/mod/go.opentelemetry.io/otel/sdk/metric@v1.44.0/internal/aggregate/aggregate.go:94:34: inlining call to aggregate.(*precomputedLastValue[go.shape.int64]).delta
/home/jules/go/pkg/mod/go.opentelemetry.io/otel/sdk/metric@v1.44.0/internal/aggregate/atomic.go:40:13: inlining call to atomic.(*Int64).Add
/home/jules/go/pkg/mod/go.opentelemetry.io/otel/sdk/metric@v1.44.0/internal/aggregate/atomic.go:46:31: inlining call to atomic.(*Uint64).Load
/home/jules/go/pkg/mod/go.opentelemetry.io/otel/sdk/metric@v1.44.0/internal/aggregate/atomic.go:47:51: inlining call to math.Float64frombits
/home/jules/go/pkg/mod/go.opentelemetry.io/otel/sdk/metric@v1.44.0/internal/aggregate/atomic.go:47:30: inlining call to math.Float64bits
/home/jules/go/pkg/mod/go.opentelemetry.io/otel/sdk/metric@v1.44.0/internal/aggregate/atomic.go:48:33: inlining call to atomic.(*Uint64).CompareAndSwap
/home/jules/go/pkg/mod/go.opentelemetry.io/otel/sdk/metric@v1.44.0/internal/aggregate/sum.go:44:10: inlining call to aggregate.(*atomicCounter[go.shape.int64]).add
/home/jules/go/pkg/mod/go.opentelemetry.io/otel/sdk/metric@v1.44.0/internal/aggregate/sum.go:44:10: inlining call to atomic.(*Int64).Add
/home/jules/go/pkg/mod/go.opentelemetry.io/otel/sdk/metric@v1.44.0/internal/aggregate/sum.go:44:10: inlining call to atomic.(*Uint64).Load
/home/jules/go/pkg/mod/go.opentelemetry.io/otel/sdk/metric@v1.44.0/internal/aggregate/sum.go:44:10: inlining call to math.Float64frombits
/home/jules/go/pkg/mod/go.opentelemetry.io/otel/sdk/metric@v1.44.0/internal/aggregate/sum.go:44:10: inlining call to math.Float64bits
/home/jules/go/pkg/mod/go.opentelemetry.io/otel/sdk/metric@v1.44.0/internal/aggregate/sum.go:44:10: inlining call to atomic.(*Uint64).CompareAndSwap
/home/jules/go/pkg/mod/go.opentelemetry.io/otel/sdk/metric@v1.44.0/internal/aggregate/sum.go:87:24: inlining call to aggregate.(*hotColdWaitGroup).start
/home/jules/go/pkg/mod/go.opentelemetry.io/otel/sdk/metric@v1.44.0/internal/aggregate/sum.go:87:24: inlining call to atomic.(*Uint64).Add
/home/jules/go/pkg/mod/go.opentelemetry.io/otel/sdk/metric@v1.44.0/internal/aggregate/sum.go:88:19: inlining call to aggregate.(*hotColdWaitGroup).done
/home/jules/go/pkg/mod/go.opentelemetry.io/otel/sdk/metric@v1.44.0/internal/aggregate/sum.go:88:19: inlining call to atomic.(*Uint64).Add
/home/jules/go/pkg/mod/go.opentelemetry.io/otel/sdk/metric@v1.44.0/internal/aggregate/atomic.go:31:48: inlining call to atomic.(*Uint64).Load
/home/jules/go/pkg/mod/go.opentelemetry.io/otel/sdk/metric@v1.44.0/internal/aggregate/atomic.go:31:30: inlining call to math.Float64frombits
/home/jules/go/pkg/mod/go.opentelemetry.io/otel/sdk/metric@v1.44.0/internal/aggregate/atomic.go:32:21: inlining call to atomic.(*Int64).Load
/home/jules/go/pkg/mod/go.opentelemetry.io/otel/sdk/metric@v1.44.0/internal/aggregate/sum.go:241:15: inlining call to aggregate.reset[go.shape.struct { Attributes go.opentelemetry.io/otel/attribute.Set; StartTime time.Time "json:\",omitempty\""; Time time.Time "json:\",omitempty\""; Value go.shape.int64; Exemplars []go.opentelemetry.io/otel/sdk/metric/metricdata.Exemplar[go.shape.int64] "json:\",omitempty\"" }]
/home/jules/go/pkg/mod/go.opentelemetry.io/otel/sdk/metric@v1.44.0/internal/aggregate/sum.go:244:39: inlining call to sync.(*Map).Range
/home/jules/go/pkg/mod/go.opentelemetry.io/otel/sdk/metric@v1.44.0/internal/aggregate/sum.go:246:18: inlining call to aggregate.(*atomicCounter[go.shape.int64]).load
/home/jules/go/pkg/mod/go.opentelemetry.io/otel/sdk/metric@v1.44.0/internal/aggregate/sum.go:246:18: inlining call to atomic.(*Uint64).Load
/home/jules/go/pkg/mod/go.opentelemetry.io/otel/sdk/metric@v1.44.0/internal/aggregate/sum.go:246:18: inlining call to math.Float64frombits
/home/jules/go/pkg/mod/go.opentelemetry.io/otel/sdk/metric@v1.44.0/internal/aggregate/sum.go:246:18: inlining call to atomic.(*Int64).Load
/home/jules/go/pkg/mod/go.opentelemetry.io/otel/sdk/metric@v1.44.0/internal/aggregate/sum.go:285:15: inlining call to aggregate.reset[go.shape.struct { Attributes go.opentelemetry.io/otel/attribute.Set; StartTime time.Time "json:\",omitempty\""; Time time.Time "json:\",omitempty\""; Value go.shape.int64; Exemplars []go.opentelemetry.io/otel/sdk/metric/metricdata.Exemplar[go.shape.int64] "json:\",omitempty\"" }]
/home/jules/go/pkg/mod/go.opentelemetry.io/otel/sdk/metric@v1.44.0/internal/aggregate/sum.go:288:39: inlining call to sync.(*Map).Range
/home/jules/go/pkg/mod/go.opentelemetry.io/otel/sdk/metric@v1.44.0/internal/aggregate/sum.go:294:29: inlining call to aggregate.(*atomicCounter[go.shape.int64]).load
/home/jules/go/pkg/mod/go.opentelemetry.io/otel/sdk/metric@v1.44.0/internal/aggregate/sum.go:294:29: inlining call to atomic.(*Uint64).Load
/home/jules/go/pkg/mod/go.opentelemetry.io/otel/sdk/metric@v1.44.0/internal/aggregate/sum.go:294:29: inlining call to math.Float64frombits
/home/jules/go/pkg/mod/go.opentelemetry.io/otel/sdk/metric@v1.44.0/internal/aggregate/sum.go:294:29: inlining call to atomic.(*Int64).Load
/home/jules/go/pkg/mod/go.opentelemetry.io/otel/sdk/metric@v1.44.0/internal/aggregate/aggregate.go:103:68: inlining call to aggregate.Builder[go.shape.int64].resFunc
/home/jules/go/pkg/mod/go.opentelemetry.io/otel/sdk/metric@v1.44.0/internal/aggregate/aggregate.go:103:27: inlining call to aggregate.newPrecomputedSum[go.shape.int64]
/home/jules/go/pkg/mod/go.opentelemetry.io/otel/sdk/metric@v1.44.0/internal/aggregate/aggregate.go:106:18: inlining call to aggregate.Builder[go.shape.int64].filter
/home/jules/go/pkg/mod/go.opentelemetry.io/otel/sdk/metric@v1.44.0/internal/aggregate/aggregate.go:108:18: inlining call to aggregate.Builder[go.shape.int64].filter
/home/jules/go/pkg/mod/go.opentelemetry.io/otel/sdk/metric@v1.44.0/internal/aggregate/sum.go:108:15: inlining call to aggregate.reset[go.shape.struct { Attributes go.opentelemetry.io/otel/attribute.Set; StartTime time.Time "json:\",omitempty\""; Time time.Time "json:\",omitempty\""; Value go.shape.int64; Exemplars []go.opentelemetry.io/otel/sdk/metric/metricdata.Exemplar[go.shape.int64] "json:\",omitempty\"" }]
/home/jules/go/pkg/mod/go.opentelemetry.io/otel/sdk/metric@v1.44.0/internal/aggregate/sum.go:111:39: inlining call to sync.(*Map).Range
/home/jules/go/pkg/mod/go.opentelemetry.io/otel/sdk/metric@v1.44.0/internal/aggregate/sum.go:117:29: inlining call to aggregate.(*atomicCounter[go.shape.int64]).load
/home/jules/go/pkg/mod/go.opentelemetry.io/otel/sdk/metric@v1.44.0/internal/aggregate/sum.go:117:29: inlining call to atomic.(*Uint64).Load
/home/jules/go/pkg/mod/go.opentelemetry.io/otel/sdk/metric@v1.44.0/internal/aggregate/sum.go:117:29: inlining call to math.Float64frombits
/home/jules/go/pkg/mod/go.opentelemetry.io/otel/sdk/metric@v1.44.0/internal/aggregate/sum.go:117:29: inlining call to atomic.(*Int64).Load
/home/jules/go/pkg/mod/go.opentelemetry.io/otel/sdk/metric@v1.44.0/internal/aggregate/sum.go:170:15: inlining call to aggregate.reset[go.shape.struct { Attributes go.opentelemetry.io/otel/attribute.Set; StartTime time.Time "json:\",omitempty\""; Time time.Time "json:\",omitempty\""; Value go.shape.int64; Exemplars []go.opentelemetry.io/otel/sdk/metric/metricdata.Exemplar[go.shape.int64] "json:\",omitempty\"" }]
/home/jules/go/pkg/mod/go.opentelemetry.io/otel/sdk/metric@v1.44.0/internal/aggregate/sum.go:172:65: inlining call to x.Feature[go.shape.bool].Enabled
/home/jules/go/pkg/mod/go.opentelemetry.io/otel/sdk/metric@v1.44.0/internal/aggregate/sum.go:175:16: inlining call to sync.(*Map).Range
/home/jules/go/pkg/mod/go.opentelemetry.io/otel/sdk/metric@v1.44.0/internal/aggregate/sum.go:186:26: inlining call to aggregate.(*atomicCounter[go.shape.int64]).load
/home/jules/go/pkg/mod/go.opentelemetry.io/otel/sdk/metric@v1.44.0/internal/aggregate/sum.go:186:26: inlining call to atomic.(*Uint64).Load
/home/jules/go/pkg/mod/go.opentelemetry.io/otel/sdk/metric@v1.44.0/internal/aggregate/sum.go:186:26: inlining call to math.Float64frombits
/home/jules/go/pkg/mod/go.opentelemetry.io/otel/sdk/metric@v1.44.0/internal/aggregate/sum.go:186:26: inlining call to atomic.(*Int64).Load
/home/jules/go/pkg/mod/go.opentelemetry.io/otel/sdk/metric@v1.44.0/internal/aggregate/aggregate.go:116:63: inlining call to aggregate.Builder[go.shape.int64].resFunc
/home/jules/go/pkg/mod/go.opentelemetry.io/otel/sdk/metric@v1.44.0/internal/aggregate/aggregate.go:117:18: inlining call to aggregate.Builder[go.shape.int64].filter
/home/jules/go/pkg/mod/go.opentelemetry.io/otel/sdk/metric@v1.44.0/internal/aggregate/aggregate.go:119:68: inlining call to aggregate.Builder[go.shape.int64].resFunc
/home/jules/go/pkg/mod/go.opentelemetry.io/otel/sdk/metric@v1.44.0/internal/aggregate/aggregate.go:119:27: inlining call to aggregate.newCumulativeSum[go.shape.int64]
/home/jules/go/pkg/mod/go.opentelemetry.io/otel/sdk/metric@v1.44.0/internal/aggregate/aggregate.go:120:18: inlining call to aggregate.Builder[go.shape.int64].filter
/home/jules/go/pkg/mod/golang.org/toolchain@v0.0.1-go1.26.5.linux-amd64/src/cmp/cmp.go:29:15: inlining call to cmp.isNaN[go.shape.float64]
/home/jules/go/pkg/mod/golang.org/toolchain@v0.0.1-go1.26.5.linux-amd64/src/cmp/cmp.go:29:28: inlining call to cmp.isNaN[go.shape.float64]
/home/jules/go/pkg/mod/golang.org/toolchain@v0.0.1-go1.26.5.linux-amd64/src/slices/zsortordered.go:14:32: inlining call to cmp.Less[go.shape.float64]
/home/jules/go/pkg/mod/golang.org/toolchain@v0.0.1-go1.26.5.linux-amd64/src/slices/zsortordered.go:14:32: inlining call to cmp.isNaN[go.shape.float64]
/home/jules/go/pkg/mod/golang.org/toolchain@v0.0.1-go1.26.5.linux-amd64/src/slices/zsortordered.go:14:32: inlining call to cmp.isNaN[go.shape.float64]
/home/jules/go/pkg/mod/golang.org/toolchain@v0.0.1-go1.26.5.linux-amd64/src/slices/zsortordered.go:29:30: inlining call to cmp.Less[go.shape.float64]
/home/jules/go/pkg/mod/golang.org/toolchain@v0.0.1-go1.26.5.linux-amd64/src/slices/zsortordered.go:32:15: inlining call to cmp.Less[go.shape.float64]
/home/jules/go/pkg/mod/golang.org/toolchain@v0.0.1-go1.26.5.linux-amd64/src/slices/zsortordered.go:29:30: inlining call to cmp.isNaN[go.shape.float64]
/home/jules/go/pkg/mod/golang.org/toolchain@v0.0.1-go1.26.5.linux-amd64/src/slices/zsortordered.go:29:30: inlining call to cmp.isNaN[go.shape.float64]
/home/jules/go/pkg/mod/golang.org/toolchain@v0.0.1-go1.26.5.linux-amd64/src/slices/zsortordered.go:32:15: inlining call to cmp.isNaN[go.shape.float64]
/home/jules/go/pkg/mod/golang.org/toolchain@v0.0.1-go1.26.5.linux-amd64/src/slices/zsortordered.go:32:15: inlining call to cmp.isNaN[go.shape.float64]
/home/jules/go/pkg/mod/golang.org/toolchain@v0.0.1-go1.26.5.linux-amd64/src/slices/zsortordered.go:246:28: inlining call to slices.nextPowerOfTwo
/home/jules/go/pkg/mod/golang.org/toolchain@v0.0.1-go1.26.5.linux-amd64/src/slices/zsortordered.go:249:33: inlining call to slices.(*xorshift).Next
/home/jules/go/pkg/mod/golang.org/toolchain@v0.0.1-go1.26.5.linux-amd64/src/slices/zsortordered.go:301:13: inlining call to cmp.Less[go.shape.float64]
/home/jules/go/pkg/mod/golang.org/toolchain@v0.0.1-go1.26.5.linux-amd64/src/slices/zsortordered.go:301:13: inlining call to cmp.isNaN[go.shape.float64]
/home/jules/go/pkg/mod/golang.org/toolchain@v0.0.1-go1.26.5.linux-amd64/src/slices/zsortordered.go:301:13: inlining call to cmp.isNaN[go.shape.float64]
/home/jules/go/pkg/mod/golang.org/toolchain@v0.0.1-go1.26.5.linux-amd64/src/slices/zsortordered.go:310:22: inlining call to slices.order2Ordered[go.shape.float64]
/home/jules/go/pkg/mod/golang.org/toolchain@v0.0.1-go1.26.5.linux-amd64/src/slices/zsortordered.go:311:22: inlining call to slices.order2Ordered[go.shape.float64]
/home/jules/go/pkg/mod/golang.org/toolchain@v0.0.1-go1.26.5.linux-amd64/src/slices/zsortordered.go:312:22: inlining call to slices.order2Ordered[go.shape.float64]
/home/jules/go/pkg/mod/golang.org/toolchain@v0.0.1-go1.26.5.linux-amd64/src/slices/zsortordered.go:310:22: inlining call to cmp.Less[go.shape.float64]
/home/jules/go/pkg/mod/golang.org/toolchain@v0.0.1-go1.26.5.linux-amd64/src/slices/zsortordered.go:311:22: inlining call to cmp.Less[go.shape.float64]
/home/jules/go/pkg/mod/golang.org/toolchain@v0.0.1-go1.26.5.linux-amd64/src/slices/zsortordered.go:312:22: inlining call to cmp.Less[go.shape.float64]
/home/jules/go/pkg/mod/golang.org/toolchain@v0.0.1-go1.26.5.linux-amd64/src/slices/zsortordered.go:310:22: inlining call to cmp.isNaN[go.shape.float64]
/home/jules/go/pkg/mod/golang.org/toolchain@v0.0.1-go1.26.5.linux-amd64/src/slices/zsortordered.go:310:22: inlining call to cmp.isNaN[go.shape.float64]
/home/jules/go/pkg/mod/golang.org/toolchain@v0.0.1-go1.26.5.linux-amd64/src/slices/zsortordered.go:311:22: inlining call to cmp.isNaN[go.shape.float64]
/home/jules/go/pkg/mod/golang.org/toolchain@v0.0.1-go1.26.5.linux-amd64/src/slices/zsortordered.go:311:22: inlining call to cmp.isNaN[go.shape.float64]
/home/jules/go/pkg/mod/golang.org/toolchain@v0.0.1-go1.26.5.linux-amd64/src/slices/zsortordered.go:312:22: inlining call to cmp.isNaN[go.shape.float64]
/home/jules/go/pkg/mod/golang.org/toolchain@v0.0.1-go1.26.5.linux-amd64/src/slices/zsortordered.go:312:22: inlining call to cmp.isNaN[go.shape.float64]
/home/jules/go/pkg/mod/golang.org/toolchain@v0.0.1-go1.26.5.linux-amd64/src/slices/zsortordered.go:281:29: inlining call to slices.medianAdjacentOrdered[go.shape.float64]
/home/jules/go/pkg/mod/golang.org/toolchain@v0.0.1-go1.26.5.linux-amd64/src/slices/zsortordered.go:282:29: inlining call to slices.medianAdjacentOrdered[go.shape.float64]
/home/jules/go/pkg/mod/golang.org/toolchain@v0.0.1-go1.26.5.linux-amd64/src/slices/zsortordered.go:283:29: inlining call to slices.medianAdjacentOrdered[go.shape.float64]
/home/jules/go/pkg/mod/golang.org/toolchain@v0.0.1-go1.26.5.linux-amd64/src/slices/zsortordered.go:204:25: inlining call to cmp.Less[go.shape.float64]
/home/jules/go/pkg/mod/golang.org/toolchain@v0.0.1-go1.26.5.linux-amd64/src/slices/zsortordered.go:221:17: inlining call to cmp.Less[go.shape.float64]
/home/jules/go/pkg/mod/golang.org/toolchain@v0.0.1-go1.26.5.linux-amd64/src/slices/zsortordered.go:230:17: inlining call to cmp.Less[go.shape.float64]
/home/jules/go/pkg/mod/golang.org/toolchain@v0.0.1-go1.26.5.linux-amd64/src/slices/zsortordered.go:204:25: inlining call to cmp.isNaN[go.shape.float64]
/home/jules/go/pkg/mod/golang.org/toolchain@v0.0.1-go1.26.5.linux-amd64/src/slices/zsortordered.go:204:25: inlining call to cmp.isNaN[go.shape.float64]
/home/jules/go/pkg/mod/golang.org/toolchain@v0.0.1-go1.26.5.linux-amd64/src/slices/zsortordered.go:221:17: inlining call to cmp.isNaN[go.shape.float64]
/home/jules/go/pkg/mod/golang.org/toolchain@v0.0.1-go1.26.5.linux-amd64/src/slices/zsortordered.go:221:17: inlining call to cmp.isNaN[go.shape.float64]
/home/jules/go/pkg/mod/golang.org/toolchain@v0.0.1-go1.26.5.linux-amd64/src/slices/zsortordered.go:230:17: inlining call to cmp.isNaN[go.shape.float64]
/home/jules/go/pkg/mod/golang.org/toolchain@v0.0.1-go1.26.5.linux-amd64/src/slices/zsortordered.go:230:17: inlining call to cmp.isNaN[go.shape.float64]
/home/jules/go/pkg/mod/golang.org/toolchain@v0.0.1-go1.26.5.linux-amd64/src/slices/zsortordered.go:180:26: inlining call to cmp.Less[go.shape.float64]
/home/jules/go/pkg/mod/golang.org/toolchain@v0.0.1-go1.26.5.linux-amd64/src/slices/zsortordered.go:183:25: inlining call to cmp.Less[go.shape.float64]
/home/jules/go/pkg/mod/golang.org/toolchain@v0.0.1-go1.26.5.linux-amd64/src/slices/zsortordered.go:180:26: inlining call to cmp.isNaN[go.shape.float64]
/home/jules/go/pkg/mod/golang.org/toolchain@v0.0.1-go1.26.5.linux-amd64/src/slices/zsortordered.go:180:26: inlining call to cmp.isNaN[go.shape.float64]
/home/jules/go/pkg/mod/golang.org/toolchain@v0.0.1-go1.26.5.linux-amd64/src/slices/zsortordered.go:183:25: inlining call to cmp.isNaN[go.shape.float64]
/home/jules/go/pkg/mod/golang.org/toolchain@v0.0.1-go1.26.5.linux-amd64/src/slices/zsortordered.go:183:25: inlining call to cmp.isNaN[go.shape.float64]
/home/jules/go/pkg/mod/golang.org/toolchain@v0.0.1-go1.26.5.linux-amd64/src/slices/zsortordered.go:141:24: inlining call to cmp.Less[go.shape.float64]
/home/jules/go/pkg/mod/golang.org/toolchain@v0.0.1-go1.26.5.linux-amd64/src/slices/zsortordered.go:144:25: inlining call to cmp.Less[go.shape.float64]
/home/jules/go/pkg/mod/golang.org/toolchain@v0.0.1-go1.26.5.linux-amd64/src/slices/zsortordered.go:156:25: inlining call to cmp.Less[go.shape.float64]
/home/jules/go/pkg/mod/golang.org/toolchain@v0.0.1-go1.26.5.linux-amd64/src/slices/zsortordered.go:159:26: inlining call to cmp.Less[go.shape.float64]
/home/jules/go/pkg/mod/golang.org/toolchain@v0.0.1-go1.26.5.linux-amd64/src/slices/zsortordered.go:141:24: inlining call to cmp.isNaN[go.shape.float64]
/home/jules/go/pkg/mod/golang.org/toolchain@v0.0.1-go1.26.5.linux-amd64/src/slices/zsortordered.go:141:24: inlining call to cmp.isNaN[go.shape.float64]
/home/jules/go/pkg/mod/golang.org/toolchain@v0.0.1-go1.26.5.linux-amd64/src/slices/zsortordered.go:144:25: inlining call to cmp.isNaN[go.shape.float64]
/home/jules/go/pkg/mod/golang.org/toolchain@v0.0.1-go1.26.5.linux-amd64/src/slices/zsortordered.go:144:25: inlining call to cmp.isNaN[go.shape.float64]
/home/jules/go/pkg/mod/golang.org/toolchain@v0.0.1-go1.26.5.linux-amd64/src/slices/zsortordered.go:156:25: inlining call to cmp.isNaN[go.shape.float64]
/home/jules/go/pkg/mod/golang.org/toolchain@v0.0.1-go1.26.5.linux-amd64/src/slices/zsortordered.go:156:25: inlining call to cmp.isNaN[go.shape.float64]
/home/jules/go/pkg/mod/golang.org/toolchain@v0.0.1-go1.26.5.linux-amd64/src/slices/zsortordered.go:159:26: inlining call to cmp.isNaN[go.shape.float64]
/home/jules/go/pkg/mod/golang.org/toolchain@v0.0.1-go1.26.5.linux-amd64/src/slices/zsortordered.go:159:26: inlining call to cmp.isNaN[go.shape.float64]
/home/jules/go/pkg/mod/golang.org/toolchain@v0.0.1-go1.26.5.linux-amd64/src/slices/zsortordered.go:93:23: inlining call to slices.reverseRangeOrdered[go.shape.float64]
/home/jules/go/pkg/mod/golang.org/toolchain@v0.0.1-go1.26.5.linux-amd64/src/slices/zsortordered.go:110:24: inlining call to cmp.Less[go.shape.float64]
/home/jules/go/pkg/mod/golang.org/toolchain@v0.0.1-go1.26.5.linux-amd64/src/slices/zsortordered.go:110:24: inlining call to cmp.isNaN[go.shape.float64]
/home/jules/go/pkg/mod/golang.org/toolchain@v0.0.1-go1.26.5.linux-amd64/src/slices/zsortordered.go:110:24: inlining call to cmp.isNaN[go.shape.float64]
/home/jules/go/pkg/mod/go.opentelemetry.io/otel/sdk/metric@v1.44.0/internal/aggregate/histogram.go:166:19: inlining call to slices.Clone[go.shape.[]float64,go.shape.float64]
/home/jules/go/pkg/mod/go.opentelemetry.io/otel/sdk/metric@v1.44.0/internal/aggregate/histogram.go:167:13: inlining call to slices.Sort[go.shape.[]float64,go.shape.float64]
/home/jules/go/pkg/mod/go.opentelemetry.io/otel/sdk/metric@v1.44.0/internal/aggregate/atomic.go:112:11: inlining call to sync.(*Mutex).Lock
/home/jules/go/pkg/mod/go.opentelemetry.io/otel/sdk/metric@v1.44.0/internal/aggregate/atomic.go:114:16: inlining call to atomic.(*Bool).Load
/home/jules/go/pkg/mod/go.opentelemetry.io/otel/sdk/metric@v1.44.0/internal/aggregate/atomic.go:116:18: inlining call to aggregate.(*atomicN[go.shape.int64]).Store
/home/jules/go/pkg/mod/go.opentelemetry.io/otel/sdk/metric@v1.44.0/internal/aggregate/atomic.go:117:18: inlining call to aggregate.(*atomicN[go.shape.int64]).Store
/home/jules/go/pkg/mod/go.opentelemetry.io/otel/sdk/metric@v1.44.0/internal/aggregate/atomic.go:112:11: inlining call to sync.(*Mutex).Lock
/home/jules/go/pkg/mod/go.opentelemetry.io/otel/sdk/metric@v1.44.0/internal/aggregate/atomic.go:116:18: inlining call to math.Float64bits
/home/jules/go/pkg/mod/go.opentelemetry.io/otel/sdk/metric@v1.44.0/internal/aggregate/atomic.go:116:18: inlining call to atomic.(*Uint64).Store
/home/jules/go/pkg/mod/go.opentelemetry.io/otel/sdk/metric@v1.44.0/internal/aggregate/atomic.go:117:18: inlining call to math.Float64bits
/home/jules/go/pkg/mod/go.opentelemetry.io/otel/sdk/metric@v1.44.0/internal/aggregate/atomic.go:117:18: inlining call to atomic.(*Uint64).Store
/home/jules/go/pkg/mod/go.opentelemetry.io/otel/sdk/metric@v1.44.0/internal/aggregate/atomic.go:113:19: inlining call to sync.(*Mutex).Unlock
/home/jules/go/pkg/mod/go.opentelemetry.io/otel/sdk/metric@v1.44.0/internal/aggregate/atomic.go:113:19: inlining call to sync.(*Mutex).Unlock
/home/jules/go/pkg/mod/go.opentelemetry.io/otel/sdk/metric@v1.44.0/internal/aggregate/atomic.go:115:20: inlining call to atomic.(*Bool).Store
/home/jules/go/pkg/mod/go.opentelemetry.io/otel/sdk/metric@v1.44.0/internal/aggregate/atomic.go:115:20: inlining call to atomic.b32
/home/jules/go/pkg/mod/go.opentelemetry.io/otel/sdk/metric@v1.44.0/internal/aggregate/atomic.go:97:26: inlining call to math.Float64bits
/home/jules/go/pkg/mod/go.opentelemetry.io/otel/sdk/metric@v1.44.0/internal/aggregate/atomic.go:97:59: inlining call to math.Float64bits
/home/jules/go/pkg/mod/go.opentelemetry.io/otel/sdk/metric@v1.44.0/internal/aggregate/atomic.go:101:29: inlining call to atomic.(*Uint64).CompareAndSwap
/home/jules/go/pkg/mod/go.opentelemetry.io/otel/sdk/metric@v1.44.0/internal/aggregate/atomic.go:124:16: inlining call to atomic.(*Bool).Load
/home/jules/go/pkg/mod/go.opentelemetry.io/otel/sdk/metric@v1.44.0/internal/aggregate/atomic.go:128:23: inlining call to aggregate.(*atomicN[go.shape.int64]).Load
/home/jules/go/pkg/mod/go.opentelemetry.io/otel/sdk/metric@v1.44.0/internal/aggregate/atomic.go:130:30: inlining call to aggregate.(*atomicN[go.shape.int64]).CompareAndSwap
/home/jules/go/pkg/mod/go.opentelemetry.io/otel/sdk/metric@v1.44.0/internal/aggregate/atomic.go:133:23: inlining call to aggregate.(*atomicN[go.shape.int64]).Load
/home/jules/go/pkg/mod/go.opentelemetry.io/otel/sdk/metric@v1.44.0/internal/aggregate/atomic.go:136:22: inlining call to aggregate.(*atomicN[go.shape.int64]).Load
/home/jules/go/pkg/mod/go.opentelemetry.io/otel/sdk/metric@v1.44.0/internal/aggregate/atomic.go:138:30: inlining call to aggregate.(*atomicN[go.shape.int64]).CompareAndSwap
/home/jules/go/pkg/mod/go.opentelemetry.io/otel/sdk/metric@v1.44.0/internal/aggregate/atomic.go:141:23: inlining call to aggregate.(*atomicN[go.shape.int64]).Load
/home/jules/go/pkg/mod/go.opentelemetry.io/otel/sdk/metric@v1.44.0/internal/aggregate/atomic.go:128:23: inlining call to atomic.(*Uint64).Load
/home/jules/go/pkg/mod/go.opentelemetry.io/otel/sdk/metric@v1.44.0/internal/aggregate/atomic.go:128:23: inlining call to math.Float64frombits
/home/jules/go/pkg/mod/go.opentelemetry.io/otel/sdk/metric@v1.44.0/internal/aggregate/atomic.go:130:30: inlining call to math.Float64bits
/home/jules/go/pkg/mod/go.opentelemetry.io/otel/sdk/metric@v1.44.0/internal/aggregate/atomic.go:130:30: inlining call to math.Float64bits
/home/jules/go/pkg/mod/go.opentelemetry.io/otel/sdk/metric@v1.44.0/internal/aggregate/atomic.go:130:30: inlining call to atomic.(*Uint64).CompareAndSwap
/home/jules/go/pkg/mod/go.opentelemetry.io/otel/sdk/metric@v1.44.0/internal/aggregate/atomic.go:133:23: inlining call to atomic.(*Uint64).Load
/home/jules/go/pkg/mod/go.opentelemetry.io/otel/sdk/metric@v1.44.0/internal/aggregate/atomic.go:133:23: inlining call to math.Float64frombits
/home/jules/go/pkg/mod/go.opentelemetry.io/otel/sdk/metric@v1.44.0/internal/aggregate/atomic.go:136:22: inlining call to atomic.(*Uint64).Load
/home/jules/go/pkg/mod/go.opentelemetry.io/otel/sdk/metric@v1.44.0/internal/aggregate/atomic.go:136:22: inlining call to math.Float64frombits
/home/jules/go/pkg/mod/go.opentelemetry.io/otel/sdk/metric@v1.44.0/internal/aggregate/atomic.go:138:30: inlining call to math.Float64bits
/home/jules/go/pkg/mod/go.opentelemetry.io/otel/sdk/metric@v1.44.0/internal/aggregate/atomic.go:138:30: inlining call to math.Float64bits
/home/jules/go/pkg/mod/go.opentelemetry.io/otel/sdk/metric@v1.44.0/internal/aggregate/atomic.go:138:30: inlining call to atomic.(*Uint64).CompareAndSwap
/home/jules/go/pkg/mod/go.opentelemetry.io/otel/sdk/metric@v1.44.0/internal/aggregate/atomic.go:141:23: inlining call to atomic.(*Uint64).Load
/home/jules/go/pkg/mod/go.opentelemetry.io/otel/sdk/metric@v1.44.0/internal/aggregate/atomic.go:141:23: inlining call to math.Float64frombits
/home/jules/go/pkg/mod/go.opentelemetry.io/otel/sdk/metric@v1.44.0/internal/aggregate/histogram.go:115:24: inlining call to aggregate.(*hotColdWaitGroup).start
/home/jules/go/pkg/mod/go.opentelemetry.io/otel/sdk/metric@v1.44.0/internal/aggregate/histogram.go:142:19: inlining call to atomic.(*Uint64).Add
/home/jules/go/pkg/mod/go.opentelemetry.io/otel/sdk/metric@v1.44.0/internal/aggregate/histogram.go:147:14: inlining call to aggregate.(*atomicCounter[go.shape.int64]).add
/home/jules/go/pkg/mod/go.opentelemetry.io/otel/sdk/metric@v1.44.0/internal/aggregate/histogram.go:115:24: inlining call to atomic.(*Uint64).Add
/home/jules/go/pkg/mod/go.opentelemetry.io/otel/sdk/metric@v1.44.0/internal/aggregate/histogram.go:147:14: inlining call to atomic.(*Int64).Add
/home/jules/go/pkg/mod/go.opentelemetry.io/otel/sdk/metric@v1.44.0/internal/aggregate/histogram.go:147:14: inlining call to atomic.(*Uint64).Load
/home/jules/go/pkg/mod/go.opentelemetry.io/otel/sdk/metric@v1.44.0/internal/aggregate/histogram.go:147:14: inlining call to math.Float64frombits
/home/jules/go/pkg/mod/go.opentelemetry.io/otel/sdk/metric@v1.44.0/internal/aggregate/histogram.go:147:14: inlining call to math.Float64bits
/home/jules/go/pkg/mod/go.opentelemetry.io/otel/sdk/metric@v1.44.0/internal/aggregate/histogram.go:147:14: inlining call to atomic.(*Uint64).CompareAndSwap
/home/jules/go/pkg/mod/go.opentelemetry.io/otel/sdk/metric@v1.44.0/internal/aggregate/histogram.go:116:19: inlining call to aggregate.(*hotColdWaitGroup).done
/home/jules/go/pkg/mod/go.opentelemetry.io/otel/sdk/metric@v1.44.0/internal/aggregate/histogram.go:116:19: inlining call to atomic.(*Uint64).Add
/home/jules/go/pkg/mod/go.opentelemetry.io/otel/sdk/metric@v1.44.0/internal/aggregate/histogram.go:49:17: inlining call to aggregate.reset[go.shape.uint64]
/home/jules/go/pkg/mod/go.opentelemetry.io/otel/sdk/metric@v1.44.0/internal/aggregate/histogram.go:52:24: inlining call to atomic.(*Uint64).Load
/home/jules/go/pkg/mod/go.opentelemetry.io/otel/sdk/metric@v1.44.0/internal/aggregate/histogram.go:195:24: inlining call to slices.Clone[go.shape.[]float64,go.shape.float64]
/home/jules/go/pkg/mod/go.opentelemetry.io/otel/sdk/metric@v1.44.0/internal/aggregate/histogram.go:200:16: inlining call to aggregate.reset[go.shape.struct { Attributes go.opentelemetry.io/otel/attribute.Set; StartTime time.Time; Time time.Time; Count uint64; Bounds []float64; BucketCounts []uint64; Min go.opentelemetry.io/otel/sdk/metric/metricdata.Extrema[go.shape.int64]; Max go.opentelemetry.io/otel/sdk/metric/metricdata.Extrema[go.shape.int64]; Sum go.shape.int64; Exemplars []go.opentelemetry.io/otel/sdk/metric/metricdata.Exemplar[go.shape.int64] "json:\",omitempty\"" }]
/home/jules/go/pkg/mod/go.opentelemetry.io/otel/sdk/metric@v1.44.0/internal/aggregate/histogram.go:203:32: inlining call to sync.(*Map).Range
/home/jules/go/pkg/mod/go.opentelemetry.io/otel/sdk/metric@v1.44.0/internal/aggregate/histogram.go:206:30: inlining call to aggregate.(*histogramPointCounters[go.shape.int64]).loadCountsInto
/home/jules/go/pkg/mod/go.opentelemetry.io/otel/sdk/metric@v1.44.0/internal/aggregate/histogram.go:214:33: inlining call to aggregate.(*atomicCounter[go.shape.int64]).load
/home/jules/go/pkg/mod/go.opentelemetry.io/otel/sdk/metric@v1.44.0/internal/aggregate/histogram.go:218:26: inlining call to atomic.(*Bool).Load
/home/jules/go/pkg/mod/go.opentelemetry.io/otel/sdk/metric@v1.44.0/internal/aggregate/histogram.go:219:65: inlining call to aggregate.(*atomicN[go.shape.int64]).Load
/home/jules/go/pkg/mod/go.opentelemetry.io/otel/sdk/metric@v1.44.0/internal/aggregate/histogram.go:219:41: inlining call to metricdata.NewExtrema[go.shape.int64]
/home/jules/go/pkg/mod/go.opentelemetry.io/otel/sdk/metric@v1.44.0/internal/aggregate/histogram.go:220:65: inlining call to aggregate.(*atomicN[go.shape.int64]).Load
/home/jules/go/pkg/mod/go.opentelemetry.io/otel/sdk/metric@v1.44.0/internal/aggregate/histogram.go:220:41: inlining call to metricdata.NewExtrema[go.shape.int64]
/home/jules/go/pkg/mod/go.opentelemetry.io/otel/sdk/metric@v1.44.0/internal/aggregate/histogram.go:206:30: inlining call to aggregate.reset[go.shape.uint64]
/home/jules/go/pkg/mod/go.opentelemetry.io/otel/sdk/metric@v1.44.0/internal/aggregate/histogram.go:206:30: inlining call to atomic.(*Uint64).Load
/home/jules/go/pkg/mod/go.opentelemetry.io/otel/sdk/metric@v1.44.0/internal/aggregate/histogram.go:214:33: inlining call to atomic.(*Uint64).Load
/home/jules/go/pkg/mod/go.opentelemetry.io/otel/sdk/metric@v1.44.0/internal/aggregate/histogram.go:214:33: inlining call to math.Float64frombits
/home/jules/go/pkg/mod/go.opentelemetry.io/otel/sdk/metric@v1.44.0/internal/aggregate/histogram.go:214:33: inlining call to atomic.(*Int64).Load
/home/jules/go/pkg/mod/go.opentelemetry.io/otel/sdk/metric@v1.44.0/internal/aggregate/histogram.go:219:65: inlining call to atomic.(*Uint64).Load
/home/jules/go/pkg/mod/go.opentelemetry.io/otel/sdk/metric@v1.44.0/internal/aggregate/histogram.go:219:65: inlining call to math.Float64frombits
/home/jules/go/pkg/mod/go.opentelemetry.io/otel/sdk/metric@v1.44.0/internal/aggregate/histogram.go:220:65: inlining call to atomic.(*Uint64).Load
/home/jules/go/pkg/mod/go.opentelemetry.io/otel/sdk/metric@v1.44.0/internal/aggregate/histogram.go:220:65: inlining call to math.Float64frombits
/home/jules/go/pkg/mod/go.opentelemetry.io/otel/sdk/metric@v1.44.0/internal/aggregate/histogram.go:273:19: inlining call to slices.Clone[go.shape.[]float64,go.shape.float64]
/home/jules/go/pkg/mod/go.opentelemetry.io/otel/sdk/metric@v1.44.0/internal/aggregate/histogram.go:274:13: inlining call to slices.Sort[go.shape.[]float64,go.shape.float64]
/home/jules/go/pkg/mod/go.opentelemetry.io/otel/sdk/metric@v1.44.0/internal/aggregate/histogram.go:325:24: inlining call to aggregate.(*hotColdWaitGroup).start
/home/jules/go/pkg/mod/go.opentelemetry.io/otel/sdk/metric@v1.44.0/internal/aggregate/histogram.go:328:40: inlining call to atomic.(*Uint64).Add
/home/jules/go/pkg/mod/go.opentelemetry.io/otel/sdk/metric@v1.44.0/internal/aggregate/histogram.go:333:35: inlining call to aggregate.(*atomicCounter[go.shape.int64]).add
/home/jules/go/pkg/mod/go.opentelemetry.io/otel/sdk/metric@v1.44.0/internal/aggregate/histogram.go:325:24: inlining call to atomic.(*Uint64).Add
/home/jules/go/pkg/mod/go.opentelemetry.io/otel/sdk/metric@v1.44.0/internal/aggregate/histogram.go:333:35: inlining call to atomic.(*Int64).Add
/home/jules/go/pkg/mod/go.opentelemetry.io/otel/sdk/metric@v1.44.0/internal/aggregate/histogram.go:333:35: inlining call to atomic.(*Uint64).Load
/home/jules/go/pkg/mod/go.opentelemetry.io/otel/sdk/metric@v1.44.0/internal/aggregate/histogram.go:333:35: inlining call to math.Float64frombits
/home/jules/go/pkg/mod/go.opentelemetry.io/otel/sdk/metric@v1.44.0/internal/aggregate/histogram.go:333:35: inlining call to math.Float64bits
/home/jules/go/pkg/mod/go.opentelemetry.io/otel/sdk/metric@v1.44.0/internal/aggregate/histogram.go:333:35: inlining call to atomic.(*Uint64).CompareAndSwap
/home/jules/go/pkg/mod/go.opentelemetry.io/otel/sdk/metric@v1.44.0/internal/aggregate/histogram.go:326:19: inlining call to aggregate.(*hotColdWaitGroup).done
/home/jules/go/pkg/mod/go.opentelemetry.io/otel/sdk/metric@v1.44.0/internal/aggregate/histogram.go:326:19: inlining call to atomic.(*Uint64).Add
/home/jules/go/pkg/mod/go.opentelemetry.io/otel/sdk/metric@v1.44.0/internal/aggregate/atomic.go:56:20: inlining call to atomic.(*Uint64).Store
/home/jules/go/pkg/mod/go.opentelemetry.io/otel/sdk/metric@v1.44.0/internal/aggregate/atomic.go:57:14: inlining call to atomic.(*Int64).Store
/home/jules/go/pkg/mod/go.opentelemetry.io/otel/sdk/metric@v1.44.0/internal/aggregate/histogram.go:69:38: inlining call to atomic.(*Uint64).Load
/home/jules/go/pkg/mod/go.opentelemetry.io/otel/sdk/metric@v1.44.0/internal/aggregate/histogram.go:69:21: inlining call to atomic.(*Uint64).Add
/home/jules/go/pkg/mod/go.opentelemetry.io/otel/sdk/metric@v1.44.0/internal/aggregate/histogram.go:70:20: inlining call to atomic.(*Uint64).Store
/home/jules/go/pkg/mod/go.opentelemetry.io/otel/sdk/metric@v1.44.0/internal/aggregate/histogram.go:77:23: inlining call to atomic.(*Bool).Load
/home/jules/go/pkg/mod/go.opentelemetry.io/otel/sdk/metric@v1.44.0/internal/aggregate/histogram.go:78:44: inlining call to aggregate.(*atomicN[go.shape.int64]).Load
/home/jules/go/pkg/mod/go.opentelemetry.io/otel/sdk/metric@v1.44.0/internal/aggregate/histogram.go:79:44: inlining call to aggregate.(*atomicN[go.shape.int64]).Load
/home/jules/go/pkg/mod/go.opentelemetry.io/otel/sdk/metric@v1.44.0/internal/aggregate/histogram.go:83:30: inlining call to aggregate.(*atomicCounter[go.shape.int64]).load
/home/jules/go/pkg/mod/go.opentelemetry.io/otel/sdk/metric@v1.44.0/internal/aggregate/histogram.go:83:17: inlining call to aggregate.(*atomicCounter[go.shape.int64]).add
/home/jules/go/pkg/mod/go.opentelemetry.io/otel/sdk/metric@v1.44.0/internal/aggregate/histogram.go:84:16: inlining call to aggregate.(*atomicCounter[go.shape.int64]).reset
/home/jules/go/pkg/mod/go.opentelemetry.io/otel/sdk/metric@v1.44.0/internal/aggregate/histogram.go:78:44: inlining call to atomic.(*Uint64).Load
/home/jules/go/pkg/mod/go.opentelemetry.io/otel/sdk/metric@v1.44.0/internal/aggregate/histogram.go:78:44: inlining call to math.Float64frombits
/home/jules/go/pkg/mod/go.opentelemetry.io/otel/sdk/metric@v1.44.0/internal/aggregate/histogram.go:79:44: inlining call to atomic.(*Uint64).Load
/home/jules/go/pkg/mod/go.opentelemetry.io/otel/sdk/metric@v1.44.0/internal/aggregate/histogram.go:79:44: inlining call to math.Float64frombits
/home/jules/go/pkg/mod/go.opentelemetry.io/otel/sdk/metric@v1.44.0/internal/aggregate/histogram.go:83:30: inlining call to atomic.(*Uint64).Load
/home/jules/go/pkg/mod/go.opentelemetry.io/otel/sdk/metric@v1.44.0/internal/aggregate/histogram.go:83:30: inlining call to math.Float64frombits
/home/jules/go/pkg/mod/go.opentelemetry.io/otel/sdk/metric@v1.44.0/internal/aggregate/histogram.go:83:30: inlining call to atomic.(*Int64).Load
/home/jules/go/pkg/mod/go.opentelemetry.io/otel/sdk/metric@v1.44.0/internal/aggregate/histogram.go:83:17: inlining call to atomic.(*Int64).Add
/home/jules/go/pkg/mod/go.opentelemetry.io/otel/sdk/metric@v1.44.0/internal/aggregate/histogram.go:83:17: inlining call to atomic.(*Uint64).Load
/home/jules/go/pkg/mod/go.opentelemetry.io/otel/sdk/metric@v1.44.0/internal/aggregate/histogram.go:83:17: inlining call to math.Float64frombits
/home/jules/go/pkg/mod/go.opentelemetry.io/otel/sdk/metric@v1.44.0/internal/aggregate/histogram.go:83:17: inlining call to math.Float64bits
/home/jules/go/pkg/mod/go.opentelemetry.io/otel/sdk/metric@v1.44.0/internal/aggregate/histogram.go:83:17: inlining call to atomic.(*Uint64).CompareAndSwap
/home/jules/go/pkg/mod/go.opentelemetry.io/otel/sdk/metric@v1.44.0/internal/aggregate/histogram.go:84:16: inlining call to atomic.(*Uint64).Store
/home/jules/go/pkg/mod/go.opentelemetry.io/otel/sdk/metric@v1.44.0/internal/aggregate/histogram.go:84:16: inlining call to atomic.(*Int64).Store
/home/jules/go/pkg/mod/go.opentelemetry.io/otel/sdk/metric@v1.44.0/internal/aggregate/histogram.go:351:24: inlining call to slices.Clone[go.shape.[]float64,go.shape.float64]
/home/jules/go/pkg/mod/go.opentelemetry.io/otel/sdk/metric@v1.44.0/internal/aggregate/histogram.go:355:16: inlining call to aggregate.reset[go.shape.struct { Attributes go.opentelemetry.io/otel/attribute.Set; StartTime time.Time; Time time.Time; Count uint64; Bounds []float64; BucketCounts []uint64; Min go.opentelemetry.io/otel/sdk/metric/metricdata.Extrema[go.shape.int64]; Max go.opentelemetry.io/otel/sdk/metric/metricdata.Extrema[go.shape.int64]; Sum go.shape.int64; Exemplars []go.opentelemetry.io/otel/sdk/metric/metricdata.Exemplar[go.shape.int64] "json:\",omitempty\"" }]
/home/jules/go/pkg/mod/go.opentelemetry.io/otel/sdk/metric@v1.44.0/internal/aggregate/histogram.go:357:65: inlining call to x.Feature[go.shape.bool].Enabled
/home/jules/go/pkg/mod/go.opentelemetry.io/otel/sdk/metric@v1.44.0/internal/aggregate/histogram.go:360:16: inlining call to sync.(*Map).Range
/home/jules/go/pkg/mod/go.opentelemetry.io/otel/sdk/metric@v1.44.0/internal/aggregate/histogram.go:370:52: inlining call to aggregate.(*histogramPointCounters[go.shape.int64]).loadCountsInto
/home/jules/go/pkg/mod/go.opentelemetry.io/otel/sdk/metric@v1.44.0/internal/aggregate/histogram.go:383:52: inlining call to aggregate.(*atomicCounter[go.shape.int64]).load
/home/jules/go/pkg/mod/go.opentelemetry.io/otel/sdk/metric@v1.44.0/internal/aggregate/histogram.go:386:48: inlining call to atomic.(*Bool).Load
/home/jules/go/pkg/mod/go.opentelemetry.io/otel/sdk/metric@v1.44.0/internal/aggregate/histogram.go:387:84: inlining call to aggregate.(*atomicN[go.shape.int64]).Load
/home/jules/go/pkg/mod/go.opentelemetry.io/otel/sdk/metric@v1.44.0/internal/aggregate/histogram.go:387:38: inlining call to metricdata.NewExtrema[go.shape.int64]
/home/jules/go/pkg/mod/go.opentelemetry.io/otel/sdk/metric@v1.44.0/internal/aggregate/histogram.go:388:84: inlining call to aggregate.(*atomicN[go.shape.int64]).Load
/home/jules/go/pkg/mod/go.opentelemetry.io/otel/sdk/metric@v1.44.0/internal/aggregate/histogram.go:388:38: inlining call to metricdata.NewExtrema[go.shape.int64]
/home/jules/go/pkg/mod/go.opentelemetry.io/otel/sdk/metric@v1.44.0/internal/aggregate/histogram.go:370:52: inlining call to aggregate.reset[go.shape.uint64]
/home/jules/go/pkg/mod/go.opentelemetry.io/otel/sdk/metric@v1.44.0/internal/aggregate/histogram.go:370:52: inlining call to atomic.(*Uint64).Load
/home/jules/go/pkg/mod/go.opentelemetry.io/otel/sdk/metric@v1.44.0/internal/aggregate/histogram.go:383:52: inlining call to atomic.(*Uint64).Load
/home/jules/go/pkg/mod/go.opentelemetry.io/otel/sdk/metric@v1.44.0/internal/aggregate/histogram.go:383:52: inlining call to math.Float64frombits
/home/jules/go/pkg/mod/go.opentelemetry.io/otel/sdk/metric@v1.44.0/internal/aggregate/histogram.go:383:52: inlining call to atomic.(*Int64).Load
/home/jules/go/pkg/mod/go.opentelemetry.io/otel/sdk/metric@v1.44.0/internal/aggregate/histogram.go:387:84: inlining call to atomic.(*Uint64).Load
/home/jules/go/pkg/mod/go.opentelemetry.io/otel/sdk/metric@v1.44.0/internal/aggregate/histogram.go:387:84: inlining call to math.Float64frombits
/home/jules/go/pkg/mod/go.opentelemetry.io/otel/sdk/metric@v1.44.0/internal/aggregate/histogram.go:388:84: inlining call to atomic.(*Uint64).Load
/home/jules/go/pkg/mod/go.opentelemetry.io/otel/sdk/metric@v1.44.0/internal/aggregate/histogram.go:388:84: inlining call to math.Float64frombits
/home/jules/go/pkg/mod/go.opentelemetry.io/otel/sdk/metric@v1.44.0/internal/aggregate/aggregate.go:132:87: inlining call to aggregate.Builder[go.shape.int64].resFunc
/home/jules/go/pkg/mod/go.opentelemetry.io/otel/sdk/metric@v1.44.0/internal/aggregate/aggregate.go:133:18: inlining call to aggregate.Builder[go.shape.int64].filter
/home/jules/go/pkg/mod/go.opentelemetry.io/otel/sdk/metric@v1.44.0/internal/aggregate/aggregate.go:135:92: inlining call to aggregate.Builder[go.shape.int64].resFunc
/home/jules/go/pkg/mod/go.opentelemetry.io/otel/sdk/metric@v1.44.0/internal/aggregate/aggregate.go:136:18: inlining call to aggregate.Builder[go.shape.int64].filter
/home/jules/go/pkg/mod/go.opentelemetry.io/otel/sdk/metric@v1.44.0/internal/aggregate/exponential_histogram.go:308:48: inlining call to aggregate.newLimiter[go.shape.b24d11fe63213ba3e19efce44cbb29366d3fa8b1b6b0819161af96028a7b7fbc]
/home/jules/go/pkg/mod/go.opentelemetry.io/otel/sdk/metric@v1.44.0/internal/aggregate/limit.go:35:45: inlining call to attribute.(*Set).Equivalent
/home/jules/go/pkg/mod/go.opentelemetry.io/otel/sdk/metric@v1.44.0/internal/aggregate/exponential_histogram.go:61:16: inlining call to atomic.(*Int32).Store
/home/jules/go/pkg/mod/go.opentelemetry.io/otel/sdk/metric@v1.44.0/internal/aggregate/exponential_histogram.go:114:23: inlining call to atomic.(*Int32).Load
/home/jules/go/pkg/mod/go.opentelemetry.io/otel/sdk/metric@v1.44.0/internal/aggregate/exponential_histogram.go:71:12: inlining call to aggregate.(*atomicCounter[go.shape.int64]).add
/home/jules/go/pkg/mod/go.opentelemetry.io/otel/sdk/metric@v1.44.0/internal/aggregate/exponential_histogram.go:77:18: inlining call to atomic.(*Uint64).Add
/home/jules/go/pkg/mod/go.opentelemetry.io/otel/sdk/metric@v1.44.0/internal/aggregate/exponential_histogram.go:90:32: inlining call to aggregate.(*expoHistogramDataPoint[go.shape.int64]).scaleChange
/home/jules/go/pkg/mod/go.opentelemetry.io/otel/sdk/metric@v1.44.0/internal/aggregate/exponential_histogram.go:91:31: inlining call to atomic.(*Int32).Load
/home/jules/go/pkg/mod/go.opentelemetry.io/otel/sdk/metric@v1.44.0/internal/aggregate/exponential_histogram.go:95:26: inlining call to errors.New
/home/jules/go/pkg/mod/go.opentelemetry.io/otel/sdk/metric@v1.44.0/internal/aggregate/exponential_histogram.go:99:14: inlining call to atomic.(*Int32).Add
/home/jules/go/pkg/mod/go.opentelemetry.io/otel/sdk/metric@v1.44.0/internal/aggregate/exponential_histogram.go:71:12: inlining call to atomic.(*Int64).Add
/home/jules/go/pkg/mod/go.opentelemetry.io/otel/sdk/metric@v1.44.0/internal/aggregate/exponential_histogram.go:71:12: inlining call to atomic.(*Uint64).Load
/home/jules/go/pkg/mod/go.opentelemetry.io/otel/sdk/metric@v1.44.0/internal/aggregate/exponential_histogram.go:71:12: inlining call to math.Float64frombits
/home/jules/go/pkg/mod/go.opentelemetry.io/otel/sdk/metric@v1.44.0/internal/aggregate/exponential_histogram.go:71:12: inlining call to math.Float64bits
/home/jules/go/pkg/mod/go.opentelemetry.io/otel/sdk/metric@v1.44.0/internal/aggregate/exponential_histogram.go:71:12: inlining call to atomic.(*Uint64).CompareAndSwap
/home/jules/go/pkg/mod/go.opentelemetry.io/otel/sdk/metric@v1.44.0/internal/aggregate/exponential_histogram.go:342:17: inlining call to sync.(*Mutex).Lock
/home/jules/go/pkg/mod/go.opentelemetry.io/otel/sdk/metric@v1.44.0/internal/aggregate/exponential_histogram.go:345:39: inlining call to attribute.(*Set).Equivalent
/home/jules/go/pkg/mod/go.opentelemetry.io/otel/sdk/metric@v1.44.0/internal/aggregate/exponential_histogram.go:347:32: inlining call to aggregate.limiter[go.shape.b24d11fe63213ba3e19efce44cbb29366d3fa8b1b6b0819161af96028a7b7fbc].Attributes
/home/jules/go/pkg/mod/go.opentelemetry.io/otel/sdk/metric@v1.44.0/internal/aggregate/exponential_histogram.go:350:39: inlining call to attribute.(*Set).Equivalent
/home/jules/go/pkg/mod/go.opentelemetry.io/otel/sdk/metric@v1.44.0/internal/aggregate/exponential_histogram.go:358:32: inlining call to attribute.(*Set).Equivalent
/home/jules/go/pkg/mod/go.opentelemetry.io/otel/sdk/metric@v1.44.0/internal/aggregate/exponential_histogram.go:342:17: inlining call to sync.(*Mutex).Lock
/home/jules/go/pkg/mod/go.opentelemetry.io/otel/sdk/metric@v1.44.0/internal/aggregate/exponential_histogram.go:347:32: inlining call to attribute.(*Set).Equivalent
/home/jules/go/pkg/mod/go.opentelemetry.io/otel/sdk/metric@v1.44.0/internal/aggregate/exponential_histogram.go:343:25: inlining call to sync.(*Mutex).Unlock
/home/jules/go/pkg/mod/go.opentelemetry.io/otel/sdk/metric@v1.44.0/internal/aggregate/exponential_histogram.go:343:25: inlining call to sync.(*Mutex).Unlock
/home/jules/go/pkg/mod/go.opentelemetry.io/otel/sdk/metric@v1.44.0/internal/aggregate/exponential_histogram.go:182:27: inlining call to aggregate.(*expoBuckets).count
/home/jules/go/pkg/mod/go.opentelemetry.io/otel/sdk/metric@v1.44.0/internal/aggregate/exponential_histogram.go:182:50: inlining call to aggregate.(*expoBuckets).count
/home/jules/go/pkg/mod/go.opentelemetry.io/otel/sdk/metric@v1.44.0/internal/aggregate/exponential_histogram.go:182:71: inlining call to atomic.(*Uint64).Load
/home/jules/go/pkg/mod/go.opentelemetry.io/otel/sdk/metric@v1.44.0/internal/aggregate/exponential_histogram.go:182:27: inlining call to atomic.(*Uint64).Load
/home/jules/go/pkg/mod/go.opentelemetry.io/otel/sdk/metric@v1.44.0/internal/aggregate/exponential_histogram.go:182:50: inlining call to atomic.(*Uint64).Load
/home/jules/go/pkg/mod/go.opentelemetry.io/otel/sdk/metric@v1.44.0/internal/aggregate/exponential_histogram.go:377:17: inlining call to sync.(*Mutex).Lock
/home/jules/go/pkg/mod/go.opentelemetry.io/otel/sdk/metric@v1.44.0/internal/aggregate/exponential_histogram.go:381:16: inlining call to aggregate.reset[go.shape.b72151a75e611c6ff1bdb91fef142f2083903667903eadf92ae29b6de78ba08d]
/home/jules/go/pkg/mod/go.opentelemetry.io/otel/sdk/metric@v1.44.0/internal/aggregate/exponential_histogram.go:388:29: inlining call to aggregate.(*expoHistogramDataPoint[go.shape.int64]).count
/home/jules/go/pkg/mod/go.opentelemetry.io/otel/sdk/metric@v1.44.0/internal/aggregate/exponential_histogram.go:389:34: inlining call to atomic.(*Int32).Load
/home/jules/go/pkg/mod/go.opentelemetry.io/otel/sdk/metric@v1.44.0/internal/aggregate/exponential_histogram.go:390:42: inlining call to atomic.(*Uint64).Load
/home/jules/go/pkg/mod/go.opentelemetry.io/otel/sdk/metric@v1.44.0/internal/aggregate/exponential_histogram.go:394:41: inlining call to aggregate.reset[go.shape.uint64]
/home/jules/go/pkg/mod/go.opentelemetry.io/otel/sdk/metric@v1.44.0/internal/aggregate/exponential_histogram.go:400:69: inlining call to atomic.(*Uint64).Load
/home/jules/go/pkg/mod/go.opentelemetry.io/otel/sdk/metric@v1.44.0/internal/aggregate/exponential_histogram.go:404:41: inlining call to aggregate.reset[go.shape.uint64]
/home/jules/go/pkg/mod/go.opentelemetry.io/otel/sdk/metric@v1.44.0/internal/aggregate/exponential_histogram.go:410:69: inlining call to atomic.(*Uint64).Load
/home/jules/go/pkg/mod/go.opentelemetry.io/otel/sdk/metric@v1.44.0/internal/aggregate/exponential_histogram.go:414:31: inlining call to aggregate.(*atomicCounter[go.shape.int64]).load
/home/jules/go/pkg/mod/go.opentelemetry.io/otel/sdk/metric@v1.44.0/internal/aggregate/exponential_histogram.go:417:26: inlining call to atomic.(*Bool).Load
/home/jules/go/pkg/mod/go.opentelemetry.io/otel/sdk/metric@v1.44.0/internal/aggregate/exponential_histogram.go:418:65: inlining call to aggregate.(*atomicN[go.shape.int64]).Load
/home/jules/go/pkg/mod/go.opentelemetry.io/otel/sdk/metric@v1.44.0/internal/aggregate/exponential_histogram.go:418:41: inlining call to metricdata.NewExtrema[go.shape.int64]
/home/jules/go/pkg/mod/go.opentelemetry.io/otel/sdk/metric@v1.44.0/internal/aggregate/exponential_histogram.go:419:65: inlining call to aggregate.(*atomicN[go.shape.int64]).Load
/home/jules/go/pkg/mod/go.opentelemetry.io/otel/sdk/metric@v1.44.0/internal/aggregate/exponential_histogram.go:419:41: inlining call to metricdata.NewExtrema[go.shape.int64]
/home/jules/go/pkg/mod/go.opentelemetry.io/otel/sdk/metric@v1.44.0/internal/aggregate/exponential_histogram.go:377:17: inlining call to sync.(*Mutex).Lock
/home/jules/go/pkg/mod/go.opentelemetry.io/otel/sdk/metric@v1.44.0/internal/aggregate/exponential_histogram.go:388:29: inlining call to aggregate.(*expoBuckets).count
/home/jules/go/pkg/mod/go.opentelemetry.io/otel/sdk/metric@v1.44.0/internal/aggregate/exponential_histogram.go:388:29: inlining call to aggregate.(*expoBuckets).count
/home/jules/go/pkg/mod/go.opentelemetry.io/otel/sdk/metric@v1.44.0/internal/aggregate/exponential_histogram.go:388:29: inlining call to atomic.(*Uint64).Load
/home/jules/go/pkg/mod/go.opentelemetry.io/otel/sdk/metric@v1.44.0/internal/aggregate/exponential_histogram.go:414:31: inlining call to atomic.(*Uint64).Load
/home/jules/go/pkg/mod/go.opentelemetry.io/otel/sdk/metric@v1.44.0/internal/aggregate/exponential_histogram.go:414:31: inlining call to math.Float64frombits
/home/jules/go/pkg/mod/go.opentelemetry.io/otel/sdk/metric@v1.44.0/internal/aggregate/exponential_histogram.go:414:31: inlining call to atomic.(*Int64).Load
/home/jules/go/pkg/mod/go.opentelemetry.io/otel/sdk/metric@v1.44.0/internal/aggregate/exponential_histogram.go:418:65: inlining call to atomic.(*Uint64).Load
/home/jules/go/pkg/mod/go.opentelemetry.io/otel/sdk/metric@v1.44.0/internal/aggregate/exponential_histogram.go:418:65: inlining call to math.Float64frombits
/home/jules/go/pkg/mod/go.opentelemetry.io/otel/sdk/metric@v1.44.0/internal/aggregate/exponential_histogram.go:419:65: inlining call to atomic.(*Uint64).Load
/home/jules/go/pkg/mod/go.opentelemetry.io/otel/sdk/metric@v1.44.0/internal/aggregate/exponential_histogram.go:419:65: inlining call to math.Float64frombits
/home/jules/go/pkg/mod/go.opentelemetry.io/otel/sdk/metric@v1.44.0/internal/aggregate/exponential_histogram.go:388:29: inlining call to atomic.(*Uint64).Load
/home/jules/go/pkg/mod/go.opentelemetry.io/otel/sdk/metric@v1.44.0/internal/aggregate/exponential_histogram.go:388:29: inlining call to atomic.(*Uint64).Load
/home/jules/go/pkg/mod/go.opentelemetry.io/otel/sdk/metric@v1.44.0/internal/aggregate/exponential_histogram.go:378:25: inlining call to sync.(*Mutex).Unlock
/home/jules/go/pkg/mod/go.opentelemetry.io/otel/sdk/metric@v1.44.0/internal/aggregate/exponential_histogram.go:378:25: inlining call to sync.(*Mutex).Unlock
/home/jules/go/pkg/mod/go.opentelemetry.io/otel/sdk/metric@v1.44.0/internal/aggregate/exponential_histogram.go:446:17: inlining call to sync.(*Mutex).Lock
/home/jules/go/pkg/mod/go.opentelemetry.io/otel/sdk/metric@v1.44.0/internal/aggregate/exponential_histogram.go:450:16: inlining call to aggregate.reset[go.shape.b72151a75e611c6ff1bdb91fef142f2083903667903eadf92ae29b6de78ba08d]
/home/jules/go/pkg/mod/go.opentelemetry.io/otel/sdk/metric@v1.44.0/internal/aggregate/exponential_histogram.go:452:65: inlining call to x.Feature[go.shape.bool].Enabled
/home/jules/go/pkg/mod/go.opentelemetry.io/otel/sdk/metric@v1.44.0/internal/aggregate/exponential_histogram.go:464:29: inlining call to aggregate.(*expoHistogramDataPoint[go.shape.int64]).count
/home/jules/go/pkg/mod/go.opentelemetry.io/otel/sdk/metric@v1.44.0/internal/aggregate/exponential_histogram.go:465:34: inlining call to atomic.(*Int32).Load
/home/jules/go/pkg/mod/go.opentelemetry.io/otel/sdk/metric@v1.44.0/internal/aggregate/exponential_histogram.go:466:42: inlining call to atomic.(*Uint64).Load
/home/jules/go/pkg/mod/go.opentelemetry.io/otel/sdk/metric@v1.44.0/internal/aggregate/exponential_histogram.go:470:41: inlining call to aggregate.reset[go.shape.uint64]
/home/jules/go/pkg/mod/go.opentelemetry.io/otel/sdk/metric@v1.44.0/internal/aggregate/exponential_histogram.go:476:69: inlining call to atomic.(*Uint64).Load
/home/jules/go/pkg/mod/go.opentelemetry.io/otel/sdk/metric@v1.44.0/internal/aggregate/exponential_histogram.go:480:41: inlining call to aggregate.reset[go.shape.uint64]
/home/jules/go/pkg/mod/go.opentelemetry.io/otel/sdk/metric@v1.44.0/internal/aggregate/exponential_histogram.go:486:69: inlining call to atomic.(*Uint64).Load
/home/jules/go/pkg/mod/go.opentelemetry.io/otel/sdk/metric@v1.44.0/internal/aggregate/exponential_histogram.go:490:31: inlining call to aggregate.(*atomicCounter[go.shape.int64]).load
/home/jules/go/pkg/mod/go.opentelemetry.io/otel/sdk/metric@v1.44.0/internal/aggregate/exponential_histogram.go:493:26: inlining call to atomic.(*Bool).Load
/home/jules/go/pkg/mod/go.opentelemetry.io/otel/sdk/metric@v1.44.0/internal/aggregate/exponential_histogram.go:494:65: inlining call to aggregate.(*atomicN[go.shape.int64]).Load
/home/jules/go/pkg/mod/go.opentelemetry.io/otel/sdk/metric@v1.44.0/internal/aggregate/exponential_histogram.go:494:41: inlining call to metricdata.NewExtrema[go.shape.int64]
/home/jules/go/pkg/mod/go.opentelemetry.io/otel/sdk/metric@v1.44.0/internal/aggregate/exponential_histogram.go:495:65: inlining call to aggregate.(*atomicN[go.shape.int64]).Load
/home/jules/go/pkg/mod/go.opentelemetry.io/otel/sdk/metric@v1.44.0/internal/aggregate/exponential_histogram.go:495:41: inlining call to metricdata.NewExtrema[go.shape.int64]
/home/jules/go/pkg/mod/go.opentelemetry.io/otel/sdk/metric@v1.44.0/internal/aggregate/exponential_histogram.go:446:17: inlining call to sync.(*Mutex).Lock
/home/jules/go/pkg/mod/go.opentelemetry.io/otel/sdk/metric@v1.44.0/internal/aggregate/exponential_histogram.go:464:29: inlining call to aggregate.(*expoBuckets).count
/home/jules/go/pkg/mod/go.opentelemetry.io/otel/sdk/metric@v1.44.0/internal/aggregate/exponential_histogram.go:464:29: inlining call to aggregate.(*expoBuckets).count
/home/jules/go/pkg/mod/go.opentelemetry.io/otel/sdk/metric@v1.44.0/internal/aggregate/exponential_histogram.go:464:29: inlining call to atomic.(*Uint64).Load
/home/jules/go/pkg/mod/go.opentelemetry.io/otel/sdk/metric@v1.44.0/internal/aggregate/exponential_histogram.go:490:31: inlining call to atomic.(*Uint64).Load
/home/jules/go/pkg/mod/go.opentelemetry.io/otel/sdk/metric@v1.44.0/internal/aggregate/exponential_histogram.go:490:31: inlining call to math.Float64frombits
/home/jules/go/pkg/mod/go.opentelemetry.io/otel/sdk/metric@v1.44.0/internal/aggregate/exponential_histogram.go:490:31: inlining call to atomic.(*Int64).Load
/home/jules/go/pkg/mod/go.opentelemetry.io/otel/sdk/metric@v1.44.0/internal/aggregate/exponential_histogram.go:494:65: inlining call to atomic.(*Uint64).Load
/home/jules/go/pkg/mod/go.opentelemetry.io/otel/sdk/metric@v1.44.0/internal/aggregate/exponential_histogram.go:494:65: inlining call to math.Float64frombits
/home/jules/go/pkg/mod/go.opentelemetry.io/otel/sdk/metric@v1.44.0/internal/aggregate/exponential_histogram.go:495:65: inlining call to atomic.(*Uint64).Load
/home/jules/go/pkg/mod/go.opentelemetry.io/otel/sdk/metric@v1.44.0/internal/aggregate/exponential_histogram.go:495:65: inlining call to math.Float64frombits
/home/jules/go/pkg/mod/go.opentelemetry.io/otel/sdk/metric@v1.44.0/internal/aggregate/exponential_histogram.go:464:29: inlining call to atomic.(*Uint64).Load
/home/jules/go/pkg/mod/go.opentelemetry.io/otel/sdk/metric@v1.44.0/internal/aggregate/exponential_histogram.go:464:29: inlining call to atomic.(*Uint64).Load
/home/jules/go/pkg/mod/go.opentelemetry.io/otel/sdk/metric@v1.44.0/internal/aggregate/exponential_histogram.go:447:25: inlining call to sync.(*Mutex).Unlock
/home/jules/go/pkg/mod/go.opentelemetry.io/otel/sdk/metric@v1.44.0/internal/aggregate/exponential_histogram.go:447:25: inlining call to sync.(*Mutex).Unlock
/home/jules/go/pkg/mod/go.opentelemetry.io/otel/sdk/metric@v1.44.0/internal/aggregate/aggregate.go:146:99: inlining call to aggregate.Builder[go.shape.int64].resFunc
/home/jules/go/pkg/mod/go.opentelemetry.io/otel/sdk/metric@v1.44.0/internal/aggregate/aggregate.go:149:18: inlining call to aggregate.Builder[go.shape.int64].filter
/home/jules/go/pkg/mod/go.opentelemetry.io/otel/sdk/metric@v1.44.0/internal/aggregate/aggregate.go:151:18: inlining call to aggregate.Builder[go.shape.int64].filter
/home/jules/go/pkg/mod/go.opentelemetry.io/otel/sdk/metric@v1.44.0/pipeline.go:512:55: inlining call to metric.DefaultAggregationSelector
/home/jules/go/pkg/mod/go.opentelemetry.io/otel/sdk/metric@v1.44.0/pipeline.go:376:50: inlining call to metric.DefaultAggregationSelector
/home/jules/go/pkg/mod/go.opentelemetry.io/otel/sdk/metric@v1.44.0/pipeline.go:383:28: inlining call to fmt.Errorf
/home/jules/go/pkg/mod/go.opentelemetry.io/otel/sdk/metric@v1.44.0/pipeline.go:397:24: inlining call to metric.instID.normalize
/home/jules/go/pkg/mod/go.opentelemetry.io/otel/sdk/metric@v1.44.0/pipeline.go:383:28: inlining call to errors.New
/home/jules/go/pkg/mod/go.opentelemetry.io/otel/sdk/metric@v1.44.0/pipeline.go:410:45: inlining call to metric.(*inserter[go.shape.int64]).getCardinalityLimit
/home/jules/go/pkg/mod/go.opentelemetry.io/otel/sdk/metric@v1.44.0/pipeline.go:426:23: inlining call to atomic.(*Uint64).Add
/home/jules/go/pkg/mod/go.opentelemetry.io/otel/sdk/metric@v1.44.0/pipeline.go:260:21: inlining call to errors.Join
/home/jules/go/pkg/mod/go.opentelemetry.io/otel/sdk/metric@v1.44.0/pipeline.go:274:20: inlining call to errors.Join
/home/jules/go/pkg/mod/go.opentelemetry.io/otel/sdk/metric@v1.44.0/pipeline.go:291:56: inlining call to attribute.NewAllowKeysFilter
/home/jules/go/pkg/mod/go.opentelemetry.io/otel/sdk/metric@v1.44.0/pipeline.go:298:20: inlining call to errors.Join
/home/jules/go/pkg/mod/go.opentelemetry.io/otel/sdk/metric@v1.44.0/pipeline.go:709:21: inlining call to errors.Join
/home/jules/go/pkg/mod/go.opentelemetry.io/otel/sdk/metric@v1.44.0/pipeline.go:683:21: inlining call to errors.Join
/home/jules/go/pkg/mod/go.opentelemetry.io/otel/sdk/metric@v1.44.0/internal/aggregate/aggregate.go:157:6: inlining call to aggregate.reset[go.shape.struct { FilteredAttributes []go.opentelemetry.io/otel/attribute.KeyValue; Time time.Time; Value go.opentelemetry.io/otel/sdk/metric/exemplar.Value; SpanID []uint8 "json:\",omitempty\""; TraceID []uint8 "json:\",omitempty\"" }]
/home/jules/go/pkg/mod/go.opentelemetry.io/otel/sdk/metric@v1.44.0/internal/aggregate/aggregate.go:157:6: inlining call to aggregate.reset[go.shape.uint64]
/home/jules/go/pkg/mod/go.opentelemetry.io/otel/sdk@v1.44.0/internal/x/x.go:55:6: inlining call to x.Feature[go.shape.bool].Enabled
/home/jules/go/pkg/mod/go.opentelemetry.io/otel/sdk@v1.44.0/internal/x/x.go:35:6: inlining call to x.Feature[go.shape.bool].Keys
/home/jules/go/pkg/mod/golang.org/toolchain@v0.0.1-go1.26.5.linux-amd64/src/internal/sync/hashtriemap.go:38:16: inlining call to sync.(*Mutex).Lock
/home/jules/go/pkg/mod/golang.org/toolchain@v0.0.1-go1.26.5.linux-amd64/src/internal/sync/hashtriemap.go:41:19: inlining call to atomic.(*Uint32).Load
/home/jules/go/pkg/mod/golang.org/toolchain@v0.0.1-go1.26.5.linux-amd64/src/internal/sync/hashtriemap.go:49:23: inlining call to abi.TypeOf
/home/jules/go/pkg/mod/golang.org/toolchain@v0.0.1-go1.26.5.linux-amd64/src/internal/sync/hashtriemap.go:49:34: inlining call to abi.(*Type).MapType
/home/jules/go/pkg/mod/golang.org/toolchain@v0.0.1-go1.26.5.linux-amd64/src/internal/sync/hashtriemap.go:50:37: inlining call to sync.newIndirectNode[go.shape.interface {},go.shape.interface {}]
/home/jules/go/pkg/mod/golang.org/toolchain@v0.0.1-go1.26.5.linux-amd64/src/internal/sync/hashtriemap.go:50:15: inlining call to atomic.(*Pointer[go.shape.struct { internal/sync.node = internal/sync.node[go.shape.interface {},go.shape.interface {}]; internal/sync.dead sync/atomic.Bool; internal/sync.mu internal/sync.Mutex; internal/sync.parent *internal/sync.indirect[go.shape.interface {},go.shape.interface {}]; internal/sync.children [16]sync/atomic.Pointer[go.shape.struct { internal/sync.isEntry bool }] }]).Store
/home/jules/go/pkg/mod/golang.org/toolchain@v0.0.1-go1.26.5.linux-amd64/src/internal/sync/hashtriemap.go:55:17: inlining call to atomic.(*Uint32).Store
/home/jules/go/pkg/mod/golang.org/toolchain@v0.0.1-go1.26.5.linux-amd64/src/internal/sync/hashtriemap.go:49:23: inlining call to abi.NoEscape
/home/jules/go/pkg/mod/golang.org/toolchain@v0.0.1-go1.26.5.linux-amd64/src/internal/sync/hashtriemap.go:49:34: inlining call to abi.(*Type).Kind
/home/jules/go/pkg/mod/golang.org/toolchain@v0.0.1-go1.26.5.linux-amd64/src/internal/sync/hashtriemap.go:39:24: inlining call to sync.(*Mutex).Unlock
/home/jules/go/pkg/mod/golang.org/toolchain@v0.0.1-go1.26.5.linux-amd64/src/internal/sync/hashtriemap.go:31:19: inlining call to atomic.(*Uint32).Load
/home/jules/go/pkg/mod/golang.org/toolchain@v0.0.1-go1.26.5.linux-amd64/src/internal/sync/hashtriemap.go:523:9: inlining call to sync.(*HashTrieMap[go.shape.interface {},go.shape.interface {}]).init
/home/jules/go/pkg/mod/golang.org/toolchain@v0.0.1-go1.26.5.linux-amd64/src/internal/sync/hashtriemap.go:527:37: inlining call to sync.newIndirectNode[go.shape.interface {},go.shape.interface {}]
/home/jules/go/pkg/mod/golang.org/toolchain@v0.0.1-go1.26.5.linux-amd64/src/internal/sync/hashtriemap.go:527:15: inlining call to atomic.(*Pointer[go.shape.struct { internal/sync.node = internal/sync.node[go.shape.interface {},go.shape.interface {}]; internal/sync.dead sync/atomic.Bool; internal/sync.mu internal/sync.Mutex; internal/sync.parent *internal/sync.indirect[go.shape.interface {},go.shape.interface {}]; internal/sync.children [16]sync/atomic.Pointer[go.shape.struct { internal/sync.isEntry bool }] }]).Store
/home/jules/go/pkg/mod/golang.org/toolchain@v0.0.1-go1.26.5.linux-amd64/src/internal/sync/hashtriemap.go:523:9: inlining call to atomic.(*Uint32).Load
/home/jules/go/pkg/mod/golang.org/toolchain@v0.0.1-go1.26.5.linux-amd64/src/internal/sync/hashtriemap.go:500:26: inlining call to atomic.(*Pointer[go.shape.struct { internal/sync.isEntry bool }]).Load
/home/jules/go/pkg/mod/golang.org/toolchain@v0.0.1-go1.26.5.linux-amd64/src/internal/sync/hashtriemap.go:505:26: inlining call to sync.(*node[go.shape.interface {},go.shape.interface {}]).indirect
/home/jules/go/pkg/mod/golang.org/toolchain@v0.0.1-go1.26.5.linux-amd64/src/internal/sync/hashtriemap.go:510:15: inlining call to sync.(*node[go.shape.interface {},go.shape.interface {}]).entry
/home/jules/go/pkg/mod/golang.org/toolchain@v0.0.1-go1.26.5.linux-amd64/src/internal/sync/hashtriemap.go:515:23: inlining call to atomic.(*Pointer[go.shape.struct { internal/sync.node = internal/sync.node[go.shape.interface {},go.shape.interface {}]; internal/sync.overflow sync/atomic.Pointer[internal/sync.entry[go.shape.interface {},go.shape.interface {}]]; internal/sync.key go.shape.interface {}; internal/sync.value go.shape.interface {} }]).Load
/home/jules/go/pkg/mod/golang.org/toolchain@v0.0.1-go1.26.5.linux-amd64/src/internal/sync/hashtriemap.go:494:9: inlining call to sync.(*HashTrieMap[go.shape.interface {},go.shape.interface {}]).init
/home/jules/go/pkg/mod/golang.org/toolchain@v0.0.1-go1.26.5.linux-amd64/src/internal/sync/hashtriemap.go:495:22: inlining call to atomic.(*Pointer[go.shape.struct { internal/sync.node = internal/sync.node[go.shape.interface {},go.shape.interface {}]; internal/sync.dead sync/atomic.Bool; internal/sync.mu internal/sync.Mutex; internal/sync.parent *internal/sync.indirect[go.shape.interface {},go.shape.interface {}]; internal/sync.children [16]sync/atomic.Pointer[go.shape.struct { internal/sync.isEntry bool }] }]).Load
/home/jules/go/pkg/mod/golang.org/toolchain@v0.0.1-go1.26.5.linux-amd64/src/internal/sync/hashtriemap.go:494:9: inlining call to atomic.(*Uint32).Load
/home/jules/go/pkg/mod/golang.org/toolchain@v0.0.1-go1.26.5.linux-amd64/src/internal/sync/hashtriemap.go:482:9: inlining call to sync.(*HashTrieMap[go.shape.interface {},go.shape.interface {}]).init
/home/jules/go/pkg/mod/golang.org/toolchain@v0.0.1-go1.26.5.linux-amd64/src/internal/sync/hashtriemap.go:482:9: inlining call to atomic.(*Uint32).Load
/home/jules/go/pkg/mod/golang.org/toolchain@v0.0.1-go1.26.5.linux-amd64/src/internal/sync/hashtriemap.go:484:23: inlining call to atomic.(*Pointer[go.shape.struct { internal/sync.node = internal/sync.node[go.shape.interface {},go.shape.interface {}]; internal/sync.dead sync/atomic.Bool; internal/sync.mu internal/sync.Mutex; internal/sync.parent *internal/sync.indirect[go.shape.interface {},go.shape.interface {}]; internal/sync.children [16]sync/atomic.Pointer[go.shape.struct { internal/sync.isEntry bool }] }]).Load
/home/jules/go/pkg/mod/golang.org/toolchain@v0.0.1-go1.26.5.linux-amd64/src/internal/sync/hashtriemap.go:591:89: inlining call to abi.NoEscape
/home/jules/go/pkg/mod/golang.org/toolchain@v0.0.1-go1.26.5.linux-amd64/src/internal/sync/hashtriemap.go:594:22: inlining call to atomic.(*Pointer[go.shape.struct { internal/sync.node = internal/sync.node[go.shape.interface {},go.shape.interface {}]; internal/sync.overflow sync/atomic.Pointer[internal/sync.entry[go.shape.interface {},go.shape.interface {}]]; internal/sync.key go.shape.interface {}; internal/sync.value go.shape.interface {} }]).Load
/home/jules/go/pkg/mod/golang.org/toolchain@v0.0.1-go1.26.5.linux-amd64/src/internal/sync/hashtriemap.go:429:19: inlining call to atomic.(*Pointer[go.shape.struct { internal/sync.node = internal/sync.node[go.shape.interface {},go.shape.interface {}]; internal/sync.dead sync/atomic.Bool; internal/sync.mu internal/sync.Mutex; internal/sync.parent *internal/sync.indirect[go.shape.interface {},go.shape.interface {}]; internal/sync.children [16]sync/atomic.Pointer[go.shape.struct { internal/sync.isEntry bool }] }]).Load
/home/jules/go/pkg/mod/golang.org/toolchain@v0.0.1-go1.26.5.linux-amd64/src/internal/sync/hashtriemap.go:436:17: inlining call to atomic.(*Pointer[go.shape.struct { internal/sync.isEntry bool }]).Load
/home/jules/go/pkg/mod/golang.org/toolchain@v0.0.1-go1.26.5.linux-amd64/src/internal/sync/hashtriemap.go:444:24: inlining call to sync.(*node[go.shape.interface {},go.shape.interface {}]).entry
/home/jules/go/pkg/mod/golang.org/toolchain@v0.0.1-go1.26.5.linux-amd64/src/internal/sync/hashtriemap.go:444:42: inlining call to sync.(*entry[go.shape.interface {},go.shape.interface {}]).lookupWithValue
/home/jules/go/pkg/mod/golang.org/toolchain@v0.0.1-go1.26.5.linux-amd64/src/internal/sync/hashtriemap.go:454:18: inlining call to sync.(*node[go.shape.interface {},go.shape.interface {}]).indirect
/home/jules/go/pkg/mod/golang.org/toolchain@v0.0.1-go1.26.5.linux-amd64/src/internal/sync/hashtriemap.go:461:12: inlining call to sync.(*Mutex).Lock
/home/jules/go/pkg/mod/golang.org/toolchain@v0.0.1-go1.26.5.linux-amd64/src/internal/sync/hashtriemap.go:462:16: inlining call to atomic.(*Pointer[go.shape.struct { internal/sync.isEntry bool }]).Load
/home/jules/go/pkg/mod/golang.org/toolchain@v0.0.1-go1.26.5.linux-amd64/src/internal/sync/hashtriemap.go:463:18: inlining call to atomic.(*Bool).Load
/home/jules/go/pkg/mod/golang.org/toolchain@v0.0.1-go1.26.5.linux-amd64/src/internal/sync/hashtriemap.go:469:14: inlining call to sync.(*Mutex).Unlock
/home/jules/go/pkg/mod/golang.org/toolchain@v0.0.1-go1.26.5.linux-amd64/src/internal/sync/hashtriemap.go:444:42: inlining call to abi.NoEscape
/home/jules/go/pkg/mod/golang.org/toolchain@v0.0.1-go1.26.5.linux-amd64/src/internal/sync/hashtriemap.go:444:42: inlining call to atomic.(*Pointer[go.shape.struct { internal/sync.node = internal/sync.node[go.shape.interface {},go.shape.interface {}]; internal/sync.overflow sync/atomic.Pointer[internal/sync.entry[go.shape.interface {},go.shape.interface {}]]; internal/sync.key go.shape.interface {}; internal/sync.value go.shape.interface {} }]).Load
/home/jules/go/pkg/mod/golang.org/toolchain@v0.0.1-go1.26.5.linux-amd64/src/internal/sync/hashtriemap.go:683:74: inlining call to abi.NoEscape
/home/jules/go/pkg/mod/golang.org/toolchain@v0.0.1-go1.26.5.linux-amd64/src/internal/sync/hashtriemap.go:685:28: inlining call to atomic.(*Pointer[go.shape.struct { internal/sync.node = internal/sync.node[go.shape.interface {},go.shape.interface {}]; internal/sync.overflow sync/atomic.Pointer[internal/sync.entry[go.shape.interface {},go.shape.interface {}]]; internal/sync.key go.shape.interface {}; internal/sync.value go.shape.interface {} }]).Load
/home/jules/go/pkg/mod/golang.org/toolchain@v0.0.1-go1.26.5.linux-amd64/src/internal/sync/hashtriemap.go:688:13: inlining call to atomic.(*Pointer[go.shape.struct { internal/sync.node = internal/sync.node[go.shape.interface {},go.shape.interface {}]; internal/sync.overflow sync/atomic.Pointer[internal/sync.entry[go.shape.interface {},go.shape.interface {}]]; internal/sync.key go.shape.interface {}; internal/sync.value go.shape.interface {} }]).Load
/home/jules/go/pkg/mod/golang.org/toolchain@v0.0.1-go1.26.5.linux-amd64/src/internal/sync/hashtriemap.go:690:69: inlining call to abi.NoEscape
/home/jules/go/pkg/mod/golang.org/toolchain@v0.0.1-go1.26.5.linux-amd64/src/internal/sync/hashtriemap.go:691:27: inlining call to atomic.(*Pointer[go.shape.struct { internal/sync.node = internal/sync.node[go.shape.interface {},go.shape.interface {}]; internal/sync.overflow sync/atomic.Pointer[internal/sync.entry[go.shape.interface {},go.shape.interface {}]]; internal/sync.key go.shape.interface {}; internal/sync.value go.shape.interface {} }]).Load
/home/jules/go/pkg/mod/golang.org/toolchain@v0.0.1-go1.26.5.linux-amd64/src/internal/sync/hashtriemap.go:691:11: inlining call to atomic.(*Pointer[go.shape.struct { internal/sync.node = internal/sync.node[go.shape.interface {},go.shape.interface {}]; internal/sync.overflow sync/atomic.Pointer[internal/sync.entry[go.shape.interface {},go.shape.interface {}]]; internal/sync.key go.shape.interface {}; internal/sync.value go.shape.interface {} }]).Store
/home/jules/go/pkg/mod/golang.org/toolchain@v0.0.1-go1.26.5.linux-amd64/src/internal/sync/hashtriemap.go:695:22: inlining call to atomic.(*Pointer[go.shape.struct { internal/sync.node = internal/sync.node[go.shape.interface {},go.shape.interface {}]; internal/sync.overflow sync/atomic.Pointer[internal/sync.entry[go.shape.interface {},go.shape.interface {}]]; internal/sync.key go.shape.interface {}; internal/sync.value go.shape.interface {} }]).Load
/home/jules/go/pkg/mod/golang.org/toolchain@v0.0.1-go1.26.5.linux-amd64/src/internal/sync/hashtriemap.go:556:24: inlining call to atomic.(*Pointer[go.shape.struct { internal/sync.isEntry bool }]).Load
/home/jules/go/pkg/mod/golang.org/toolchain@v0.0.1-go1.26.5.linux-amd64/src/internal/sync/hashtriemap.go:369:9: inlining call to sync.(*HashTrieMap[go.shape.interface {},go.shape.interface {}]).init
/home/jules/go/pkg/mod/golang.org/toolchain@v0.0.1-go1.26.5.linux-amd64/src/internal/sync/hashtriemap.go:373:33: inlining call to abi.NoEscape
/home/jules/go/pkg/mod/golang.org/toolchain@v0.0.1-go1.26.5.linux-amd64/src/internal/sync/hashtriemap.go:379:15: inlining call to sync.(*Mutex).Unlock
/home/jules/go/pkg/mod/golang.org/toolchain@v0.0.1-go1.26.5.linux-amd64/src/internal/sync/hashtriemap.go:385:23: inlining call to sync.(*node[go.shape.interface {},go.shape.interface {}]).entry
/home/jules/go/pkg/mod/golang.org/toolchain@v0.0.1-go1.26.5.linux-amd64/src/internal/sync/hashtriemap.go:388:14: inlining call to sync.(*Mutex).Unlock
/home/jules/go/pkg/mod/golang.org/toolchain@v0.0.1-go1.26.5.linux-amd64/src/internal/sync/hashtriemap.go:394:13: inlining call to atomic.(*Pointer[go.shape.struct { internal/sync.isEntry bool }]).Store
/home/jules/go/pkg/mod/golang.org/toolchain@v0.0.1-go1.26.5.linux-amd64/src/internal/sync/hashtriemap.go:395:14: inlining call to sync.(*Mutex).Unlock
/home/jules/go/pkg/mod/golang.org/toolchain@v0.0.1-go1.26.5.linux-amd64/src/internal/sync/hashtriemap.go:399:12: inlining call to atomic.(*Pointer[go.shape.struct { internal/sync.isEntry bool }]).Store
/home/jules/go/pkg/mod/golang.org/toolchain@v0.0.1-go1.26.5.linux-amd64/src/internal/sync/hashtriemap.go:402:32: inlining call to sync.(*indirect[go.shape.interface {},go.shape.interface {}]).empty
/home/jules/go/pkg/mod/golang.org/toolchain@v0.0.1-go1.26.5.linux-amd64/src/internal/sync/hashtriemap.go:410:17: inlining call to sync.(*Mutex).Lock
/home/jules/go/pkg/mod/golang.org/toolchain@v0.0.1-go1.26.5.linux-amd64/src/internal/sync/hashtriemap.go:411:15: inlining call to atomic.(*Bool).Store
/home/jules/go/pkg/mod/golang.org/toolchain@v0.0.1-go1.26.5.linux-amd64/src/internal/sync/hashtriemap.go:412:57: inlining call to atomic.(*Pointer[go.shape.struct { internal/sync.isEntry bool }]).Store
/home/jules/go/pkg/mod/golang.org/toolchain@v0.0.1-go1.26.5.linux-amd64/src/internal/sync/hashtriemap.go:413:14: inlining call to sync.(*Mutex).Unlock
/home/jules/go/pkg/mod/golang.org/toolchain@v0.0.1-go1.26.5.linux-amd64/src/internal/sync/hashtriemap.go:416:13: inlining call to sync.(*Mutex).Unlock
/home/jules/go/pkg/mod/golang.org/toolchain@v0.0.1-go1.26.5.linux-amd64/src/internal/sync/hashtriemap.go:369:9: inlining call to atomic.(*Uint32).Load
/home/jules/go/pkg/mod/golang.org/toolchain@v0.0.1-go1.26.5.linux-amd64/src/internal/sync/hashtriemap.go:402:32: inlining call to atomic.(*Pointer[go.shape.struct { internal/sync.isEntry bool }]).Load
/home/jules/go/pkg/mod/golang.org/toolchain@v0.0.1-go1.26.5.linux-amd64/src/internal/sync/hashtriemap.go:411:15: inlining call to atomic.b32
/home/jules/go/pkg/mod/golang.org/toolchain@v0.0.1-go1.26.5.linux-amd64/src/internal/sync/hashtriemap.go:663:40: inlining call to atomic.(*Pointer[go.shape.struct { internal/sync.node = internal/sync.node[go.shape.interface {},go.shape.interface {}]; internal/sync.overflow sync/atomic.Pointer[internal/sync.entry[go.shape.interface {},go.shape.interface {}]]; internal/sync.key go.shape.interface {}; internal/sync.value go.shape.interface {} }]).Load
/home/jules/go/pkg/mod/golang.org/toolchain@v0.0.1-go1.26.5.linux-amd64/src/internal/sync/hashtriemap.go:666:13: inlining call to atomic.(*Pointer[go.shape.struct { internal/sync.node = internal/sync.node[go.shape.interface {},go.shape.interface {}]; internal/sync.overflow sync/atomic.Pointer[internal/sync.entry[go.shape.interface {},go.shape.interface {}]]; internal/sync.key go.shape.interface {}; internal/sync.value go.shape.interface {} }]).Load
/home/jules/go/pkg/mod/golang.org/toolchain@v0.0.1-go1.26.5.linux-amd64/src/internal/sync/hashtriemap.go:669:27: inlining call to atomic.(*Pointer[go.shape.struct { internal/sync.node = internal/sync.node[go.shape.interface {},go.shape.interface {}]; internal/sync.overflow sync/atomic.Pointer[internal/sync.entry[go.shape.interface {},go.shape.interface {}]]; internal/sync.key go.shape.interface {}; internal/sync.value go.shape.interface {} }]).Load
/home/jules/go/pkg/mod/golang.org/toolchain@v0.0.1-go1.26.5.linux-amd64/src/internal/sync/hashtriemap.go:669:11: inlining call to atomic.(*Pointer[go.shape.struct { internal/sync.node = internal/sync.node[go.shape.interface {},go.shape.interface {}]; internal/sync.overflow sync/atomic.Pointer[internal/sync.entry[go.shape.interface {},go.shape.interface {}]]; internal/sync.key go.shape.interface {}; internal/sync.value go.shape.interface {} }]).Store
/home/jules/go/pkg/mod/golang.org/toolchain@v0.0.1-go1.26.5.linux-amd64/src/internal/sync/hashtriemap.go:673:22: inlining call to atomic.(*Pointer[go.shape.struct { internal/sync.node = internal/sync.node[go.shape.interface {},go.shape.interface {}]; internal/sync.overflow sync/atomic.Pointer[internal/sync.entry[go.shape.interface {},go.shape.interface {}]]; internal/sync.key go.shape.interface {}; internal/sync.value go.shape.interface {} }]).Load
/home/jules/go/pkg/mod/golang.org/toolchain@v0.0.1-go1.26.5.linux-amd64/src/internal/sync/hashtriemap.go:310:9: inlining call to sync.(*HashTrieMap[go.shape.interface {},go.shape.interface {}]).init
/home/jules/go/pkg/mod/golang.org/toolchain@v0.0.1-go1.26.5.linux-amd64/src/internal/sync/hashtriemap.go:311:33: inlining call to abi.NoEscape
/home/jules/go/pkg/mod/golang.org/toolchain@v0.0.1-go1.26.5.linux-amd64/src/internal/sync/hashtriemap.go:317:15: inlining call to sync.(*Mutex).Unlock
/home/jules/go/pkg/mod/golang.org/toolchain@v0.0.1-go1.26.5.linux-amd64/src/internal/sync/hashtriemap.go:323:25: inlining call to sync.(*node[go.shape.interface {},go.shape.interface {}]).entry
/home/jules/go/pkg/mod/golang.org/toolchain@v0.0.1-go1.26.5.linux-amd64/src/internal/sync/hashtriemap.go:326:14: inlining call to sync.(*Mutex).Unlock
/home/jules/go/pkg/mod/golang.org/toolchain@v0.0.1-go1.26.5.linux-amd64/src/internal/sync/hashtriemap.go:332:13: inlining call to atomic.(*Pointer[go.shape.struct { internal/sync.isEntry bool }]).Store
/home/jules/go/pkg/mod/golang.org/toolchain@v0.0.1-go1.26.5.linux-amd64/src/internal/sync/hashtriemap.go:333:14: inlining call to sync.(*Mutex).Unlock
/home/jules/go/pkg/mod/golang.org/toolchain@v0.0.1-go1.26.5.linux-amd64/src/internal/sync/hashtriemap.go:337:12: inlining call to atomic.(*Pointer[go.shape.struct { internal/sync.isEntry bool }]).Store
/home/jules/go/pkg/mod/golang.org/toolchain@v0.0.1-go1.26.5.linux-amd64/src/internal/sync/hashtriemap.go:340:32: inlining call to sync.(*indirect[go.shape.interface {},go.shape.interface {}]).empty
/home/jules/go/pkg/mod/golang.org/toolchain@v0.0.1-go1.26.5.linux-amd64/src/internal/sync/hashtriemap.go:348:17: inlining call to sync.(*Mutex).Lock
/home/jules/go/pkg/mod/golang.org/toolchain@v0.0.1-go1.26.5.linux-amd64/src/internal/sync/hashtriemap.go:349:15: inlining call to atomic.(*Bool).Store
/home/jules/go/pkg/mod/golang.org/toolchain@v0.0.1-go1.26.5.linux-amd64/src/internal/sync/hashtriemap.go:350:57: inlining call to atomic.(*Pointer[go.shape.struct { internal/sync.isEntry bool }]).Store
/home/jules/go/pkg/mod/golang.org/toolchain@v0.0.1-go1.26.5.linux-amd64/src/internal/sync/hashtriemap.go:351:14: inlining call to sync.(*Mutex).Unlock
/home/jules/go/pkg/mod/golang.org/toolchain@v0.0.1-go1.26.5.linux-amd64/src/internal/sync/hashtriemap.go:354:13: inlining call to sync.(*Mutex).Unlock
/home/jules/go/pkg/mod/golang.org/toolchain@v0.0.1-go1.26.5.linux-amd64/src/internal/sync/hashtriemap.go:310:9: inlining call to atomic.(*Uint32).Load
/home/jules/go/pkg/mod/golang.org/toolchain@v0.0.1-go1.26.5.linux-amd64/src/internal/sync/hashtriemap.go:340:32: inlining call to atomic.(*Pointer[go.shape.struct { internal/sync.isEntry bool }]).Load
/home/jules/go/pkg/mod/golang.org/toolchain@v0.0.1-go1.26.5.linux-amd64/src/internal/sync/hashtriemap.go:349:15: inlining call to atomic.b32
/home/jules/go/pkg/mod/golang.org/toolchain@v0.0.1-go1.26.5.linux-amd64/src/internal/sync/hashtriemap.go:633:74: inlining call to abi.NoEscape
/home/jules/go/pkg/mod/golang.org/toolchain@v0.0.1-go1.26.5.linux-amd64/src/internal/sync/hashtriemap.go:635:20: inlining call to sync.newEntryNode[go.shape.interface {},go.shape.interface {}]
/home/jules/go/pkg/mod/golang.org/toolchain@v0.0.1-go1.26.5.linux-amd64/src/internal/sync/hashtriemap.go:636:33: inlining call to atomic.(*Pointer[go.shape.struct { internal/sync.node = internal/sync.node[go.shape.interface {},go.shape.interface {}]; internal/sync.overflow sync/atomic.Pointer[internal/sync.entry[go.shape.interface {},go.shape.interface {}]]; internal/sync.key go.shape.interface {}; internal/sync.value go.shape.interface {} }]).Load
/home/jules/go/pkg/mod/golang.org/toolchain@v0.0.1-go1.26.5.linux-amd64/src/internal/sync/hashtriemap.go:637:20: inlining call to atomic.(*Pointer[go.shape.struct { internal/sync.node = internal/sync.node[go.shape.interface {},go.shape.interface {}]; internal/sync.overflow sync/atomic.Pointer[internal/sync.entry[go.shape.interface {},go.shape.interface {}]]; internal/sync.key go.shape.interface {}; internal/sync.value go.shape.interface {} }]).Store
/home/jules/go/pkg/mod/golang.org/toolchain@v0.0.1-go1.26.5.linux-amd64/src/internal/sync/hashtriemap.go:642:13: inlining call to atomic.(*Pointer[go.shape.struct { internal/sync.node = internal/sync.node[go.shape.interface {},go.shape.interface {}]; internal/sync.overflow sync/atomic.Pointer[internal/sync.entry[go.shape.interface {},go.shape.interface {}]]; internal/sync.key go.shape.interface {}; internal/sync.value go.shape.interface {} }]).Load
/home/jules/go/pkg/mod/golang.org/toolchain@v0.0.1-go1.26.5.linux-amd64/src/internal/sync/hashtriemap.go:644:69: inlining call to abi.NoEscape
/home/jules/go/pkg/mod/golang.org/toolchain@v0.0.1-go1.26.5.linux-amd64/src/internal/sync/hashtriemap.go:645:24: inlining call to sync.newEntryNode[go.shape.interface {},go.shape.interface {}]
/home/jules/go/pkg/mod/golang.org/toolchain@v0.0.1-go1.26.5.linux-amd64/src/internal/sync/hashtriemap.go:646:39: inlining call to atomic.(*Pointer[go.shape.struct { internal/sync.node = internal/sync.node[go.shape.interface {},go.shape.interface {}]; internal/sync.overflow sync/atomic.Pointer[internal/sync.entry[go.shape.interface {},go.shape.interface {}]]; internal/sync.key go.shape.interface {}; internal/sync.value go.shape.interface {} }]).Load
/home/jules/go/pkg/mod/golang.org/toolchain@v0.0.1-go1.26.5.linux-amd64/src/internal/sync/hashtriemap.go:646:23: inlining call to atomic.(*Pointer[go.shape.struct { internal/sync.node = internal/sync.node[go.shape.interface {},go.shape.interface {}]; internal/sync.overflow sync/atomic.Pointer[internal/sync.entry[go.shape.interface {},go.shape.interface {}]]; internal/sync.key go.shape.interface {}; internal/sync.value go.shape.interface {} }]).Store
/home/jules/go/pkg/mod/golang.org/toolchain@v0.0.1-go1.26.5.linux-amd64/src/internal/sync/hashtriemap.go:647:11: inlining call to atomic.(*Pointer[go.shape.struct { internal/sync.node = internal/sync.node[go.shape.interface {},go.shape.interface {}]; internal/sync.overflow sync/atomic.Pointer[internal/sync.entry[go.shape.interface {},go.shape.interface {}]]; internal/sync.key go.shape.interface {}; internal/sync.value go.shape.interface {} }]).Store
/home/jules/go/pkg/mod/golang.org/toolchain@v0.0.1-go1.26.5.linux-amd64/src/internal/sync/hashtriemap.go:651:22: inlining call to atomic.(*Pointer[go.shape.struct { internal/sync.node = internal/sync.node[go.shape.interface {},go.shape.interface {}]; internal/sync.overflow sync/atomic.Pointer[internal/sync.entry[go.shape.interface {},go.shape.interface {}]]; internal/sync.key go.shape.interface {}; internal/sync.value go.shape.interface {} }]).Load
/home/jules/go/pkg/mod/golang.org/toolchain@v0.0.1-go1.26.5.linux-amd64/src/internal/sync/hashtriemap.go:281:9: inlining call to sync.(*HashTrieMap[go.shape.interface {},go.shape.interface {}]).init
/home/jules/go/pkg/mod/golang.org/toolchain@v0.0.1-go1.26.5.linux-amd64/src/internal/sync/hashtriemap.go:285:33: inlining call to abi.NoEscape
/home/jules/go/pkg/mod/golang.org/toolchain@v0.0.1-go1.26.5.linux-amd64/src/internal/sync/hashtriemap.go:297:23: inlining call to sync.(*node[go.shape.interface {},go.shape.interface {}]).entry
/home/jules/go/pkg/mod/golang.org/toolchain@v0.0.1-go1.26.5.linux-amd64/src/internal/sync/hashtriemap.go:303:12: inlining call to atomic.(*Pointer[go.shape.struct { internal/sync.isEntry bool }]).Store
/home/jules/go/pkg/mod/golang.org/toolchain@v0.0.1-go1.26.5.linux-amd64/src/internal/sync/hashtriemap.go:281:9: inlining call to atomic.(*Uint32).Load
/home/jules/go/pkg/mod/golang.org/toolchain@v0.0.1-go1.26.5.linux-amd64/src/internal/sync/hashtriemap.go:290:20: inlining call to sync.(*Mutex).Unlock
/home/jules/go/pkg/mod/golang.org/toolchain@v0.0.1-go1.26.5.linux-amd64/src/internal/sync/hashtriemap.go:606:20: inlining call to sync.newEntryNode[go.shape.interface {},go.shape.interface {}]
/home/jules/go/pkg/mod/golang.org/toolchain@v0.0.1-go1.26.5.linux-amd64/src/internal/sync/hashtriemap.go:607:33: inlining call to atomic.(*Pointer[go.shape.struct { internal/sync.node = internal/sync.node[go.shape.interface {},go.shape.interface {}]; internal/sync.overflow sync/atomic.Pointer[internal/sync.entry[go.shape.interface {},go.shape.interface {}]]; internal/sync.key go.shape.interface {}; internal/sync.value go.shape.interface {} }]).Load
/home/jules/go/pkg/mod/golang.org/toolchain@v0.0.1-go1.26.5.linux-amd64/src/internal/sync/hashtriemap.go:608:20: inlining call to atomic.(*Pointer[go.shape.struct { internal/sync.node = internal/sync.node[go.shape.interface {},go.shape.interface {}]; internal/sync.overflow sync/atomic.Pointer[internal/sync.entry[go.shape.interface {},go.shape.interface {}]]; internal/sync.key go.shape.interface {}; internal/sync.value go.shape.interface {} }]).Store
/home/jules/go/pkg/mod/golang.org/toolchain@v0.0.1-go1.26.5.linux-amd64/src/internal/sync/hashtriemap.go:613:13: inlining call to atomic.(*Pointer[go.shape.struct { internal/sync.node = internal/sync.node[go.shape.interface {},go.shape.interface {}]; internal/sync.overflow sync/atomic.Pointer[internal/sync.entry[go.shape.interface {},go.shape.interface {}]]; internal/sync.key go.shape.interface {}; internal/sync.value go.shape.interface {} }]).Load
/home/jules/go/pkg/mod/golang.org/toolchain@v0.0.1-go1.26.5.linux-amd64/src/internal/sync/hashtriemap.go:616:24: inlining call to sync.newEntryNode[go.shape.interface {},go.shape.interface {}]
/home/jules/go/pkg/mod/golang.org/toolchain@v0.0.1-go1.26.5.linux-amd64/src/internal/sync/hashtriemap.go:617:39: inlining call to atomic.(*Pointer[go.shape.struct { internal/sync.node = internal/sync.node[go.shape.interface {},go.shape.interface {}]; internal/sync.overflow sync/atomic.Pointer[internal/sync.entry[go.shape.interface {},go.shape.interface {}]]; internal/sync.key go.shape.interface {}; internal/sync.value go.shape.interface {} }]).Load
/home/jules/go/pkg/mod/golang.org/toolchain@v0.0.1-go1.26.5.linux-amd64/src/internal/sync/hashtriemap.go:617:23: inlining call to atomic.(*Pointer[go.shape.struct { internal/sync.node = internal/sync.node[go.shape.interface {},go.shape.interface {}]; internal/sync.overflow sync/atomic.Pointer[internal/sync.entry[go.shape.interface {},go.shape.interface {}]]; internal/sync.key go.shape.interface {}; internal/sync.value go.shape.interface {} }]).Store
/home/jules/go/pkg/mod/golang.org/toolchain@v0.0.1-go1.26.5.linux-amd64/src/internal/sync/hashtriemap.go:618:11: inlining call to atomic.(*Pointer[go.shape.struct { internal/sync.node = internal/sync.node[go.shape.interface {},go.shape.interface {}]; internal/sync.overflow sync/atomic.Pointer[internal/sync.entry[go.shape.interface {},go.shape.interface {}]]; internal/sync.key go.shape.interface {}; internal/sync.value go.shape.interface {} }]).Store
/home/jules/go/pkg/mod/golang.org/toolchain@v0.0.1-go1.26.5.linux-amd64/src/internal/sync/hashtriemap.go:622:22: inlining call to atomic.(*Pointer[go.shape.struct { internal/sync.node = internal/sync.node[go.shape.interface {},go.shape.interface {}]; internal/sync.overflow sync/atomic.Pointer[internal/sync.entry[go.shape.interface {},go.shape.interface {}]]; internal/sync.key go.shape.interface {}; internal/sync.value go.shape.interface {} }]).Load
/home/jules/go/pkg/mod/golang.org/toolchain@v0.0.1-go1.26.5.linux-amd64/src/internal/sync/hashtriemap.go:173:26: inlining call to atomic.(*Pointer[go.shape.struct { internal/sync.node = internal/sync.node[go.shape.interface {},go.shape.interface {}]; internal/sync.overflow sync/atomic.Pointer[internal/sync.entry[go.shape.interface {},go.shape.interface {}]]; internal/sync.key go.shape.interface {}; internal/sync.value go.shape.interface {} }]).Store
/home/jules/go/pkg/mod/golang.org/toolchain@v0.0.1-go1.26.5.linux-amd64/src/internal/sync/hashtriemap.go:177:32: inlining call to sync.newIndirectNode[go.shape.interface {},go.shape.interface {}]
/home/jules/go/pkg/mod/golang.org/toolchain@v0.0.1-go1.26.5.linux-amd64/src/internal/sync/hashtriemap.go:187:34: inlining call to atomic.(*Pointer[go.shape.struct { internal/sync.isEntry bool }]).Store
/home/jules/go/pkg/mod/golang.org/toolchain@v0.0.1-go1.26.5.linux-amd64/src/internal/sync/hashtriemap.go:188:34: inlining call to atomic.(*Pointer[go.shape.struct { internal/sync.isEntry bool }]).Store
/home/jules/go/pkg/mod/golang.org/toolchain@v0.0.1-go1.26.5.linux-amd64/src/internal/sync/hashtriemap.go:191:34: inlining call to sync.newIndirectNode[go.shape.interface {},go.shape.interface {}]
/home/jules/go/pkg/mod/golang.org/toolchain@v0.0.1-go1.26.5.linux-amd64/src/internal/sync/hashtriemap.go:192:33: inlining call to atomic.(*Pointer[go.shape.struct { internal/sync.isEntry bool }]).Store
/home/jules/go/pkg/mod/golang.org/toolchain@v0.0.1-go1.26.5.linux-amd64/src/internal/sync/hashtriemap.go:206:9: inlining call to sync.(*HashTrieMap[go.shape.interface {},go.shape.interface {}]).init
/home/jules/go/pkg/mod/golang.org/toolchain@v0.0.1-go1.26.5.linux-amd64/src/internal/sync/hashtriemap.go:207:33: inlining call to abi.NoEscape
/home/jules/go/pkg/mod/golang.org/toolchain@v0.0.1-go1.26.5.linux-amd64/src/internal/sync/hashtriemap.go:214:19: inlining call to atomic.(*Pointer[go.shape.struct { internal/sync.node = internal/sync.node[go.shape.interface {},go.shape.interface {}]; internal/sync.dead sync/atomic.Bool; internal/sync.mu internal/sync.Mutex; internal/sync.parent *internal/sync.indirect[go.shape.interface {},go.shape.interface {}]; internal/sync.children [16]sync/atomic.Pointer[go.shape.struct { internal/sync.isEntry bool }] }]).Load
/home/jules/go/pkg/mod/golang.org/toolchain@v0.0.1-go1.26.5.linux-amd64/src/internal/sync/hashtriemap.go:221:17: inlining call to atomic.(*Pointer[go.shape.struct { internal/sync.isEntry bool }]).Load
/home/jules/go/pkg/mod/golang.org/toolchain@v0.0.1-go1.26.5.linux-amd64/src/internal/sync/hashtriemap.go:228:18: inlining call to sync.(*node[go.shape.interface {},go.shape.interface {}]).indirect
/home/jules/go/pkg/mod/golang.org/toolchain@v0.0.1-go1.26.5.linux-amd64/src/internal/sync/hashtriemap.go:235:12: inlining call to sync.(*Mutex).Lock
/home/jules/go/pkg/mod/golang.org/toolchain@v0.0.1-go1.26.5.linux-amd64/src/internal/sync/hashtriemap.go:236:16: inlining call to atomic.(*Pointer[go.shape.struct { internal/sync.isEntry bool }]).Load
/home/jules/go/pkg/mod/golang.org/toolchain@v0.0.1-go1.26.5.linux-amd64/src/internal/sync/hashtriemap.go:237:45: inlining call to atomic.(*Bool).Load
/home/jules/go/pkg/mod/golang.org/toolchain@v0.0.1-go1.26.5.linux-amd64/src/internal/sync/hashtriemap.go:242:14: inlining call to sync.(*Mutex).Unlock
/home/jules/go/pkg/mod/golang.org/toolchain@v0.0.1-go1.26.5.linux-amd64/src/internal/sync/hashtriemap.go:255:21: inlining call to sync.(*node[go.shape.interface {},go.shape.interface {}]).entry
/home/jules/go/pkg/mod/golang.org/toolchain@v0.0.1-go1.26.5.linux-amd64/src/internal/sync/hashtriemap.go:258:14: inlining call to atomic.(*Pointer[go.shape.struct { internal/sync.isEntry bool }]).Store
/home/jules/go/pkg/mod/golang.org/toolchain@v0.0.1-go1.26.5.linux-amd64/src/internal/sync/hashtriemap.go:263:26: inlining call to sync.newEntryNode[go.shape.interface {},go.shape.interface {}]
/home/jules/go/pkg/mod/golang.org/toolchain@v0.0.1-go1.26.5.linux-amd64/src/internal/sync/hashtriemap.go:266:13: inlining call to atomic.(*Pointer[go.shape.struct { internal/sync.isEntry bool }]).Store
/home/jules/go/pkg/mod/golang.org/toolchain@v0.0.1-go1.26.5.linux-amd64/src/internal/sync/hashtriemap.go:272:13: inlining call to atomic.(*Pointer[go.shape.struct { internal/sync.isEntry bool }]).Store
/home/jules/go/pkg/mod/golang.org/toolchain@v0.0.1-go1.26.5.linux-amd64/src/internal/sync/hashtriemap.go:206:9: inlining call to atomic.(*Uint32).Load
/home/jules/go/pkg/mod/golang.org/toolchain@v0.0.1-go1.26.5.linux-amd64/src/internal/sync/hashtriemap.go:249:19: inlining call to sync.(*Mutex).Unlock
/home/jules/go/pkg/mod/golang.org/toolchain@v0.0.1-go1.26.5.linux-amd64/src/internal/sync/hashtriemap.go:584:22: inlining call to atomic.(*Pointer[go.shape.struct { internal/sync.node = internal/sync.node[go.shape.interface {},go.shape.interface {}]; internal/sync.overflow sync/atomic.Pointer[internal/sync.entry[go.shape.interface {},go.shape.interface {}]]; internal/sync.key go.shape.interface {}; internal/sync.value go.shape.interface {} }]).Load
/home/jules/go/pkg/mod/golang.org/toolchain@v0.0.1-go1.26.5.linux-amd64/src/internal/sync/hashtriemap.go:89:9: inlining call to sync.(*HashTrieMap[go.shape.interface {},go.shape.interface {}]).init
/home/jules/go/pkg/mod/golang.org/toolchain@v0.0.1-go1.26.5.linux-amd64/src/internal/sync/hashtriemap.go:90:33: inlining call to abi.NoEscape
/home/jules/go/pkg/mod/golang.org/toolchain@v0.0.1-go1.26.5.linux-amd64/src/internal/sync/hashtriemap.go:97:19: inlining call to atomic.(*Pointer[go.shape.struct { internal/sync.node = internal/sync.node[go.shape.interface {},go.shape.interface {}]; internal/sync.dead sync/atomic.Bool; internal/sync.mu internal/sync.Mutex; internal/sync.parent *internal/sync.indirect[go.shape.interface {},go.shape.interface {}]; internal/sync.children [16]sync/atomic.Pointer[go.shape.struct { internal/sync.isEntry bool }] }]).Load
/home/jules/go/pkg/mod/golang.org/toolchain@v0.0.1-go1.26.5.linux-amd64/src/internal/sync/hashtriemap.go:104:17: inlining call to atomic.(*Pointer[go.shape.struct { internal/sync.isEntry bool }]).Load
/home/jules/go/pkg/mod/golang.org/toolchain@v0.0.1-go1.26.5.linux-amd64/src/internal/sync/hashtriemap.go:114:24: inlining call to sync.(*node[go.shape.interface {},go.shape.interface {}]).entry
/home/jules/go/pkg/mod/golang.org/toolchain@v0.0.1-go1.26.5.linux-amd64/src/internal/sync/hashtriemap.go:114:33: inlining call to sync.(*entry[go.shape.interface {},go.shape.interface {}]).lookup
/home/jules/go/pkg/mod/golang.org/toolchain@v0.0.1-go1.26.5.linux-amd64/src/internal/sync/hashtriemap.go:120:18: inlining call to sync.(*node[go.shape.interface {},go.shape.interface {}]).indirect
/home/jules/go/pkg/mod/golang.org/toolchain@v0.0.1-go1.26.5.linux-amd64/src/internal/sync/hashtriemap.go:127:12: inlining call to sync.(*Mutex).Lock
/home/jules/go/pkg/mod/golang.org/toolchain@v0.0.1-go1.26.5.linux-amd64/src/internal/sync/hashtriemap.go:128:16: inlining call to atomic.(*Pointer[go.shape.struct { internal/sync.isEntry bool }]).Load
/home/jules/go/pkg/mod/golang.org/toolchain@v0.0.1-go1.26.5.linux-amd64/src/internal/sync/hashtriemap.go:129:45: inlining call to atomic.(*Bool).Load
/home/jules/go/pkg/mod/golang.org/toolchain@v0.0.1-go1.26.5.linux-amd64/src/internal/sync/hashtriemap.go:134:14: inlining call to sync.(*Mutex).Unlock
/home/jules/go/pkg/mod/golang.org/toolchain@v0.0.1-go1.26.5.linux-amd64/src/internal/sync/hashtriemap.go:145:21: inlining call to sync.(*node[go.shape.interface {},go.shape.interface {}]).entry
/home/jules/go/pkg/mod/golang.org/toolchain@v0.0.1-go1.26.5.linux-amd64/src/internal/sync/hashtriemap.go:146:30: inlining call to sync.(*entry[go.shape.interface {},go.shape.interface {}]).lookup
/home/jules/go/pkg/mod/golang.org/toolchain@v0.0.1-go1.26.5.linux-amd64/src/internal/sync/hashtriemap.go:151:26: inlining call to sync.newEntryNode[go.shape.interface {},go.shape.interface {}]
/home/jules/go/pkg/mod/golang.org/toolchain@v0.0.1-go1.26.5.linux-amd64/src/internal/sync/hashtriemap.go:154:13: inlining call to atomic.(*Pointer[go.shape.struct { internal/sync.isEntry bool }]).Store
/home/jules/go/pkg/mod/golang.org/toolchain@v0.0.1-go1.26.5.linux-amd64/src/internal/sync/hashtriemap.go:160:13: inlining call to atomic.(*Pointer[go.shape.struct { internal/sync.isEntry bool }]).Store
/home/jules/go/pkg/mod/golang.org/toolchain@v0.0.1-go1.26.5.linux-amd64/src/internal/sync/hashtriemap.go:89:9: inlining call to atomic.(*Uint32).Load
/home/jules/go/pkg/mod/golang.org/toolchain@v0.0.1-go1.26.5.linux-amd64/src/internal/sync/hashtriemap.go:114:33: inlining call to atomic.(*Pointer[go.shape.struct { internal/sync.node = internal/sync.node[go.shape.interface {},go.shape.interface {}]; internal/sync.overflow sync/atomic.Pointer[internal/sync.entry[go.shape.interface {},go.shape.interface {}]]; internal/sync.key go.shape.interface {}; internal/sync.value go.shape.interface {} }]).Load
/home/jules/go/pkg/mod/golang.org/toolchain@v0.0.1-go1.26.5.linux-amd64/src/internal/sync/hashtriemap.go:146:30: inlining call to atomic.(*Pointer[go.shape.struct { internal/sync.node = internal/sync.node[go.shape.interface {},go.shape.interface {}]; internal/sync.overflow sync/atomic.Pointer[internal/sync.entry[go.shape.interface {},go.shape.interface {}]]; internal/sync.key go.shape.interface {}; internal/sync.value go.shape.interface {} }]).Load
/home/jules/go/pkg/mod/golang.org/toolchain@v0.0.1-go1.26.5.linux-amd64/src/internal/sync/hashtriemap.go:141:19: inlining call to sync.(*Mutex).Unlock
/home/jules/go/pkg/mod/golang.org/toolchain@v0.0.1-go1.26.5.linux-amd64/src/internal/sync/hashtriemap.go:65:9: inlining call to sync.(*HashTrieMap[go.shape.interface {},go.shape.interface {}]).init
/home/jules/go/pkg/mod/golang.org/toolchain@v0.0.1-go1.26.5.linux-amd64/src/internal/sync/hashtriemap.go:66:33: inlining call to abi.NoEscape
/home/jules/go/pkg/mod/golang.org/toolchain@v0.0.1-go1.26.5.linux-amd64/src/internal/sync/hashtriemap.go:68:19: inlining call to atomic.(*Pointer[go.shape.struct { internal/sync.node = internal/sync.node[go.shape.interface {},go.shape.interface {}]; internal/sync.dead sync/atomic.Bool; internal/sync.mu internal/sync.Mutex; internal/sync.parent *internal/sync.indirect[go.shape.interface {},go.shape.interface {}]; internal/sync.children [16]sync/atomic.Pointer[go.shape.struct { internal/sync.isEntry bool }] }]).Load
/home/jules/go/pkg/mod/golang.org/toolchain@v0.0.1-go1.26.5.linux-amd64/src/internal/sync/hashtriemap.go:73:56: inlining call to atomic.(*Pointer[go.shape.struct { internal/sync.isEntry bool }]).Load
/home/jules/go/pkg/mod/golang.org/toolchain@v0.0.1-go1.26.5.linux-amd64/src/internal/sync/hashtriemap.go:78:18: inlining call to sync.(*node[go.shape.interface {},go.shape.interface {}]).entry
/home/jules/go/pkg/mod/golang.org/toolchain@v0.0.1-go1.26.5.linux-amd64/src/internal/sync/hashtriemap.go:78:27: inlining call to sync.(*entry[go.shape.interface {},go.shape.interface {}]).lookup
/home/jules/go/pkg/mod/golang.org/toolchain@v0.0.1-go1.26.5.linux-amd64/src/internal/sync/hashtriemap.go:80:17: inlining call to sync.(*node[go.shape.interface {},go.shape.interface {}]).indirect
/home/jules/go/pkg/mod/golang.org/toolchain@v0.0.1-go1.26.5.linux-amd64/src/internal/sync/hashtriemap.go:65:9: inlining call to atomic.(*Uint32).Load
/home/jules/go/pkg/mod/golang.org/toolchain@v0.0.1-go1.26.5.linux-amd64/src/internal/sync/hashtriemap.go:78:27: inlining call to atomic.(*Pointer[go.shape.struct { internal/sync.node = internal/sync.node[go.shape.interface {},go.shape.interface {}]; internal/sync.overflow sync/atomic.Pointer[internal/sync.entry[go.shape.interface {},go.shape.interface {}]]; internal/sync.key go.shape.interface {}; internal/sync.value go.shape.interface {} }]).Load
/home/jules/go/pkg/mod/golang.org/toolchain@v0.0.1-go1.26.5.linux-amd64/src/slices/sort.go:16:6: inlining call to slices.Sort[go.shape.[]float64,go.shape.float64]
/home/jules/go/pkg/mod/golang.org/toolchain@v0.0.1-go1.26.5.linux-amd64/src/slices/slices.go:353:6: inlining call to slices.Clone[go.shape.[]float64,go.shape.float64]
/home/jules/go/pkg/mod/golang.org/toolchain@v0.0.1-go1.26.5.linux-amd64/src/internal/sync/hashtriemap.go:359:6: inlining call to sync.(*HashTrieMap[go.shape.interface {},go.shape.interface {}]).Delete
/home/jules/go/pkg/mod/golang.org/toolchain@v0.0.1-go1.26.5.linux-amd64/src/internal/sync/hashtriemap.go:199:6: inlining call to sync.(*HashTrieMap[go.shape.interface {},go.shape.interface {}]).Store
/home/jules/go/pkg/mod/golang.org/toolchain@v0.0.1-go1.26.5.linux-amd64/src/internal/sync/hashtriemap.go:30:6: inlining call to sync.(*HashTrieMap[go.shape.interface {},go.shape.interface {}]).init
/home/jules/go/pkg/mod/golang.org/toolchain@v0.0.1-go1.26.5.linux-amd64/src/internal/sync/hashtriemap.go:30:6: inlining call to atomic.(*Uint32).Load
/home/jules/go/pkg/mod/golang.org/toolchain@v0.0.1-go1.26.5.linux-amd64/src/sync/atomic/type.go:67:6: inlining call to atomic.(*Pointer[go.shape.struct { internal/sync.node = internal/sync.node[interface {},interface {}]; internal/sync.dead sync/atomic.Bool; internal/sync.mu internal/sync.Mutex; internal/sync.parent *internal/sync.indirect[interface {},interface {}]; internal/sync.children [16]sync/atomic.Pointer[internal/sync.node[interface {},interface {}]] }]).CompareAndSwap
/home/jules/go/pkg/mod/golang.org/toolchain@v0.0.1-go1.26.5.linux-amd64/src/sync/atomic/type.go:64:6: inlining call to atomic.(*Pointer[go.shape.struct { internal/sync.node = internal/sync.node[interface {},interface {}]; internal/sync.dead sync/atomic.Bool; internal/sync.mu internal/sync.Mutex; internal/sync.parent *internal/sync.indirect[interface {},interface {}]; internal/sync.children [16]sync/atomic.Pointer[internal/sync.node[interface {},interface {}]] }]).Swap
/home/jules/go/pkg/mod/golang.org/toolchain@v0.0.1-go1.26.5.linux-amd64/src/sync/atomic/type.go:61:6: inlining call to atomic.(*Pointer[go.shape.struct { internal/sync.node = internal/sync.node[interface {},interface {}]; internal/sync.dead sync/atomic.Bool; internal/sync.mu internal/sync.Mutex; internal/sync.parent *internal/sync.indirect[interface {},interface {}]; internal/sync.children [16]sync/atomic.Pointer[internal/sync.node[interface {},interface {}]] }]).Store
/home/jules/go/pkg/mod/golang.org/toolchain@v0.0.1-go1.26.5.linux-amd64/src/sync/atomic/type.go:58:6: inlining call to atomic.(*Pointer[go.shape.struct { internal/sync.node = internal/sync.node[interface {},interface {}]; internal/sync.dead sync/atomic.Bool; internal/sync.mu internal/sync.Mutex; internal/sync.parent *internal/sync.indirect[interface {},interface {}]; internal/sync.children [16]sync/atomic.Pointer[internal/sync.node[interface {},interface {}]] }]).Load
/home/jules/go/pkg/mod/golang.org/toolchain@v0.0.1-go1.26.5.linux-amd64/src/internal/sync/hashtriemap.go:553:6: inlining call to sync.(*indirect[go.shape.interface {},go.shape.interface {}]).empty
/home/jules/go/pkg/mod/golang.org/toolchain@v0.0.1-go1.26.5.linux-amd64/src/internal/sync/hashtriemap.go:553:6: inlining call to atomic.(*Pointer[go.shape.struct { internal/sync.isEntry bool }]).Load
/home/jules/go/pkg/mod/golang.org/toolchain@v0.0.1-go1.26.5.linux-amd64/src/sync/atomic/type.go:67:6: inlining call to atomic.(*Pointer[go.shape.struct { internal/sync.isEntry bool }]).CompareAndSwap
/home/jules/go/pkg/mod/golang.org/toolchain@v0.0.1-go1.26.5.linux-amd64/src/sync/atomic/type.go:64:6: inlining call to atomic.(*Pointer[go.shape.struct { internal/sync.isEntry bool }]).Swap
/home/jules/go/pkg/mod/golang.org/toolchain@v0.0.1-go1.26.5.linux-amd64/src/sync/atomic/type.go:61:6: inlining call to atomic.(*Pointer[go.shape.struct { internal/sync.isEntry bool }]).Store
/home/jules/go/pkg/mod/golang.org/toolchain@v0.0.1-go1.26.5.linux-amd64/src/sync/atomic/type.go:58:6: inlining call to atomic.(*Pointer[go.shape.struct { internal/sync.isEntry bool }]).Load
/home/jules/go/pkg/mod/golang.org/toolchain@v0.0.1-go1.26.5.linux-amd64/src/internal/sync/hashtriemap.go:713:6: inlining call to sync.(*node[go.shape.interface {},go.shape.interface {}]).indirect
/home/jules/go/pkg/mod/golang.org/toolchain@v0.0.1-go1.26.5.linux-amd64/src/internal/sync/hashtriemap.go:706:6: inlining call to sync.(*node[go.shape.interface {},go.shape.interface {}]).entry
/home/jules/go/pkg/mod/golang.org/toolchain@v0.0.1-go1.26.5.linux-amd64/src/internal/sync/hashtriemap.go:589:6: inlining call to sync.(*entry[go.shape.interface {},go.shape.interface {}]).lookupWithValue
/home/jules/go/pkg/mod/golang.org/toolchain@v0.0.1-go1.26.5.linux-amd64/src/internal/sync/hashtriemap.go:589:6: inlining call to abi.NoEscape
/home/jules/go/pkg/mod/golang.org/toolchain@v0.0.1-go1.26.5.linux-amd64/src/internal/sync/hashtriemap.go:589:6: inlining call to atomic.(*Pointer[go.shape.struct { internal/sync.node = internal/sync.node[go.shape.interface {},go.shape.interface {}]; internal/sync.overflow sync/atomic.Pointer[internal/sync.entry[go.shape.interface {},go.shape.interface {}]]; internal/sync.key go.shape.interface {}; internal/sync.value go.shape.interface {} }]).Load
/home/jules/go/pkg/mod/golang.org/toolchain@v0.0.1-go1.26.5.linux-amd64/src/internal/sync/hashtriemap.go:579:6: inlining call to sync.(*entry[go.shape.interface {},go.shape.interface {}]).lookup
/home/jules/go/pkg/mod/golang.org/toolchain@v0.0.1-go1.26.5.linux-amd64/src/internal/sync/hashtriemap.go:579:6: inlining call to atomic.(*Pointer[go.shape.struct { internal/sync.node = internal/sync.node[go.shape.interface {},go.shape.interface {}]; internal/sync.overflow sync/atomic.Pointer[internal/sync.entry[go.shape.interface {},go.shape.interface {}]]; internal/sync.key go.shape.interface {}; internal/sync.value go.shape.interface {} }]).Load
/home/jules/go/pkg/mod/golang.org/toolchain@v0.0.1-go1.26.5.linux-amd64/src/sync/atomic/type.go:67:6: inlining call to atomic.(*Pointer[go.shape.struct { internal/sync.node = internal/sync.node[interface {},interface {}]; internal/sync.overflow sync/atomic.Pointer[internal/sync.entry[interface {},interface {}]]; internal/sync.key interface {}; internal/sync.value interface {} }]).CompareAndSwap
/home/jules/go/pkg/mod/golang.org/toolchain@v0.0.1-go1.26.5.linux-amd64/src/sync/atomic/type.go:64:6: inlining call to atomic.(*Pointer[go.shape.struct { internal/sync.node = internal/sync.node[interface {},interface {}]; internal/sync.overflow sync/atomic.Pointer[internal/sync.entry[interface {},interface {}]]; internal/sync.key interface {}; internal/sync.value interface {} }]).Swap
/home/jules/go/pkg/mod/golang.org/toolchain@v0.0.1-go1.26.5.linux-amd64/src/sync/atomic/type.go:61:6: inlining call to atomic.(*Pointer[go.shape.struct { internal/sync.node = internal/sync.node[interface {},interface {}]; internal/sync.overflow sync/atomic.Pointer[internal/sync.entry[interface {},interface {}]]; internal/sync.key interface {}; internal/sync.value interface {} }]).Store
/home/jules/go/pkg/mod/golang.org/toolchain@v0.0.1-go1.26.5.linux-amd64/src/sync/atomic/type.go:58:6: inlining call to atomic.(*Pointer[go.shape.struct { internal/sync.node = internal/sync.node[interface {},interface {}]; internal/sync.overflow sync/atomic.Pointer[internal/sync.entry[interface {},interface {}]]; internal/sync.key interface {}; internal/sync.value interface {} }]).Load
/home/jules/go/pkg/mod/go.opentelemetry.io/otel/sdk/metric@v1.44.0/internal/aggregate/filtered_reservoir.go:69:22: inlining call to sync.(*Mutex).Lock
/home/jules/go/pkg/mod/go.opentelemetry.io/otel/sdk/metric@v1.44.0/internal/aggregate/filtered_reservoir.go:69:22: inlining call to sync.(*Mutex).Lock
/home/jules/go/pkg/mod/go.opentelemetry.io/otel/sdk/metric@v1.44.0/internal/aggregate/filtered_reservoir.go:70:30: inlining call to sync.(*Mutex).Unlock
/home/jules/go/pkg/mod/go.opentelemetry.io/otel/sdk/metric@v1.44.0/internal/aggregate/filtered_reservoir.go:70:30: inlining call to sync.(*Mutex).Unlock
/home/jules/go/pkg/mod/go.opentelemetry.io/otel/sdk/metric@v1.44.0/exemplar/value.go:34:58: inlining call to math.Float64bits
/home/jules/go/pkg/mod/go.opentelemetry.io/otel/sdk/metric@v1.44.0/internal/aggregate/filtered_reservoir.go:60:23: inlining call to sync.(*Mutex).Lock
/home/jules/go/pkg/mod/go.opentelemetry.io/otel/sdk/metric@v1.44.0/internal/aggregate/filtered_reservoir.go:63:47: inlining call to exemplar.NewValue[go.shape.int64]
/home/jules/go/pkg/mod/go.opentelemetry.io/otel/sdk/metric@v1.44.0/internal/aggregate/filtered_reservoir.go:60:23: inlining call to sync.(*Mutex).Lock
/home/jules/go/pkg/mod/go.opentelemetry.io/otel/sdk/metric@v1.44.0/internal/aggregate/filtered_reservoir.go:63:47: inlining call to math.Float64bits
/home/jules/go/pkg/mod/go.opentelemetry.io/otel/sdk/metric@v1.44.0/internal/aggregate/filtered_reservoir.go:61:31: inlining call to sync.(*Mutex).Unlock
/home/jules/go/pkg/mod/go.opentelemetry.io/otel/sdk/metric@v1.44.0/internal/aggregate/filtered_reservoir.go:61:31: inlining call to sync.(*Mutex).Unlock
/home/jules/go/pkg/mod/go.opentelemetry.io/otel/sdk/metric@v1.44.0/pipeline.go:310:17: inlining call to sync.(*Mutex).Lock
/home/jules/go/pkg/mod/go.opentelemetry.io/otel/sdk/metric@v1.44.0/pipeline.go:310:17: inlining call to sync.(*Mutex).Lock
/home/jules/go/pkg/mod/go.opentelemetry.io/otel/sdk/metric@v1.44.0/pipeline.go:311:25: inlining call to sync.(*Mutex).Unlock
/home/jules/go/pkg/mod/go.opentelemetry.io/otel/sdk/metric@v1.44.0/pipeline.go:311:25: inlining call to sync.(*Mutex).Unlock
/home/jules/go/pkg/mod/go.opentelemetry.io/otel/sdk/metric@v1.44.0/cache.go:49:8: inlining call to sync.(*Mutex).Lock
/home/jules/go/pkg/mod/go.opentelemetry.io/otel/sdk/metric@v1.44.0/cache.go:49:8: inlining call to sync.(*Mutex).Lock
/home/jules/go/pkg/mod/go.opentelemetry.io/otel/sdk/metric@v1.44.0/cache.go:50:16: inlining call to sync.(*Mutex).Unlock
/home/jules/go/pkg/mod/go.opentelemetry.io/otel/sdk/metric@v1.44.0/cache.go:50:16: inlining call to sync.(*Mutex).Unlock
/home/jules/go/pkg/mod/go.opentelemetry.io/otel/sdk/metric@v1.44.0/cache.go:49:8: inlining call to sync.(*Mutex).Lock
/home/jules/go/pkg/mod/go.opentelemetry.io/otel/sdk/metric@v1.44.0/cache.go:49:8: inlining call to sync.(*Mutex).Lock
/home/jules/go/pkg/mod/go.opentelemetry.io/otel/sdk/metric@v1.44.0/cache.go:50:16: inlining call to sync.(*Mutex).Unlock
/home/jules/go/pkg/mod/go.opentelemetry.io/otel/sdk/metric@v1.44.0/cache.go:50:16: inlining call to sync.(*Mutex).Unlock
/home/jules/go/pkg/mod/go.opentelemetry.io/otel/sdk/metric@v1.44.0/cache.go:29:8: inlining call to sync.(*Mutex).Lock
/home/jules/go/pkg/mod/go.opentelemetry.io/otel/sdk/metric@v1.44.0/cache.go:29:8: inlining call to sync.(*Mutex).Lock
/home/jules/go/pkg/mod/go.opentelemetry.io/otel/sdk/metric@v1.44.0/cache.go:30:16: inlining call to sync.(*Mutex).Unlock
/home/jules/go/pkg/mod/go.opentelemetry.io/otel/sdk/metric@v1.44.0/cache.go:30:16: inlining call to sync.(*Mutex).Unlock
/home/jules/go/pkg/mod/go.opentelemetry.io/otel/sdk/metric@v1.44.0/pipeline.go:332:43: inlining call to metric.DefaultAggregationSelector
/home/jules/go/pkg/mod/go.opentelemetry.io/otel/sdk/metric@v1.44.0/pipeline.go:338:44: inlining call to metric.DefaultAggregationSelector
/home/jules/go/pkg/mod/go.opentelemetry.io/otel/sdk/metric@v1.44.0/pipeline.go:339:16: inlining call to global.Error
/home/jules/go/pkg/mod/go.opentelemetry.io/otel/sdk/metric@v1.44.0/pipeline.go:339:16: inlining call to global.GetLogger
/home/jules/go/pkg/mod/go.opentelemetry.io/otel/sdk/metric@v1.44.0/pipeline.go:339:16: inlining call to atomic.(*Pointer[go.shape.struct { github.com/go-logr/logr.sink github.com/go-logr/logr.LogSink; github.com/go-logr/logr.level int }]).Load
/home/jules/go/pkg/mod/go.opentelemetry.io/otel/sdk/metric@v1.44.0/pipeline.go:450:22: inlining call to metric.instID.normalize
/home/jules/go/pkg/mod/go.opentelemetry.io/otel/sdk/metric@v1.44.0/cache.go:29:8: inlining call to sync.(*Mutex).Lock
/home/jules/go/pkg/mod/go.opentelemetry.io/otel/sdk/metric@v1.44.0/cache.go:29:8: inlining call to sync.(*Mutex).Lock
/home/jules/go/pkg/mod/go.opentelemetry.io/otel/sdk/metric@v1.44.0/cache.go:30:16: inlining call to sync.(*Mutex).Unlock
/home/jules/go/pkg/mod/go.opentelemetry.io/otel/sdk/metric@v1.44.0/cache.go:30:16: inlining call to sync.(*Mutex).Unlock
/home/jules/go/pkg/mod/go.opentelemetry.io/otel/sdk/metric@v1.44.0/exemplar.go:27:20: inlining call to reflect.ValueOf
/home/jules/go/pkg/mod/go.opentelemetry.io/otel/sdk/metric@v1.44.0/exemplar.go:27:57: inlining call to reflect.ValueOf
/home/jules/go/pkg/mod/go.opentelemetry.io/otel/sdk/metric@v1.44.0/exemplar.go:31:18: inlining call to reflect.ValueOf
/home/jules/go/pkg/mod/go.opentelemetry.io/otel/sdk/metric@v1.44.0/exemplar.go:31:55: inlining call to reflect.ValueOf
/home/jules/go/pkg/mod/go.opentelemetry.io/otel/sdk/metric@v1.44.0/exemplar.go:27:20: inlining call to reflect.unpackEface
/home/jules/go/pkg/mod/go.opentelemetry.io/otel/sdk/metric@v1.44.0/exemplar.go:27:57: inlining call to reflect.unpackEface
/home/jules/go/pkg/mod/go.opentelemetry.io/otel/sdk/metric@v1.44.0/exemplar.go:31:18: inlining call to reflect.unpackEface
/home/jules/go/pkg/mod/go.opentelemetry.io/otel/sdk/metric@v1.44.0/exemplar.go:31:55: inlining call to reflect.unpackEface
/home/jules/go/pkg/mod/go.opentelemetry.io/otel/sdk/metric@v1.44.0/exemplar.go:27:20: inlining call to abi.(*Type).Kind
/home/jules/go/pkg/mod/go.opentelemetry.io/otel/sdk/metric@v1.44.0/exemplar.go:27:20: inlining call to abi.(*Type).IsDirectIface
/home/jules/go/pkg/mod/go.opentelemetry.io/otel/sdk/metric@v1.44.0/exemplar.go:27:57: inlining call to abi.(*Type).Kind
/home/jules/go/pkg/mod/go.opentelemetry.io/otel/sdk/metric@v1.44.0/exemplar.go:27:57: inlining call to abi.(*Type).IsDirectIface
/home/jules/go/pkg/mod/go.opentelemetry.io/otel/sdk/metric@v1.44.0/exemplar.go:31:18: inlining call to abi.(*Type).Kind
/home/jules/go/pkg/mod/go.opentelemetry.io/otel/sdk/metric@v1.44.0/exemplar.go:31:18: inlining call to abi.(*Type).IsDirectIface
/home/jules/go/pkg/mod/go.opentelemetry.io/otel/sdk/metric@v1.44.0/exemplar.go:31:55: inlining call to abi.(*Type).Kind
/home/jules/go/pkg/mod/go.opentelemetry.io/otel/sdk/metric@v1.44.0/exemplar.go:31:55: inlining call to abi.(*Type).IsDirectIface
/home/jules/go/pkg/mod/go.opentelemetry.io/otel/sdk/metric@v1.44.0/exemplar.go:28:33: inlining call to aggregate.DropReservoir[go.shape.float64]
/home/jules/go/pkg/mod/go.opentelemetry.io/otel/sdk/metric@v1.44.0/exemplar.go:34:33: inlining call to aggregate.DropReservoir[go.shape.float64]
/home/jules/go/pkg/mod/go.opentelemetry.io/otel/sdk/metric@v1.44.0/exemplar.go:37:51: inlining call to aggregate.NewFilteredExemplarReservoir[go.shape.float64]
/home/jules/go/pkg/mod/go.opentelemetry.io/otel/sdk/metric@v1.44.0/internal/aggregate/aggregate.go:57:9: inlining call to aggregate.DropReservoir[go.shape.float64]
/home/jules/go/pkg/mod/go.opentelemetry.io/otel/sdk/metric@v1.44.0/internal/aggregate/atomic.go:84:25: inlining call to math.Float64bits
/home/jules/go/pkg/mod/go.opentelemetry.io/otel/sdk/metric@v1.44.0/internal/aggregate/atomic.go:88:13: inlining call to atomic.(*Uint64).Store
/home/jules/go/pkg/mod/go.opentelemetry.io/otel/sdk/metric@v1.44.0/internal/aggregate/lastvalue.go:49:16: inlining call to aggregate.(*atomicN[go.shape.float64]).Store
/home/jules/go/pkg/mod/go.opentelemetry.io/otel/sdk/metric@v1.44.0/internal/aggregate/lastvalue.go:49:16: inlining call to math.Float64bits
/home/jules/go/pkg/mod/go.opentelemetry.io/otel/sdk/metric@v1.44.0/internal/aggregate/lastvalue.go:49:16: inlining call to atomic.(*Uint64).Store
/home/jules/go/pkg/mod/go.opentelemetry.io/otel/sdk/metric@v1.44.0/internal/aggregate/lastvalue.go:45:16: inlining call to aggregate.(*atomicN[go.shape.float64]).Store
/home/jules/go/pkg/mod/go.opentelemetry.io/otel/sdk/metric@v1.44.0/internal/aggregate/lastvalue.go:45:16: inlining call to math.Float64bits
/home/jules/go/pkg/mod/go.opentelemetry.io/otel/sdk/metric@v1.44.0/internal/aggregate/lastvalue.go:45:16: inlining call to atomic.(*Uint64).Store
/home/jules/go/pkg/mod/go.opentelemetry.io/otel/sdk/metric@v1.44.0/internal/aggregate/lastvalue.go:90:24: inlining call to aggregate.(*hotColdWaitGroup).start
/home/jules/go/pkg/mod/go.opentelemetry.io/otel/sdk/metric@v1.44.0/internal/aggregate/lastvalue.go:90:24: inlining call to atomic.(*Uint64).Add
/home/jules/go/pkg/mod/go.opentelemetry.io/otel/sdk/metric@v1.44.0/internal/aggregate/lastvalue.go:91:19: inlining call to aggregate.(*hotColdWaitGroup).done
/home/jules/go/pkg/mod/go.opentelemetry.io/otel/sdk/metric@v1.44.0/internal/aggregate/lastvalue.go:91:19: inlining call to atomic.(*Uint64).Add
/home/jules/go/pkg/mod/go.opentelemetry.io/otel/sdk/metric@v1.44.0/internal/aggregate/atomic.go:66:17: inlining call to atomic.(*Uint64).Load
/home/jules/go/pkg/mod/go.opentelemetry.io/otel/sdk/metric@v1.44.0/internal/aggregate/atomic.go:71:33: inlining call to math.Float64frombits
/home/jules/go/pkg/mod/go.opentelemetry.io/otel/sdk/metric@v1.44.0/internal/aggregate/exemplar.go:25:15: inlining call to aggregate.reset[go.shape.struct { FilteredAttributes []go.opentelemetry.io/otel/attribute.KeyValue; Time time.Time; Value go.opentelemetry.io/otel/sdk/metric/exemplar.Value; SpanID []uint8 "json:\",omitempty\""; TraceID []uint8 "json:\",omitempty\"" }]
/home/jules/go/pkg/mod/go.opentelemetry.io/otel/sdk/metric@v1.44.0/internal/aggregate/exemplar.go:29:14: inlining call to aggregate.reset[go.shape.struct { FilteredAttributes []go.opentelemetry.io/otel/attribute.KeyValue; Time time.Time; Value go.shape.float64; SpanID []uint8 "json:\",omitempty\""; TraceID []uint8 "json:\",omitempty\"" }]
/home/jules/go/pkg/mod/go.opentelemetry.io/otel/sdk/metric@v1.44.0/internal/aggregate/exemplar.go:36:22: inlining call to exemplar.Value.Type
/home/jules/go/pkg/mod/go.opentelemetry.io/otel/sdk/metric@v1.44.0/internal/aggregate/exemplar.go:38:37: inlining call to exemplar.Value.Int64
/home/jules/go/pkg/mod/go.opentelemetry.io/otel/sdk/metric@v1.44.0/internal/aggregate/exemplar.go:40:39: inlining call to exemplar.Value.Float64
/home/jules/go/pkg/mod/go.opentelemetry.io/otel/sdk/metric@v1.44.0/internal/aggregate/exemplar.go:40:39: inlining call to math.Float64frombits
/home/jules/go/pkg/mod/go.opentelemetry.io/otel/sdk/metric@v1.44.0/internal/aggregate/lastvalue.go:119:15: inlining call to aggregate.reset[go.shape.struct { Attributes go.opentelemetry.io/otel/attribute.Set; StartTime time.Time "json:\",omitempty\""; Time time.Time "json:\",omitempty\""; Value go.shape.float64; Exemplars []go.opentelemetry.io/otel/sdk/metric/metricdata.Exemplar[go.shape.float64] "json:\",omitempty\"" }]
/home/jules/go/pkg/mod/go.opentelemetry.io/otel/sdk/metric@v1.44.0/internal/aggregate/lastvalue.go:122:39: inlining call to sync.(*Map).Range
/home/jules/go/pkg/mod/go.opentelemetry.io/otel/sdk/metric@v1.44.0/internal/aggregate/lastvalue.go:127:31: inlining call to aggregate.(*atomicN[go.shape.float64]).Load
/home/jules/go/pkg/mod/go.opentelemetry.io/otel/sdk/metric@v1.44.0/internal/aggregate/lastvalue.go:127:31: inlining call to atomic.(*Uint64).Load
/home/jules/go/pkg/mod/go.opentelemetry.io/otel/sdk/metric@v1.44.0/internal/aggregate/lastvalue.go:127:31: inlining call to math.Float64frombits
/home/jules/go/pkg/mod/go.opentelemetry.io/otel/sdk/metric@v1.44.0/internal/aggregate/lastvalue.go:168:15: inlining call to aggregate.reset[go.shape.struct { Attributes go.opentelemetry.io/otel/attribute.Set; StartTime time.Time "json:\",omitempty\""; Time time.Time "json:\",omitempty\""; Value go.shape.float64; Exemplars []go.opentelemetry.io/otel/sdk/metric/metricdata.Exemplar[go.shape.float64] "json:\",omitempty\"" }]
/home/jules/go/pkg/mod/go.opentelemetry.io/otel/sdk/metric@v1.44.0/internal/aggregate/lastvalue.go:170:65: inlining call to x.Feature[go.shape.bool].Enabled
/home/jules/go/pkg/mod/go.opentelemetry.io/otel/sdk/metric@v1.44.0/internal/aggregate/lastvalue.go:173:16: inlining call to sync.(*Map).Range
/home/jules/go/pkg/mod/go.opentelemetry.io/otel/sdk/metric@v1.44.0/internal/aggregate/lastvalue.go:184:28: inlining call to aggregate.(*atomicN[go.shape.float64]).Load
/home/jules/go/pkg/mod/go.opentelemetry.io/otel/sdk/metric@v1.44.0/internal/aggregate/lastvalue.go:184:28: inlining call to atomic.(*Uint64).Load
/home/jules/go/pkg/mod/go.opentelemetry.io/otel/sdk/metric@v1.44.0/internal/aggregate/lastvalue.go:184:28: inlining call to math.Float64frombits
/home/jules/go/pkg/mod/go.opentelemetry.io/otel/sdk/metric@v1.44.0/internal/aggregate/aggregate.go:79:59: inlining call to aggregate.Builder[go.shape.float64].resFunc
/home/jules/go/pkg/mod/go.opentelemetry.io/otel/sdk/metric@v1.44.0/internal/aggregate/aggregate.go:80:18: inlining call to aggregate.Builder[go.shape.float64].filter
/home/jules/go/pkg/mod/go.opentelemetry.io/otel/sdk/metric@v1.44.0/internal/aggregate/aggregate.go:82:64: inlining call to aggregate.Builder[go.shape.float64].resFunc
/home/jules/go/pkg/mod/go.opentelemetry.io/otel/sdk/metric@v1.44.0/internal/aggregate/aggregate.go:82:34: inlining call to aggregate.newCumulativeLastValue[go.shape.float64]
/home/jules/go/pkg/mod/go.opentelemetry.io/otel/sdk/metric@v1.44.0/internal/aggregate/aggregate.go:83:18: inlining call to aggregate.Builder[go.shape.float64].filter
/home/jules/go/pkg/mod/go.opentelemetry.io/otel/sdk/metric@v1.44.0/internal/aggregate/aggregate.go:91:64: inlining call to aggregate.Builder[go.shape.float64].resFunc
/home/jules/go/pkg/mod/go.opentelemetry.io/otel/sdk/metric@v1.44.0/internal/aggregate/aggregate.go:91:34: inlining call to aggregate.newPrecomputedLastValue[go.shape.float64]
/home/jules/go/pkg/mod/go.opentelemetry.io/otel/sdk/metric@v1.44.0/internal/aggregate/aggregate.go:94:18: inlining call to aggregate.Builder[go.shape.float64].filter
/home/jules/go/pkg/mod/go.opentelemetry.io/otel/sdk/metric@v1.44.0/internal/aggregate/aggregate.go:96:18: inlining call to aggregate.Builder[go.shape.float64].filter
/home/jules/go/pkg/mod/go.opentelemetry.io/otel/sdk/metric@v1.44.0/internal/aggregate/aggregate.go:94:34: inlining call to aggregate.(*precomputedLastValue[go.shape.float64]).delta
/home/jules/go/pkg/mod/go.opentelemetry.io/otel/sdk/metric@v1.44.0/internal/aggregate/atomic.go:40:13: inlining call to atomic.(*Int64).Add
/home/jules/go/pkg/mod/go.opentelemetry.io/otel/sdk/metric@v1.44.0/internal/aggregate/atomic.go:46:31: inlining call to atomic.(*Uint64).Load
/home/jules/go/pkg/mod/go.opentelemetry.io/otel/sdk/metric@v1.44.0/internal/aggregate/atomic.go:47:51: inlining call to math.Float64frombits
/home/jules/go/pkg/mod/go.opentelemetry.io/otel/sdk/metric@v1.44.0/internal/aggregate/atomic.go:47:30: inlining call to math.Float64bits
/home/jules/go/pkg/mod/go.opentelemetry.io/otel/sdk/metric@v1.44.0/internal/aggregate/atomic.go:48:33: inlining call to atomic.(*Uint64).CompareAndSwap
/home/jules/go/pkg/mod/go.opentelemetry.io/otel/sdk/metric@v1.44.0/internal/aggregate/sum.go:44:10: inlining call to aggregate.(*atomicCounter[go.shape.float64]).add
/home/jules/go/pkg/mod/go.opentelemetry.io/otel/sdk/metric@v1.44.0/internal/aggregate/sum.go:44:10: inlining call to atomic.(*Int64).Add
/home/jules/go/pkg/mod/go.opentelemetry.io/otel/sdk/metric@v1.44.0/internal/aggregate/sum.go:44:10: inlining call to atomic.(*Uint64).Load
/home/jules/go/pkg/mod/go.opentelemetry.io/otel/sdk/metric@v1.44.0/internal/aggregate/sum.go:44:10: inlining call to math.Float64frombits
/home/jules/go/pkg/mod/go.opentelemetry.io/otel/sdk/metric@v1.44.0/internal/aggregate/sum.go:44:10: inlining call to math.Float64bits
/home/jules/go/pkg/mod/go.opentelemetry.io/otel/sdk/metric@v1.44.0/internal/aggregate/sum.go:44:10: inlining call to atomic.(*Uint64).CompareAndSwap
/home/jules/go/pkg/mod/go.opentelemetry.io/otel/sdk/metric@v1.44.0/internal/aggregate/sum.go:87:24: inlining call to aggregate.(*hotColdWaitGroup).start
/home/jules/go/pkg/mod/go.opentelemetry.io/otel/sdk/metric@v1.44.0/internal/aggregate/sum.go:87:24: inlining call to atomic.(*Uint64).Add
/home/jules/go/pkg/mod/go.opentelemetry.io/otel/sdk/metric@v1.44.0/internal/aggregate/sum.go:88:19: inlining call to aggregate.(*hotColdWaitGroup).done
/home/jules/go/pkg/mod/go.opentelemetry.io/otel/sdk/metric@v1.44.0/internal/aggregate/sum.go:88:19: inlining call to atomic.(*Uint64).Add
/home/jules/go/pkg/mod/go.opentelemetry.io/otel/sdk/metric@v1.44.0/internal/aggregate/atomic.go:31:48: inlining call to atomic.(*Uint64).Load
/home/jules/go/pkg/mod/go.opentelemetry.io/otel/sdk/metric@v1.44.0/internal/aggregate/atomic.go:31:30: inlining call to math.Float64frombits
/home/jules/go/pkg/mod/go.opentelemetry.io/otel/sdk/metric@v1.44.0/internal/aggregate/atomic.go:32:21: inlining call to atomic.(*Int64).Load
/home/jules/go/pkg/mod/go.opentelemetry.io/otel/sdk/metric@v1.44.0/internal/aggregate/sum.go:241:15: inlining call to aggregate.reset[go.shape.struct { Attributes go.opentelemetry.io/otel/attribute.Set; StartTime time.Time "json:\",omitempty\""; Time time.Time "json:\",omitempty\""; Value go.shape.float64; Exemplars []go.opentelemetry.io/otel/sdk/metric/metricdata.Exemplar[go.shape.float64] "json:\",omitempty\"" }]
/home/jules/go/pkg/mod/go.opentelemetry.io/otel/sdk/metric@v1.44.0/internal/aggregate/sum.go:244:39: inlining call to sync.(*Map).Range
/home/jules/go/pkg/mod/go.opentelemetry.io/otel/sdk/metric@v1.44.0/internal/aggregate/sum.go:246:18: inlining call to aggregate.(*atomicCounter[go.shape.float64]).load
/home/jules/go/pkg/mod/go.opentelemetry.io/otel/sdk/metric@v1.44.0/internal/aggregate/sum.go:246:18: inlining call to atomic.(*Uint64).Load
/home/jules/go/pkg/mod/go.opentelemetry.io/otel/sdk/metric@v1.44.0/internal/aggregate/sum.go:246:18: inlining call to math.Float64frombits
/home/jules/go/pkg/mod/go.opentelemetry.io/otel/sdk/metric@v1.44.0/internal/aggregate/sum.go:246:18: inlining call to atomic.(*Int64).Load
/home/jules/go/pkg/mod/go.opentelemetry.io/otel/sdk/metric@v1.44.0/internal/aggregate/sum.go:285:15: inlining call to aggregate.reset[go.shape.struct { Attributes go.opentelemetry.io/otel/attribute.Set; StartTime time.Time "json:\",omitempty\""; Time time.Time "json:\",omitempty\""; Value go.shape.float64; Exemplars []go.opentelemetry.io/otel/sdk/metric/metricdata.Exemplar[go.shape.float64] "json:\",omitempty\"" }]
/home/jules/go/pkg/mod/go.opentelemetry.io/otel/sdk/metric@v1.44.0/internal/aggregate/sum.go:288:39: inlining call to sync.(*Map).Range
/home/jules/go/pkg/mod/go.opentelemetry.io/otel/sdk/metric@v1.44.0/internal/aggregate/sum.go:294:29: inlining call to aggregate.(*atomicCounter[go.shape.float64]).load
/home/jules/go/pkg/mod/go.opentelemetry.io/otel/sdk/metric@v1.44.0/internal/aggregate/sum.go:294:29: inlining call to atomic.(*Uint64).Load
/home/jules/go/pkg/mod/go.opentelemetry.io/otel/sdk/metric@v1.44.0/internal/aggregate/sum.go:294:29: inlining call to math.Float64frombits
/home/jules/go/pkg/mod/go.opentelemetry.io/otel/sdk/metric@v1.44.0/internal/aggregate/sum.go:294:29: inlining call to atomic.(*Int64).Load
/home/jules/go/pkg/mod/go.opentelemetry.io/otel/sdk/metric@v1.44.0/internal/aggregate/aggregate.go:103:68: inlining call to aggregate.Builder[go.shape.float64].resFunc
/home/jules/go/pkg/mod/go.opentelemetry.io/otel/sdk/metric@v1.44.0/internal/aggregate/aggregate.go:103:27: inlining call to aggregate.newPrecomputedSum[go.shape.float64]
/home/jules/go/pkg/mod/go.opentelemetry.io/otel/sdk/metric@v1.44.0/internal/aggregate/aggregate.go:106:18: inlining call to aggregate.Builder[go.shape.float64].filter
/home/jules/go/pkg/mod/go.opentelemetry.io/otel/sdk/metric@v1.44.0/internal/aggregate/aggregate.go:108:18: inlining call to aggregate.Builder[go.shape.float64].filter
/home/jules/go/pkg/mod/go.opentelemetry.io/otel/sdk/metric@v1.44.0/internal/aggregate/sum.go:108:15: inlining call to aggregate.reset[go.shape.struct { Attributes go.opentelemetry.io/otel/attribute.Set; StartTime time.Time "json:\",omitempty\""; Time time.Time "json:\",omitempty\""; Value go.shape.float64; Exemplars []go.opentelemetry.io/otel/sdk/metric/metricdata.Exemplar[go.shape.float64] "json:\",omitempty\"" }]
/home/jules/go/pkg/mod/go.opentelemetry.io/otel/sdk/metric@v1.44.0/internal/aggregate/sum.go:111:39: inlining call to sync.(*Map).Range
/home/jules/go/pkg/mod/go.opentelemetry.io/otel/sdk/metric@v1.44.0/internal/aggregate/sum.go:117:29: inlining call to aggregate.(*atomicCounter[go.shape.float64]).load
/home/jules/go/pkg/mod/go.opentelemetry.io/otel/sdk/metric@v1.44.0/internal/aggregate/sum.go:117:29: inlining call to atomic.(*Uint64).Load
/home/jules/go/pkg/mod/go.opentelemetry.io/otel/sdk/metric@v1.44.0/internal/aggregate/sum.go:117:29: inlining call to math.Float64frombits
/home/jules/go/pkg/mod/go.opentelemetry.io/otel/sdk/metric@v1.44.0/internal/aggregate/sum.go:117:29: inlining call to atomic.(*Int64).Load
/home/jules/go/pkg/mod/go.opentelemetry.io/otel/sdk/metric@v1.44.0/internal/aggregate/sum.go:170:15: inlining call to aggregate.reset[go.shape.struct { Attributes go.opentelemetry.io/otel/attribute.Set; StartTime time.Time "json:\",omitempty\""; Time time.Time "json:\",omitempty\""; Value go.shape.float64; Exemplars []go.opentelemetry.io/otel/sdk/metric/metricdata.Exemplar[go.shape.float64] "json:\",omitempty\"" }]
/home/jules/go/pkg/mod/go.opentelemetry.io/otel/sdk/metric@v1.44.0/internal/aggregate/sum.go:172:65: inlining call to x.Feature[go.shape.bool].Enabled
/home/jules/go/pkg/mod/go.opentelemetry.io/otel/sdk/metric@v1.44.0/internal/aggregate/sum.go:175:16: inlining call to sync.(*Map).Range
/home/jules/go/pkg/mod/go.opentelemetry.io/otel/sdk/metric@v1.44.0/internal/aggregate/sum.go:186:26: inlining call to aggregate.(*atomicCounter[go.shape.float64]).load
/home/jules/go/pkg/mod/go.opentelemetry.io/otel/sdk/metric@v1.44.0/internal/aggregate/sum.go:186:26: inlining call to atomic.(*Uint64).Load
/home/jules/go/pkg/mod/go.opentelemetry.io/otel/sdk/metric@v1.44.0/internal/aggregate/sum.go:186:26: inlining call to math.Float64frombits
/home/jules/go/pkg/mod/go.opentelemetry.io/otel/sdk/metric@v1.44.0/internal/aggregate/sum.go:186:26: inlining call to atomic.(*Int64).Load
/home/jules/go/pkg/mod/go.opentelemetry.io/otel/sdk/metric@v1.44.0/internal/aggregate/aggregate.go:116:63: inlining call to aggregate.Builder[go.shape.float64].resFunc
/home/jules/go/pkg/mod/go.opentelemetry.io/otel/sdk/metric@v1.44.0/internal/aggregate/aggregate.go:117:18: inlining call to aggregate.Builder[go.shape.float64].filter
/home/jules/go/pkg/mod/go.opentelemetry.io/otel/sdk/metric@v1.44.0/internal/aggregate/aggregate.go:119:68: inlining call to aggregate.Builder[go.shape.float64].resFunc
/home/jules/go/pkg/mod/go.opentelemetry.io/otel/sdk/metric@v1.44.0/internal/aggregate/aggregate.go:119:27: inlining call to aggregate.newCumulativeSum[go.shape.float64]
/home/jules/go/pkg/mod/go.opentelemetry.io/otel/sdk/metric@v1.44.0/internal/aggregate/aggregate.go:120:18: inlining call to aggregate.Builder[go.shape.float64].filter
/home/jules/go/pkg/mod/go.opentelemetry.io/otel/sdk/metric@v1.44.0/internal/aggregate/histogram.go:166:19: inlining call to slices.Clone[go.shape.[]float64,go.shape.float64]
/home/jules/go/pkg/mod/go.opentelemetry.io/otel/sdk/metric@v1.44.0/internal/aggregate/histogram.go:167:13: inlining call to slices.Sort[go.shape.[]float64,go.shape.float64]
/home/jules/go/pkg/mod/go.opentelemetry.io/otel/sdk/metric@v1.44.0/internal/aggregate/atomic.go:112:11: inlining call to sync.(*Mutex).Lock
/home/jules/go/pkg/mod/go.opentelemetry.io/otel/sdk/metric@v1.44.0/internal/aggregate/atomic.go:114:16: inlining call to atomic.(*Bool).Load
/home/jules/go/pkg/mod/go.opentelemetry.io/otel/sdk/metric@v1.44.0/internal/aggregate/atomic.go:116:18: inlining call to aggregate.(*atomicN[go.shape.float64]).Store
/home/jules/go/pkg/mod/go.opentelemetry.io/otel/sdk/metric@v1.44.0/internal/aggregate/atomic.go:117:18: inlining call to aggregate.(*atomicN[go.shape.float64]).Store
/home/jules/go/pkg/mod/go.opentelemetry.io/otel/sdk/metric@v1.44.0/internal/aggregate/atomic.go:112:11: inlining call to sync.(*Mutex).Lock
/home/jules/go/pkg/mod/go.opentelemetry.io/otel/sdk/metric@v1.44.0/internal/aggregate/atomic.go:116:18: inlining call to math.Float64bits
/home/jules/go/pkg/mod/go.opentelemetry.io/otel/sdk/metric@v1.44.0/internal/aggregate/atomic.go:116:18: inlining call to atomic.(*Uint64).Store
/home/jules/go/pkg/mod/go.opentelemetry.io/otel/sdk/metric@v1.44.0/internal/aggregate/atomic.go:117:18: inlining call to math.Float64bits
/home/jules/go/pkg/mod/go.opentelemetry.io/otel/sdk/metric@v1.44.0/internal/aggregate/atomic.go:117:18: inlining call to atomic.(*Uint64).Store
/home/jules/go/pkg/mod/go.opentelemetry.io/otel/sdk/metric@v1.44.0/internal/aggregate/atomic.go:113:19: inlining call to sync.(*Mutex).Unlock
/home/jules/go/pkg/mod/go.opentelemetry.io/otel/sdk/metric@v1.44.0/internal/aggregate/atomic.go:113:19: inlining call to sync.(*Mutex).Unlock
/home/jules/go/pkg/mod/go.opentelemetry.io/otel/sdk/metric@v1.44.0/internal/aggregate/atomic.go:115:20: inlining call to atomic.(*Bool).Store
/home/jules/go/pkg/mod/go.opentelemetry.io/otel/sdk/metric@v1.44.0/internal/aggregate/atomic.go:115:20: inlining call to atomic.b32
/home/jules/go/pkg/mod/go.opentelemetry.io/otel/sdk/metric@v1.44.0/internal/aggregate/atomic.go:97:26: inlining call to math.Float64bits
/home/jules/go/pkg/mod/go.opentelemetry.io/otel/sdk/metric@v1.44.0/internal/aggregate/atomic.go:97:59: inlining call to math.Float64bits
/home/jules/go/pkg/mod/go.opentelemetry.io/otel/sdk/metric@v1.44.0/internal/aggregate/atomic.go:101:29: inlining call to atomic.(*Uint64).CompareAndSwap
/home/jules/go/pkg/mod/go.opentelemetry.io/otel/sdk/metric@v1.44.0/internal/aggregate/atomic.go:124:16: inlining call to atomic.(*Bool).Load
/home/jules/go/pkg/mod/go.opentelemetry.io/otel/sdk/metric@v1.44.0/internal/aggregate/atomic.go:128:23: inlining call to aggregate.(*atomicN[go.shape.float64]).Load
/home/jules/go/pkg/mod/go.opentelemetry.io/otel/sdk/metric@v1.44.0/internal/aggregate/atomic.go:130:30: inlining call to aggregate.(*atomicN[go.shape.float64]).CompareAndSwap
/home/jules/go/pkg/mod/go.opentelemetry.io/otel/sdk/metric@v1.44.0/internal/aggregate/atomic.go:133:23: inlining call to aggregate.(*atomicN[go.shape.float64]).Load
/home/jules/go/pkg/mod/go.opentelemetry.io/otel/sdk/metric@v1.44.0/internal/aggregate/atomic.go:136:22: inlining call to aggregate.(*atomicN[go.shape.float64]).Load
/home/jules/go/pkg/mod/go.opentelemetry.io/otel/sdk/metric@v1.44.0/internal/aggregate/atomic.go:138:30: inlining call to aggregate.(*atomicN[go.shape.float64]).CompareAndSwap
/home/jules/go/pkg/mod/go.opentelemetry.io/otel/sdk/metric@v1.44.0/internal/aggregate/atomic.go:141:23: inlining call to aggregate.(*atomicN[go.shape.float64]).Load
/home/jules/go/pkg/mod/go.opentelemetry.io/otel/sdk/metric@v1.44.0/internal/aggregate/atomic.go:128:23: inlining call to atomic.(*Uint64).Load
/home/jules/go/pkg/mod/go.opentelemetry.io/otel/sdk/metric@v1.44.0/internal/aggregate/atomic.go:128:23: inlining call to math.Float64frombits
/home/jules/go/pkg/mod/go.opentelemetry.io/otel/sdk/metric@v1.44.0/internal/aggregate/atomic.go:130:30: inlining call to math.Float64bits
/home/jules/go/pkg/mod/go.opentelemetry.io/otel/sdk/metric@v1.44.0/internal/aggregate/atomic.go:130:30: inlining call to math.Float64bits
/home/jules/go/pkg/mod/go.opentelemetry.io/otel/sdk/metric@v1.44.0/internal/aggregate/atomic.go:130:30: inlining call to atomic.(*Uint64).CompareAndSwap
/home/jules/go/pkg/mod/go.opentelemetry.io/otel/sdk/metric@v1.44.0/internal/aggregate/atomic.go:133:23: inlining call to atomic.(*Uint64).Load
/home/jules/go/pkg/mod/go.opentelemetry.io/otel/sdk/metric@v1.44.0/internal/aggregate/atomic.go:133:23: inlining call to math.Float64frombits
/home/jules/go/pkg/mod/go.opentelemetry.io/otel/sdk/metric@v1.44.0/internal/aggregate/atomic.go:136:22: inlining call to atomic.(*Uint64).Load
/home/jules/go/pkg/mod/go.opentelemetry.io/otel/sdk/metric@v1.44.0/internal/aggregate/atomic.go:136:22: inlining call to math.Float64frombits
/home/jules/go/pkg/mod/go.opentelemetry.io/otel/sdk/metric@v1.44.0/internal/aggregate/atomic.go:138:30: inlining call to math.Float64bits
/home/jules/go/pkg/mod/go.opentelemetry.io/otel/sdk/metric@v1.44.0/internal/aggregate/atomic.go:138:30: inlining call to math.Float64bits
/home/jules/go/pkg/mod/go.opentelemetry.io/otel/sdk/metric@v1.44.0/internal/aggregate/atomic.go:138:30: inlining call to atomic.(*Uint64).CompareAndSwap
/home/jules/go/pkg/mod/go.opentelemetry.io/otel/sdk/metric@v1.44.0/internal/aggregate/atomic.go:141:23: inlining call to atomic.(*Uint64).Load
/home/jules/go/pkg/mod/go.opentelemetry.io/otel/sdk/metric@v1.44.0/internal/aggregate/atomic.go:141:23: inlining call to math.Float64frombits
/home/jules/go/pkg/mod/go.opentelemetry.io/otel/sdk/metric@v1.44.0/internal/aggregate/histogram.go:115:24: inlining call to aggregate.(*hotColdWaitGroup).start
/home/jules/go/pkg/mod/go.opentelemetry.io/otel/sdk/metric@v1.44.0/internal/aggregate/histogram.go:142:19: inlining call to atomic.(*Uint64).Add
/home/jules/go/pkg/mod/go.opentelemetry.io/otel/sdk/metric@v1.44.0/internal/aggregate/histogram.go:147:14: inlining call to aggregate.(*atomicCounter[go.shape.float64]).add
/home/jules/go/pkg/mod/go.opentelemetry.io/otel/sdk/metric@v1.44.0/internal/aggregate/histogram.go:115:24: inlining call to atomic.(*Uint64).Add
/home/jules/go/pkg/mod/go.opentelemetry.io/otel/sdk/metric@v1.44.0/internal/aggregate/histogram.go:147:14: inlining call to atomic.(*Int64).Add
/home/jules/go/pkg/mod/go.opentelemetry.io/otel/sdk/metric@v1.44.0/internal/aggregate/histogram.go:147:14: inlining call to atomic.(*Uint64).Load
/home/jules/go/pkg/mod/go.opentelemetry.io/otel/sdk/metric@v1.44.0/internal/aggregate/histogram.go:147:14: inlining call to math.Float64frombits
/home/jules/go/pkg/mod/go.opentelemetry.io/otel/sdk/metric@v1.44.0/internal/aggregate/histogram.go:147:14: inlining call to math.Float64bits
/home/jules/go/pkg/mod/go.opentelemetry.io/otel/sdk/metric@v1.44.0/internal/aggregate/histogram.go:147:14: inlining call to atomic.(*Uint64).CompareAndSwap
/home/jules/go/pkg/mod/go.opentelemetry.io/otel/sdk/metric@v1.44.0/internal/aggregate/histogram.go:116:19: inlining call to aggregate.(*hotColdWaitGroup).done
/home/jules/go/pkg/mod/go.opentelemetry.io/otel/sdk/metric@v1.44.0/internal/aggregate/histogram.go:116:19: inlining call to atomic.(*Uint64).Add
/home/jules/go/pkg/mod/go.opentelemetry.io/otel/sdk/metric@v1.44.0/internal/aggregate/histogram.go:49:17: inlining call to aggregate.reset[go.shape.uint64]
/home/jules/go/pkg/mod/go.opentelemetry.io/otel/sdk/metric@v1.44.0/internal/aggregate/histogram.go:52:24: inlining call to atomic.(*Uint64).Load
/home/jules/go/pkg/mod/go.opentelemetry.io/otel/sdk/metric@v1.44.0/internal/aggregate/histogram.go:195:24: inlining call to slices.Clone[go.shape.[]float64,go.shape.float64]
/home/jules/go/pkg/mod/go.opentelemetry.io/otel/sdk/metric@v1.44.0/internal/aggregate/histogram.go:200:16: inlining call to aggregate.reset[go.shape.struct { Attributes go.opentelemetry.io/otel/attribute.Set; StartTime time.Time; Time time.Time; Count uint64; Bounds []float64; BucketCounts []uint64; Min go.opentelemetry.io/otel/sdk/metric/metricdata.Extrema[go.shape.float64]; Max go.opentelemetry.io/otel/sdk/metric/metricdata.Extrema[go.shape.float64]; Sum go.shape.float64; Exemplars []go.opentelemetry.io/otel/sdk/metric/metricdata.Exemplar[go.shape.float64] "json:\",omitempty\"" }]
/home/jules/go/pkg/mod/go.opentelemetry.io/otel/sdk/metric@v1.44.0/internal/aggregate/histogram.go:203:32: inlining call to sync.(*Map).Range
/home/jules/go/pkg/mod/go.opentelemetry.io/otel/sdk/metric@v1.44.0/internal/aggregate/histogram.go:206:30: inlining call to aggregate.(*histogramPointCounters[go.shape.float64]).loadCountsInto
/home/jules/go/pkg/mod/go.opentelemetry.io/otel/sdk/metric@v1.44.0/internal/aggregate/histogram.go:214:33: inlining call to aggregate.(*atomicCounter[go.shape.float64]).load
/home/jules/go/pkg/mod/go.opentelemetry.io/otel/sdk/metric@v1.44.0/internal/aggregate/histogram.go:218:26: inlining call to atomic.(*Bool).Load
/home/jules/go/pkg/mod/go.opentelemetry.io/otel/sdk/metric@v1.44.0/internal/aggregate/histogram.go:219:65: inlining call to aggregate.(*atomicN[go.shape.float64]).Load
/home/jules/go/pkg/mod/go.opentelemetry.io/otel/sdk/metric@v1.44.0/internal/aggregate/histogram.go:219:41: inlining call to metricdata.NewExtrema[go.shape.float64]
/home/jules/go/pkg/mod/go.opentelemetry.io/otel/sdk/metric@v1.44.0/internal/aggregate/histogram.go:220:65: inlining call to aggregate.(*atomicN[go.shape.float64]).Load
/home/jules/go/pkg/mod/go.opentelemetry.io/otel/sdk/metric@v1.44.0/internal/aggregate/histogram.go:220:41: inlining call to metricdata.NewExtrema[go.shape.float64]
/home/jules/go/pkg/mod/go.opentelemetry.io/otel/sdk/metric@v1.44.0/internal/aggregate/histogram.go:206:30: inlining call to aggregate.reset[go.shape.uint64]
/home/jules/go/pkg/mod/go.opentelemetry.io/otel/sdk/metric@v1.44.0/internal/aggregate/histogram.go:206:30: inlining call to atomic.(*Uint64).Load
/home/jules/go/pkg/mod/go.opentelemetry.io/otel/sdk/metric@v1.44.0/internal/aggregate/histogram.go:214:33: inlining call to atomic.(*Uint64).Load
/home/jules/go/pkg/mod/go.opentelemetry.io/otel/sdk/metric@v1.44.0/internal/aggregate/histogram.go:214:33: inlining call to math.Float64frombits
/home/jules/go/pkg/mod/go.opentelemetry.io/otel/sdk/metric@v1.44.0/internal/aggregate/histogram.go:214:33: inlining call to atomic.(*Int64).Load
/home/jules/go/pkg/mod/go.opentelemetry.io/otel/sdk/metric@v1.44.0/internal/aggregate/histogram.go:219:65: inlining call to atomic.(*Uint64).Load
/home/jules/go/pkg/mod/go.opentelemetry.io/otel/sdk/metric@v1.44.0/internal/aggregate/histogram.go:219:65: inlining call to math.Float64frombits
/home/jules/go/pkg/mod/go.opentelemetry.io/otel/sdk/metric@v1.44.0/internal/aggregate/histogram.go:220:65: inlining call to atomic.(*Uint64).Load
/home/jules/go/pkg/mod/go.opentelemetry.io/otel/sdk/metric@v1.44.0/internal/aggregate/histogram.go:220:65: inlining call to math.Float64frombits
/home/jules/go/pkg/mod/go.opentelemetry.io/otel/sdk/metric@v1.44.0/internal/aggregate/histogram.go:273:19: inlining call to slices.Clone[go.shape.[]float64,go.shape.float64]
/home/jules/go/pkg/mod/go.opentelemetry.io/otel/sdk/metric@v1.44.0/internal/aggregate/histogram.go:274:13: inlining call to slices.Sort[go.shape.[]float64,go.shape.float64]
/home/jules/go/pkg/mod/go.opentelemetry.io/otel/sdk/metric@v1.44.0/internal/aggregate/histogram.go:325:24: inlining call to aggregate.(*hotColdWaitGroup).start
/home/jules/go/pkg/mod/go.opentelemetry.io/otel/sdk/metric@v1.44.0/internal/aggregate/histogram.go:328:40: inlining call to atomic.(*Uint64).Add
/home/jules/go/pkg/mod/go.opentelemetry.io/otel/sdk/metric@v1.44.0/internal/aggregate/histogram.go:333:35: inlining call to aggregate.(*atomicCounter[go.shape.float64]).add
/home/jules/go/pkg/mod/go.opentelemetry.io/otel/sdk/metric@v1.44.0/internal/aggregate/histogram.go:325:24: inlining call to atomic.(*Uint64).Add
/home/jules/go/pkg/mod/go.opentelemetry.io/otel/sdk/metric@v1.44.0/internal/aggregate/histogram.go:333:35: inlining call to atomic.(*Int64).Add
/home/jules/go/pkg/mod/go.opentelemetry.io/otel/sdk/metric@v1.44.0/internal/aggregate/histogram.go:333:35: inlining call to atomic.(*Uint64).Load
/home/jules/go/pkg/mod/go.opentelemetry.io/otel/sdk/metric@v1.44.0/internal/aggregate/histogram.go:333:35: inlining call to math.Float64frombits
/home/jules/go/pkg/mod/go.opentelemetry.io/otel/sdk/metric@v1.44.0/internal/aggregate/histogram.go:333:35: inlining call to math.Float64bits
/home/jules/go/pkg/mod/go.opentelemetry.io/otel/sdk/metric@v1.44.0/internal/aggregate/histogram.go:333:35: inlining call to atomic.(*Uint64).CompareAndSwap
/home/jules/go/pkg/mod/go.opentelemetry.io/otel/sdk/metric@v1.44.0/internal/aggregate/histogram.go:326:19: inlining call to aggregate.(*hotColdWaitGroup).done
/home/jules/go/pkg/mod/go.opentelemetry.io/otel/sdk/metric@v1.44.0/internal/aggregate/histogram.go:326:19: inlining call to atomic.(*Uint64).Add
/home/jules/go/pkg/mod/go.opentelemetry.io/otel/sdk/metric@v1.44.0/internal/aggregate/atomic.go:56:20: inlining call to atomic.(*Uint64).Store
/home/jules/go/pkg/mod/go.opentelemetry.io/otel/sdk/metric@v1.44.0/internal/aggregate/atomic.go:57:14: inlining call to atomic.(*Int64).Store
/home/jules/go/pkg/mod/go.opentelemetry.io/otel/sdk/metric@v1.44.0/internal/aggregate/histogram.go:69:38: inlining call to atomic.(*Uint64).Load
/home/jules/go/pkg/mod/go.opentelemetry.io/otel/sdk/metric@v1.44.0/internal/aggregate/histogram.go:69:21: inlining call to atomic.(*Uint64).Add
/home/jules/go/pkg/mod/go.opentelemetry.io/otel/sdk/metric@v1.44.0/internal/aggregate/histogram.go:70:20: inlining call to atomic.(*Uint64).Store
/home/jules/go/pkg/mod/go.opentelemetry.io/otel/sdk/metric@v1.44.0/internal/aggregate/histogram.go:77:23: inlining call to atomic.(*Bool).Load
/home/jules/go/pkg/mod/go.opentelemetry.io/otel/sdk/metric@v1.44.0/internal/aggregate/histogram.go:78:44: inlining call to aggregate.(*atomicN[go.shape.float64]).Load
/home/jules/go/pkg/mod/go.opentelemetry.io/otel/sdk/metric@v1.44.0/internal/aggregate/histogram.go:79:44: inlining call to aggregate.(*atomicN[go.shape.float64]).Load
/home/jules/go/pkg/mod/go.opentelemetry.io/otel/sdk/metric@v1.44.0/internal/aggregate/histogram.go:83:30: inlining call to aggregate.(*atomicCounter[go.shape.float64]).load
/home/jules/go/pkg/mod/go.opentelemetry.io/otel/sdk/metric@v1.44.0/internal/aggregate/histogram.go:83:17: inlining call to aggregate.(*atomicCounter[go.shape.float64]).add
/home/jules/go/pkg/mod/go.opentelemetry.io/otel/sdk/metric@v1.44.0/internal/aggregate/histogram.go:84:16: inlining call to aggregate.(*atomicCounter[go.shape.float64]).reset
/home/jules/go/pkg/mod/go.opentelemetry.io/otel/sdk/metric@v1.44.0/internal/aggregate/histogram.go:78:44: inlining call to atomic.(*Uint64).Load
/home/jules/go/pkg/mod/go.opentelemetry.io/otel/sdk/metric@v1.44.0/internal/aggregate/histogram.go:78:44: inlining call to math.Float64frombits
/home/jules/go/pkg/mod/go.opentelemetry.io/otel/sdk/metric@v1.44.0/internal/aggregate/histogram.go:79:44: inlining call to atomic.(*Uint64).Load
/home/jules/go/pkg/mod/go.opentelemetry.io/otel/sdk/metric@v1.44.0/internal/aggregate/histogram.go:79:44: inlining call to math.Float64frombits
/home/jules/go/pkg/mod/go.opentelemetry.io/otel/sdk/metric@v1.44.0/internal/aggregate/histogram.go:83:30: inlining call to atomic.(*Uint64).Load
/home/jules/go/pkg/mod/go.opentelemetry.io/otel/sdk/metric@v1.44.0/internal/aggregate/histogram.go:83:30: inlining call to math.Float64frombits
/home/jules/go/pkg/mod/go.opentelemetry.io/otel/sdk/metric@v1.44.0/internal/aggregate/histogram.go:83:30: inlining call to atomic.(*Int64).Load
/home/jules/go/pkg/mod/go.opentelemetry.io/otel/sdk/metric@v1.44.0/internal/aggregate/histogram.go:83:17: inlining call to atomic.(*Int64).Add
/home/jules/go/pkg/mod/go.opentelemetry.io/otel/sdk/metric@v1.44.0/internal/aggregate/histogram.go:83:17: inlining call to atomic.(*Uint64).Load
/home/jules/go/pkg/mod/go.opentelemetry.io/otel/sdk/metric@v1.44.0/internal/aggregate/histogram.go:83:17: inlining call to math.Float64frombits
/home/jules/go/pkg/mod/go.opentelemetry.io/otel/sdk/metric@v1.44.0/internal/aggregate/histogram.go:83:17: inlining call to math.Float64bits
/home/jules/go/pkg/mod/go.opentelemetry.io/otel/sdk/metric@v1.44.0/internal/aggregate/histogram.go:83:17: inlining call to atomic.(*Uint64).CompareAndSwap
/home/jules/go/pkg/mod/go.opentelemetry.io/otel/sdk/metric@v1.44.0/internal/aggregate/histogram.go:84:16: inlining call to atomic.(*Uint64).Store
/home/jules/go/pkg/mod/go.opentelemetry.io/otel/sdk/metric@v1.44.0/internal/aggregate/histogram.go:84:16: inlining call to atomic.(*Int64).Store
/home/jules/go/pkg/mod/go.opentelemetry.io/otel/sdk/metric@v1.44.0/internal/aggregate/histogram.go:351:24: inlining call to slices.Clone[go.shape.[]float64,go.shape.float64]
/home/jules/go/pkg/mod/go.opentelemetry.io/otel/sdk/metric@v1.44.0/internal/aggregate/histogram.go:355:16: inlining call to aggregate.reset[go.shape.struct { Attributes go.opentelemetry.io/otel/attribute.Set; StartTime time.Time; Time time.Time; Count uint64; Bounds []float64; BucketCounts []uint64; Min go.opentelemetry.io/otel/sdk/metric/metricdata.Extrema[go.shape.float64]; Max go.opentelemetry.io/otel/sdk/metric/metricdata.Extrema[go.shape.float64]; Sum go.shape.float64; Exemplars []go.opentelemetry.io/otel/sdk/metric/metricdata.Exemplar[go.shape.float64] "json:\",omitempty\"" }]
/home/jules/go/pkg/mod/go.opentelemetry.io/otel/sdk/metric@v1.44.0/internal/aggregate/histogram.go:357:65: inlining call to x.Feature[go.shape.bool].Enabled
/home/jules/go/pkg/mod/go.opentelemetry.io/otel/sdk/metric@v1.44.0/internal/aggregate/histogram.go:360:16: inlining call to sync.(*Map).Range
/home/jules/go/pkg/mod/go.opentelemetry.io/otel/sdk/metric@v1.44.0/internal/aggregate/histogram.go:370:52: inlining call to aggregate.(*histogramPointCounters[go.shape.float64]).loadCountsInto
/home/jules/go/pkg/mod/go.opentelemetry.io/otel/sdk/metric@v1.44.0/internal/aggregate/histogram.go:383:52: inlining call to aggregate.(*atomicCounter[go.shape.float64]).load
/home/jules/go/pkg/mod/go.opentelemetry.io/otel/sdk/metric@v1.44.0/internal/aggregate/histogram.go:386:48: inlining call to atomic.(*Bool).Load
/home/jules/go/pkg/mod/go.opentelemetry.io/otel/sdk/metric@v1.44.0/internal/aggregate/histogram.go:387:84: inlining call to aggregate.(*atomicN[go.shape.float64]).Load
/home/jules/go/pkg/mod/go.opentelemetry.io/otel/sdk/metric@v1.44.0/internal/aggregate/histogram.go:387:38: inlining call to metricdata.NewExtrema[go.shape.float64]
/home/jules/go/pkg/mod/go.opentelemetry.io/otel/sdk/metric@v1.44.0/internal/aggregate/histogram.go:388:84: inlining call to aggregate.(*atomicN[go.shape.float64]).Load
/home/jules/go/pkg/mod/go.opentelemetry.io/otel/sdk/metric@v1.44.0/internal/aggregate/histogram.go:388:38: inlining call to metricdata.NewExtrema[go.shape.float64]
/home/jules/go/pkg/mod/go.opentelemetry.io/otel/sdk/metric@v1.44.0/internal/aggregate/histogram.go:370:52: inlining call to aggregate.reset[go.shape.uint64]
/home/jules/go/pkg/mod/go.opentelemetry.io/otel/sdk/metric@v1.44.0/internal/aggregate/histogram.go:370:52: inlining call to atomic.(*Uint64).Load
/home/jules/go/pkg/mod/go.opentelemetry.io/otel/sdk/metric@v1.44.0/internal/aggregate/histogram.go:383:52: inlining call to atomic.(*Uint64).Load
/home/jules/go/pkg/mod/go.opentelemetry.io/otel/sdk/metric@v1.44.0/internal/aggregate/histogram.go:383:52: inlining call to math.Float64frombits
/home/jules/go/pkg/mod/go.opentelemetry.io/otel/sdk/metric@v1.44.0/internal/aggregate/histogram.go:383:52: inlining call to atomic.(*Int64).Load
/home/jules/go/pkg/mod/go.opentelemetry.io/otel/sdk/metric@v1.44.0/internal/aggregate/histogram.go:387:84: inlining call to atomic.(*Uint64).Load
/home/jules/go/pkg/mod/go.opentelemetry.io/otel/sdk/metric@v1.44.0/internal/aggregate/histogram.go:387:84: inlining call to math.Float64frombits
/home/jules/go/pkg/mod/go.opentelemetry.io/otel/sdk/metric@v1.44.0/internal/aggregate/histogram.go:388:84: inlining call to atomic.(*Uint64).Load
/home/jules/go/pkg/mod/go.opentelemetry.io/otel/sdk/metric@v1.44.0/internal/aggregate/histogram.go:388:84: inlining call to math.Float64frombits
/home/jules/go/pkg/mod/go.opentelemetry.io/otel/sdk/metric@v1.44.0/internal/aggregate/aggregate.go:132:87: inlining call to aggregate.Builder[go.shape.float64].resFunc
/home/jules/go/pkg/mod/go.opentelemetry.io/otel/sdk/metric@v1.44.0/internal/aggregate/aggregate.go:133:18: inlining call to aggregate.Builder[go.shape.float64].filter
/home/jules/go/pkg/mod/go.opentelemetry.io/otel/sdk/metric@v1.44.0/internal/aggregate/aggregate.go:135:92: inlining call to aggregate.Builder[go.shape.float64].resFunc
/home/jules/go/pkg/mod/go.opentelemetry.io/otel/sdk/metric@v1.44.0/internal/aggregate/aggregate.go:136:18: inlining call to aggregate.Builder[go.shape.float64].filter
/home/jules/go/pkg/mod/go.opentelemetry.io/otel/sdk/metric@v1.44.0/internal/aggregate/exponential_histogram.go:308:48: inlining call to aggregate.newLimiter[go.shape.9c74d0f725e4f60a27458a2cbaaa0bf1332fdd6a51c2fc1b1d2d7a8409a154ed]
/home/jules/go/pkg/mod/go.opentelemetry.io/otel/sdk/metric@v1.44.0/internal/aggregate/limit.go:35:45: inlining call to attribute.(*Set).Equivalent
/home/jules/go/pkg/mod/go.opentelemetry.io/otel/sdk/metric@v1.44.0/internal/aggregate/exponential_histogram.go:61:16: inlining call to atomic.(*Int32).Store
/home/jules/go/pkg/mod/go.opentelemetry.io/otel/sdk/metric@v1.44.0/internal/aggregate/exponential_histogram.go:114:23: inlining call to atomic.(*Int32).Load
/home/jules/go/pkg/mod/go.opentelemetry.io/otel/sdk/metric@v1.44.0/internal/aggregate/exponential_histogram.go:71:12: inlining call to aggregate.(*atomicCounter[go.shape.float64]).add
/home/jules/go/pkg/mod/go.opentelemetry.io/otel/sdk/metric@v1.44.0/internal/aggregate/exponential_histogram.go:77:18: inlining call to atomic.(*Uint64).Add
/home/jules/go/pkg/mod/go.opentelemetry.io/otel/sdk/metric@v1.44.0/internal/aggregate/exponential_histogram.go:90:32: inlining call to aggregate.(*expoHistogramDataPoint[go.shape.float64]).scaleChange
/home/jules/go/pkg/mod/go.opentelemetry.io/otel/sdk/metric@v1.44.0/internal/aggregate/exponential_histogram.go:91:31: inlining call to atomic.(*Int32).Load
/home/jules/go/pkg/mod/go.opentelemetry.io/otel/sdk/metric@v1.44.0/internal/aggregate/exponential_histogram.go:95:26: inlining call to errors.New
/home/jules/go/pkg/mod/go.opentelemetry.io/otel/sdk/metric@v1.44.0/internal/aggregate/exponential_histogram.go:99:14: inlining call to atomic.(*Int32).Add
/home/jules/go/pkg/mod/go.opentelemetry.io/otel/sdk/metric@v1.44.0/internal/aggregate/exponential_histogram.go:71:12: inlining call to atomic.(*Int64).Add
/home/jules/go/pkg/mod/go.opentelemetry.io/otel/sdk/metric@v1.44.0/internal/aggregate/exponential_histogram.go:71:12: inlining call to atomic.(*Uint64).Load
/home/jules/go/pkg/mod/go.opentelemetry.io/otel/sdk/metric@v1.44.0/internal/aggregate/exponential_histogram.go:71:12: inlining call to math.Float64frombits
/home/jules/go/pkg/mod/go.opentelemetry.io/otel/sdk/metric@v1.44.0/internal/aggregate/exponential_histogram.go:71:12: inlining call to math.Float64bits
/home/jules/go/pkg/mod/go.opentelemetry.io/otel/sdk/metric@v1.44.0/internal/aggregate/exponential_histogram.go:71:12: inlining call to atomic.(*Uint64).CompareAndSwap
/home/jules/go/pkg/mod/go.opentelemetry.io/otel/sdk/metric@v1.44.0/internal/aggregate/exponential_histogram.go:342:17: inlining call to sync.(*Mutex).Lock
/home/jules/go/pkg/mod/go.opentelemetry.io/otel/sdk/metric@v1.44.0/internal/aggregate/exponential_histogram.go:345:39: inlining call to attribute.(*Set).Equivalent
/home/jules/go/pkg/mod/go.opentelemetry.io/otel/sdk/metric@v1.44.0/internal/aggregate/exponential_histogram.go:347:32: inlining call to aggregate.limiter[go.shape.9c74d0f725e4f60a27458a2cbaaa0bf1332fdd6a51c2fc1b1d2d7a8409a154ed].Attributes
/home/jules/go/pkg/mod/go.opentelemetry.io/otel/sdk/metric@v1.44.0/internal/aggregate/exponential_histogram.go:350:39: inlining call to attribute.(*Set).Equivalent
/home/jules/go/pkg/mod/go.opentelemetry.io/otel/sdk/metric@v1.44.0/internal/aggregate/exponential_histogram.go:358:32: inlining call to attribute.(*Set).Equivalent
/home/jules/go/pkg/mod/go.opentelemetry.io/otel/sdk/metric@v1.44.0/internal/aggregate/exponential_histogram.go:342:17: inlining call to sync.(*Mutex).Lock
/home/jules/go/pkg/mod/go.opentelemetry.io/otel/sdk/metric@v1.44.0/internal/aggregate/exponential_histogram.go:347:32: inlining call to attribute.(*Set).Equivalent
/home/jules/go/pkg/mod/go.opentelemetry.io/otel/sdk/metric@v1.44.0/internal/aggregate/exponential_histogram.go:343:25: inlining call to sync.(*Mutex).Unlock
/home/jules/go/pkg/mod/go.opentelemetry.io/otel/sdk/metric@v1.44.0/internal/aggregate/exponential_histogram.go:343:25: inlining call to sync.(*Mutex).Unlock
/home/jules/go/pkg/mod/go.opentelemetry.io/otel/sdk/metric@v1.44.0/internal/aggregate/exponential_histogram.go:182:27: inlining call to aggregate.(*expoBuckets).count
/home/jules/go/pkg/mod/go.opentelemetry.io/otel/sdk/metric@v1.44.0/internal/aggregate/exponential_histogram.go:182:50: inlining call to aggregate.(*expoBuckets).count
/home/jules/go/pkg/mod/go.opentelemetry.io/otel/sdk/metric@v1.44.0/internal/aggregate/exponential_histogram.go:182:71: inlining call to atomic.(*Uint64).Load
/home/jules/go/pkg/mod/go.opentelemetry.io/otel/sdk/metric@v1.44.0/internal/aggregate/exponential_histogram.go:182:27: inlining call to atomic.(*Uint64).Load
/home/jules/go/pkg/mod/go.opentelemetry.io/otel/sdk/metric@v1.44.0/internal/aggregate/exponential_histogram.go:182:50: inlining call to atomic.(*Uint64).Load
/home/jules/go/pkg/mod/go.opentelemetry.io/otel/sdk/metric@v1.44.0/internal/aggregate/exponential_histogram.go:377:17: inlining call to sync.(*Mutex).Lock
/home/jules/go/pkg/mod/go.opentelemetry.io/otel/sdk/metric@v1.44.0/internal/aggregate/exponential_histogram.go:381:16: inlining call to aggregate.reset[go.shape.887ebdfccc730a6ab5f17f44ea0d2ae2368c2c95ef67545ff043bdf39ddecf4a]
/home/jules/go/pkg/mod/go.opentelemetry.io/otel/sdk/metric@v1.44.0/internal/aggregate/exponential_histogram.go:388:29: inlining call to aggregate.(*expoHistogramDataPoint[go.shape.float64]).count
/home/jules/go/pkg/mod/go.opentelemetry.io/otel/sdk/metric@v1.44.0/internal/aggregate/exponential_histogram.go:389:34: inlining call to atomic.(*Int32).Load
/home/jules/go/pkg/mod/go.opentelemetry.io/otel/sdk/metric@v1.44.0/internal/aggregate/exponential_histogram.go:390:42: inlining call to atomic.(*Uint64).Load
/home/jules/go/pkg/mod/go.opentelemetry.io/otel/sdk/metric@v1.44.0/internal/aggregate/exponential_histogram.go:394:41: inlining call to aggregate.reset[go.shape.uint64]
/home/jules/go/pkg/mod/go.opentelemetry.io/otel/sdk/metric@v1.44.0/internal/aggregate/exponential_histogram.go:400:69: inlining call to atomic.(*Uint64).Load
/home/jules/go/pkg/mod/go.opentelemetry.io/otel/sdk/metric@v1.44.0/internal/aggregate/exponential_histogram.go:404:41: inlining call to aggregate.reset[go.shape.uint64]
/home/jules/go/pkg/mod/go.opentelemetry.io/otel/sdk/metric@v1.44.0/internal/aggregate/exponential_histogram.go:410:69: inlining call to atomic.(*Uint64).Load
/home/jules/go/pkg/mod/go.opentelemetry.io/otel/sdk/metric@v1.44.0/internal/aggregate/exponential_histogram.go:414:31: inlining call to aggregate.(*atomicCounter[go.shape.float64]).load
/home/jules/go/pkg/mod/go.opentelemetry.io/otel/sdk/metric@v1.44.0/internal/aggregate/exponential_histogram.go:417:26: inlining call to atomic.(*Bool).Load
/home/jules/go/pkg/mod/go.opentelemetry.io/otel/sdk/metric@v1.44.0/internal/aggregate/exponential_histogram.go:418:65: inlining call to aggregate.(*atomicN[go.shape.float64]).Load
/home/jules/go/pkg/mod/go.opentelemetry.io/otel/sdk/metric@v1.44.0/internal/aggregate/exponential_histogram.go:418:41: inlining call to metricdata.NewExtrema[go.shape.float64]
/home/jules/go/pkg/mod/go.opentelemetry.io/otel/sdk/metric@v1.44.0/internal/aggregate/exponential_histogram.go:419:65: inlining call to aggregate.(*atomicN[go.shape.float64]).Load
/home/jules/go/pkg/mod/go.opentelemetry.io/otel/sdk/metric@v1.44.0/internal/aggregate/exponential_histogram.go:419:41: inlining call to metricdata.NewExtrema[go.shape.float64]
/home/jules/go/pkg/mod/go.opentelemetry.io/otel/sdk/metric@v1.44.0/internal/aggregate/exponential_histogram.go:377:17: inlining call to sync.(*Mutex).Lock
/home/jules/go/pkg/mod/go.opentelemetry.io/otel/sdk/metric@v1.44.0/internal/aggregate/exponential_histogram.go:388:29: inlining call to aggregate.(*expoBuckets).count
/home/jules/go/pkg/mod/go.opentelemetry.io/otel/sdk/metric@v1.44.0/internal/aggregate/exponential_histogram.go:388:29: inlining call to aggregate.(*expoBuckets).count
/home/jules/go/pkg/mod/go.opentelemetry.io/otel/sdk/metric@v1.44.0/internal/aggregate/exponential_histogram.go:388:29: inlining call to atomic.(*Uint64).Load
/home/jules/go/pkg/mod/go.opentelemetry.io/otel/sdk/metric@v1.44.0/internal/aggregate/exponential_histogram.go:414:31: inlining call to atomic.(*Uint64).Load
/home/jules/go/pkg/mod/go.opentelemetry.io/otel/sdk/metric@v1.44.0/internal/aggregate/exponential_histogram.go:414:31: inlining call to math.Float64frombits
/home/jules/go/pkg/mod/go.opentelemetry.io/otel/sdk/metric@v1.44.0/internal/aggregate/exponential_histogram.go:414:31: inlining call to atomic.(*Int64).Load
/home/jules/go/pkg/mod/go.opentelemetry.io/otel/sdk/metric@v1.44.0/internal/aggregate/exponential_histogram.go:418:65: inlining call to atomic.(*Uint64).Load
/home/jules/go/pkg/mod/go.opentelemetry.io/otel/sdk/metric@v1.44.0/internal/aggregate/exponential_histogram.go:418:65: inlining call to math.Float64frombits
/home/jules/go/pkg/mod/go.opentelemetry.io/otel/sdk/metric@v1.44.0/internal/aggregate/exponential_histogram.go:419:65: inlining call to atomic.(*Uint64).Load
/home/jules/go/pkg/mod/go.opentelemetry.io/otel/sdk/metric@v1.44.0/internal/aggregate/exponential_histogram.go:419:65: inlining call to math.Float64frombits
/home/jules/go/pkg/mod/go.opentelemetry.io/otel/sdk/metric@v1.44.0/internal/aggregate/exponential_histogram.go:388:29: inlining call to atomic.(*Uint64).Load
/home/jules/go/pkg/mod/go.opentelemetry.io/otel/sdk/metric@v1.44.0/internal/aggregate/exponential_histogram.go:388:29: inlining call to atomic.(*Uint64).Load
/home/jules/go/pkg/mod/go.opentelemetry.io/otel/sdk/metric@v1.44.0/internal/aggregate/exponential_histogram.go:378:25: inlining call to sync.(*Mutex).Unlock
/home/jules/go/pkg/mod/go.opentelemetry.io/otel/sdk/metric@v1.44.0/internal/aggregate/exponential_histogram.go:378:25: inlining call to sync.(*Mutex).Unlock
/home/jules/go/pkg/mod/go.opentelemetry.io/otel/sdk/metric@v1.44.0/internal/aggregate/exponential_histogram.go:446:17: inlining call to sync.(*Mutex).Lock
/home/jules/go/pkg/mod/go.opentelemetry.io/otel/sdk/metric@v1.44.0/internal/aggregate/exponential_histogram.go:450:16: inlining call to aggregate.reset[go.shape.887ebdfccc730a6ab5f17f44ea0d2ae2368c2c95ef67545ff043bdf39ddecf4a]
/home/jules/go/pkg/mod/go.opentelemetry.io/otel/sdk/metric@v1.44.0/internal/aggregate/exponential_histogram.go:452:65: inlining call to x.Feature[go.shape.bool].Enabled
/home/jules/go/pkg/mod/go.opentelemetry.io/otel/sdk/metric@v1.44.0/internal/aggregate/exponential_histogram.go:464:29: inlining call to aggregate.(*expoHistogramDataPoint[go.shape.float64]).count
/home/jules/go/pkg/mod/go.opentelemetry.io/otel/sdk/metric@v1.44.0/internal/aggregate/exponential_histogram.go:465:34: inlining call to atomic.(*Int32).Load
/home/jules/go/pkg/mod/go.opentelemetry.io/otel/sdk/metric@v1.44.0/internal/aggregate/exponential_histogram.go:466:42: inlining call to atomic.(*Uint64).Load
/home/jules/go/pkg/mod/go.opentelemetry.io/otel/sdk/metric@v1.44.0/internal/aggregate/exponential_histogram.go:470:41: inlining call to aggregate.reset[go.shape.uint64]
/home/jules/go/pkg/mod/go.opentelemetry.io/otel/sdk/metric@v1.44.0/internal/aggregate/exponential_histogram.go:476:69: inlining call to atomic.(*Uint64).Load
/home/jules/go/pkg/mod/go.opentelemetry.io/otel/sdk/metric@v1.44.0/internal/aggregate/exponential_histogram.go:480:41: inlining call to aggregate.reset[go.shape.uint64]
/home/jules/go/pkg/mod/go.opentelemetry.io/otel/sdk/metric@v1.44.0/internal/aggregate/exponential_histogram.go:486:69: inlining call to atomic.(*Uint64).Load
/home/jules/go/pkg/mod/go.opentelemetry.io/otel/sdk/metric@v1.44.0/internal/aggregate/exponential_histogram.go:490:31: inlining call to aggregate.(*atomicCounter[go.shape.float64]).load
/home/jules/go/pkg/mod/go.opentelemetry.io/otel/sdk/metric@v1.44.0/internal/aggregate/exponential_histogram.go:493:26: inlining call to atomic.(*Bool).Load
/home/jules/go/pkg/mod/go.opentelemetry.io/otel/sdk/metric@v1.44.0/internal/aggregate/exponential_histogram.go:494:65: inlining call to aggregate.(*atomicN[go.shape.float64]).Load
/home/jules/go/pkg/mod/go.opentelemetry.io/otel/sdk/metric@v1.44.0/internal/aggregate/exponential_histogram.go:494:41: inlining call to metricdata.NewExtrema[go.shape.float64]
/home/jules/go/pkg/mod/go.opentelemetry.io/otel/sdk/metric@v1.44.0/internal/aggregate/exponential_histogram.go:495:65: inlining call to aggregate.(*atomicN[go.shape.float64]).Load
/home/jules/go/pkg/mod/go.opentelemetry.io/otel/sdk/metric@v1.44.0/internal/aggregate/exponential_histogram.go:495:41: inlining call to metricdata.NewExtrema[go.shape.float64]
/home/jules/go/pkg/mod/go.opentelemetry.io/otel/sdk/metric@v1.44.0/internal/aggregate/exponential_histogram.go:446:17: inlining call to sync.(*Mutex).Lock
/home/jules/go/pkg/mod/go.opentelemetry.io/otel/sdk/metric@v1.44.0/internal/aggregate/exponential_histogram.go:464:29: inlining call to aggregate.(*expoBuckets).count
/home/jules/go/pkg/mod/go.opentelemetry.io/otel/sdk/metric@v1.44.0/internal/aggregate/exponential_histogram.go:464:29: inlining call to aggregate.(*expoBuckets).count
/home/jules/go/pkg/mod/go.opentelemetry.io/otel/sdk/metric@v1.44.0/internal/aggregate/exponential_histogram.go:464:29: inlining call to atomic.(*Uint64).Load
/home/jules/go/pkg/mod/go.opentelemetry.io/otel/sdk/metric@v1.44.0/internal/aggregate/exponential_histogram.go:490:31: inlining call to atomic.(*Uint64).Load
/home/jules/go/pkg/mod/go.opentelemetry.io/otel/sdk/metric@v1.44.0/internal/aggregate/exponential_histogram.go:490:31: inlining call to math.Float64frombits
/home/jules/go/pkg/mod/go.opentelemetry.io/otel/sdk/metric@v1.44.0/internal/aggregate/exponential_histogram.go:490:31: inlining call to atomic.(*Int64).Load
/home/jules/go/pkg/mod/go.opentelemetry.io/otel/sdk/metric@v1.44.0/internal/aggregate/exponential_histogram.go:494:65: inlining call to atomic.(*Uint64).Load
/home/jules/go/pkg/mod/go.opentelemetry.io/otel/sdk/metric@v1.44.0/internal/aggregate/exponential_histogram.go:494:65: inlining call to math.Float64frombits
/home/jules/go/pkg/mod/go.opentelemetry.io/otel/sdk/metric@v1.44.0/internal/aggregate/exponential_histogram.go:495:65: inlining call to atomic.(*Uint64).Load
/home/jules/go/pkg/mod/go.opentelemetry.io/otel/sdk/metric@v1.44.0/internal/aggregate/exponential_histogram.go:495:65: inlining call to math.Float64frombits
/home/jules/go/pkg/mod/go.opentelemetry.io/otel/sdk/metric@v1.44.0/internal/aggregate/exponential_histogram.go:464:29: inlining call to atomic.(*Uint64).Load
/home/jules/go/pkg/mod/go.opentelemetry.io/otel/sdk/metric@v1.44.0/internal/aggregate/exponential_histogram.go:464:29: inlining call to atomic.(*Uint64).Load
/home/jules/go/pkg/mod/go.opentelemetry.io/otel/sdk/metric@v1.44.0/internal/aggregate/exponential_histogram.go:447:25: inlining call to sync.(*Mutex).Unlock
/home/jules/go/pkg/mod/go.opentelemetry.io/otel/sdk/metric@v1.44.0/internal/aggregate/exponential_histogram.go:447:25: inlining call to sync.(*Mutex).Unlock
/home/jules/go/pkg/mod/go.opentelemetry.io/otel/sdk/metric@v1.44.0/internal/aggregate/aggregate.go:146:99: inlining call to aggregate.Builder[go.shape.float64].resFunc
/home/jules/go/pkg/mod/go.opentelemetry.io/otel/sdk/metric@v1.44.0/internal/aggregate/aggregate.go:149:18: inlining call to aggregate.Builder[go.shape.float64].filter
/home/jules/go/pkg/mod/go.opentelemetry.io/otel/sdk/metric@v1.44.0/internal/aggregate/aggregate.go:151:18: inlining call to aggregate.Builder[go.shape.float64].filter
/home/jules/go/pkg/mod/go.opentelemetry.io/otel/sdk/metric@v1.44.0/pipeline.go:512:55: inlining call to metric.DefaultAggregationSelector
/home/jules/go/pkg/mod/go.opentelemetry.io/otel/sdk/metric@v1.44.0/pipeline.go:376:50: inlining call to metric.DefaultAggregationSelector
/home/jules/go/pkg/mod/go.opentelemetry.io/otel/sdk/metric@v1.44.0/pipeline.go:383:28: inlining call to fmt.Errorf
/home/jules/go/pkg/mod/go.opentelemetry.io/otel/sdk/metric@v1.44.0/pipeline.go:397:24: inlining call to metric.instID.normalize
/home/jules/go/pkg/mod/go.opentelemetry.io/otel/sdk/metric@v1.44.0/pipeline.go:383:28: inlining call to errors.New
/home/jules/go/pkg/mod/go.opentelemetry.io/otel/sdk/metric@v1.44.0/pipeline.go:410:45: inlining call to metric.(*inserter[go.shape.float64]).getCardinalityLimit
/home/jules/go/pkg/mod/go.opentelemetry.io/otel/sdk/metric@v1.44.0/pipeline.go:426:23: inlining call to atomic.(*Uint64).Add
/home/jules/go/pkg/mod/go.opentelemetry.io/otel/sdk/metric@v1.44.0/pipeline.go:260:21: inlining call to errors.Join
/home/jules/go/pkg/mod/go.opentelemetry.io/otel/sdk/metric@v1.44.0/pipeline.go:274:20: inlining call to errors.Join
/home/jules/go/pkg/mod/go.opentelemetry.io/otel/sdk/metric@v1.44.0/pipeline.go:291:56: inlining call to attribute.NewAllowKeysFilter
/home/jules/go/pkg/mod/go.opentelemetry.io/otel/sdk/metric@v1.44.0/pipeline.go:298:20: inlining call to errors.Join
/home/jules/go/pkg/mod/go.opentelemetry.io/otel/sdk/metric@v1.44.0/pipeline.go:709:21: inlining call to errors.Join
/home/jules/go/pkg/mod/go.opentelemetry.io/otel/sdk/metric@v1.44.0/pipeline.go:683:21: inlining call to errors.Join
/home/jules/go/pkg/mod/go.opentelemetry.io/otel/sdk/metric@v1.44.0/internal/aggregate/filtered_reservoir.go:69:22: inlining call to sync.(*Mutex).Lock
/home/jules/go/pkg/mod/go.opentelemetry.io/otel/sdk/metric@v1.44.0/internal/aggregate/filtered_reservoir.go:69:22: inlining call to sync.(*Mutex).Lock
/home/jules/go/pkg/mod/go.opentelemetry.io/otel/sdk/metric@v1.44.0/internal/aggregate/filtered_reservoir.go:70:30: inlining call to sync.(*Mutex).Unlock
/home/jules/go/pkg/mod/go.opentelemetry.io/otel/sdk/metric@v1.44.0/internal/aggregate/filtered_reservoir.go:70:30: inlining call to sync.(*Mutex).Unlock
/home/jules/go/pkg/mod/go.opentelemetry.io/otel/sdk/metric@v1.44.0/exemplar/value.go:34:58: inlining call to math.Float64bits
/home/jules/go/pkg/mod/go.opentelemetry.io/otel/sdk/metric@v1.44.0/internal/aggregate/filtered_reservoir.go:60:23: inlining call to sync.(*Mutex).Lock
/home/jules/go/pkg/mod/go.opentelemetry.io/otel/sdk/metric@v1.44.0/internal/aggregate/filtered_reservoir.go:63:47: inlining call to exemplar.NewValue[go.shape.float64]
/home/jules/go/pkg/mod/go.opentelemetry.io/otel/sdk/metric@v1.44.0/internal/aggregate/filtered_reservoir.go:60:23: inlining call to sync.(*Mutex).Lock
/home/jules/go/pkg/mod/go.opentelemetry.io/otel/sdk/metric@v1.44.0/internal/aggregate/filtered_reservoir.go:63:47: inlining call to math.Float64bits
/home/jules/go/pkg/mod/go.opentelemetry.io/otel/sdk/metric@v1.44.0/internal/aggregate/filtered_reservoir.go:61:31: inlining call to sync.(*Mutex).Unlock
/home/jules/go/pkg/mod/go.opentelemetry.io/otel/sdk/metric@v1.44.0/internal/aggregate/filtered_reservoir.go:61:31: inlining call to sync.(*Mutex).Unlock
/home/jules/go/pkg/mod/go.opentelemetry.io/otel/sdk/metric@v1.44.0/pipeline.go:310:17: inlining call to sync.(*Mutex).Lock
/home/jules/go/pkg/mod/go.opentelemetry.io/otel/sdk/metric@v1.44.0/pipeline.go:310:17: inlining call to sync.(*Mutex).Lock
/home/jules/go/pkg/mod/go.opentelemetry.io/otel/sdk/metric@v1.44.0/pipeline.go:311:25: inlining call to sync.(*Mutex).Unlock
/home/jules/go/pkg/mod/go.opentelemetry.io/otel/sdk/metric@v1.44.0/pipeline.go:311:25: inlining call to sync.(*Mutex).Unlock
/home/jules/go/pkg/mod/go.opentelemetry.io/otel/sdk/metric@v1.44.0/cache.go:49:8: inlining call to sync.(*Mutex).Lock
/home/jules/go/pkg/mod/go.opentelemetry.io/otel/sdk/metric@v1.44.0/cache.go:49:8: inlining call to sync.(*Mutex).Lock
/home/jules/go/pkg/mod/go.opentelemetry.io/otel/sdk/metric@v1.44.0/cache.go:50:16: inlining call to sync.(*Mutex).Unlock
/home/jules/go/pkg/mod/go.opentelemetry.io/otel/sdk/metric@v1.44.0/cache.go:50:16: inlining call to sync.(*Mutex).Unlock
/home/jules/go/pkg/mod/go.opentelemetry.io/otel/sdk/metric@v1.44.0/cache.go:49:8: inlining call to sync.(*Mutex).Lock
/home/jules/go/pkg/mod/go.opentelemetry.io/otel/sdk/metric@v1.44.0/cache.go:49:8: inlining call to sync.(*Mutex).Lock
/home/jules/go/pkg/mod/go.opentelemetry.io/otel/sdk/metric@v1.44.0/cache.go:50:16: inlining call to sync.(*Mutex).Unlock
/home/jules/go/pkg/mod/go.opentelemetry.io/otel/sdk/metric@v1.44.0/cache.go:50:16: inlining call to sync.(*Mutex).Unlock
/home/jules/go/pkg/mod/go.opentelemetry.io/otel/sdk/metric@v1.44.0/cache.go:29:8: inlining call to sync.(*Mutex).Lock
/home/jules/go/pkg/mod/go.opentelemetry.io/otel/sdk/metric@v1.44.0/cache.go:29:8: inlining call to sync.(*Mutex).Lock
/home/jules/go/pkg/mod/go.opentelemetry.io/otel/sdk/metric@v1.44.0/cache.go:30:16: inlining call to sync.(*Mutex).Unlock
/home/jules/go/pkg/mod/go.opentelemetry.io/otel/sdk/metric@v1.44.0/cache.go:30:16: inlining call to sync.(*Mutex).Unlock
/home/jules/go/pkg/mod/go.opentelemetry.io/otel/sdk/metric@v1.44.0/internal/aggregate/limit.go:35:45: inlining call to attribute.(*Set).Equivalent
/home/jules/go/pkg/mod/go.opentelemetry.io/otel/sdk/metric@v1.44.0/metricdata/data.go:141:6: inlining call to metricdata.ExponentialHistogram[go.shape.float64].privateAggregation
/home/jules/go/pkg/mod/go.opentelemetry.io/otel/sdk/metric@v1.44.0/internal/aggregate/limit.go:33:6: inlining call to aggregate.limiter[go.shape.1bd081b9b2a180608fdba0565440d159f20227e2bf1b91146f29d7dcc4873370].Attributes
/home/jules/go/pkg/mod/go.opentelemetry.io/otel/sdk/metric@v1.44.0/internal/aggregate/limit.go:33:6: inlining call to attribute.(*Set).Equivalent
/home/jules/go/pkg/mod/go.opentelemetry.io/otel/sdk/metric@v1.44.0/internal/aggregate/exponential_histogram.go:181:6: inlining call to aggregate.(*expoHistogramDataPoint[go.shape.float64]).count
/home/jules/go/pkg/mod/go.opentelemetry.io/otel/sdk/metric@v1.44.0/internal/aggregate/exponential_histogram.go:181:6: inlining call to aggregate.(*expoBuckets).count
/home/jules/go/pkg/mod/go.opentelemetry.io/otel/sdk/metric@v1.44.0/internal/aggregate/exponential_histogram.go:181:6: inlining call to aggregate.(*expoBuckets).count
/home/jules/go/pkg/mod/go.opentelemetry.io/otel/sdk/metric@v1.44.0/internal/aggregate/exponential_histogram.go:181:6: inlining call to atomic.(*Uint64).Load
/home/jules/go/pkg/mod/go.opentelemetry.io/otel/sdk/metric@v1.44.0/internal/aggregate/exponential_histogram.go:181:6: inlining call to atomic.(*Uint64).Load
/home/jules/go/pkg/mod/go.opentelemetry.io/otel/sdk/metric@v1.44.0/internal/aggregate/exponential_histogram.go:181:6: inlining call to atomic.(*Uint64).Load
/home/jules/go/pkg/mod/go.opentelemetry.io/otel/sdk/metric@v1.44.0/internal/aggregate/exponential_histogram.go:156:6: inlining call to aggregate.(*expoHistogramDataPoint[go.shape.float64]).scaleChange
/home/jules/go/pkg/mod/go.opentelemetry.io/otel/sdk/metric@v1.44.0/metricdata/data.go:100:6: inlining call to metricdata.Histogram[go.shape.float64].privateAggregation
/home/jules/go/pkg/mod/go.opentelemetry.io/otel/sdk/metric@v1.44.0/internal/aggregate/histogram.go:46:6: inlining call to aggregate.(*histogramPointCounters[go.shape.float64]).loadCountsInto
/home/jules/go/pkg/mod/go.opentelemetry.io/otel/sdk/metric@v1.44.0/internal/aggregate/histogram.go:46:6: inlining call to aggregate.reset[go.shape.uint64]
/home/jules/go/pkg/mod/go.opentelemetry.io/otel/sdk/metric@v1.44.0/internal/aggregate/histogram.go:46:6: inlining call to atomic.(*Uint64).Load
/home/jules/go/pkg/mod/go.opentelemetry.io/otel/sdk/metric@v1.44.0/metricdata/data.go:225:6: inlining call to metricdata.Extrema[go.shape.float64].Value
/home/jules/go/pkg/mod/go.opentelemetry.io/otel/sdk/metric@v1.44.0/metricdata/data.go:214:6: inlining call to metricdata.(*Extrema[go.shape.float64]).MarshalJSON
/home/jules/go/pkg/mod/go.opentelemetry.io/otel/sdk/metric@v1.44.0/metricdata/data.go:72:6: inlining call to metricdata.Sum[go.shape.float64].privateAggregation
/home/jules/go/pkg/mod/go.opentelemetry.io/otel/sdk/metric@v1.44.0/internal/aggregate/atomic.go:55:6: inlining call to aggregate.(*atomicCounter[go.shape.float64]).reset
/home/jules/go/pkg/mod/go.opentelemetry.io/otel/sdk/metric@v1.44.0/internal/aggregate/atomic.go:55:6: inlining call to atomic.(*Uint64).Store
/home/jules/go/pkg/mod/go.opentelemetry.io/otel/sdk/metric@v1.44.0/internal/aggregate/atomic.go:55:6: inlining call to atomic.(*Int64).Store
/home/jules/go/pkg/mod/go.opentelemetry.io/otel/sdk/metric@v1.44.0/internal/aggregate/atomic.go:36:6: inlining call to aggregate.(*atomicCounter[go.shape.float64]).add
/home/jules/go/pkg/mod/go.opentelemetry.io/otel/sdk/metric@v1.44.0/internal/aggregate/atomic.go:36:6: inlining call to atomic.(*Int64).Add
/home/jules/go/pkg/mod/go.opentelemetry.io/otel/sdk/metric@v1.44.0/internal/aggregate/atomic.go:36:6: inlining call to atomic.(*Uint64).Load
/home/jules/go/pkg/mod/go.opentelemetry.io/otel/sdk/metric@v1.44.0/internal/aggregate/atomic.go:36:6: inlining call to math.Float64frombits
/home/jules/go/pkg/mod/go.opentelemetry.io/otel/sdk/metric@v1.44.0/internal/aggregate/atomic.go:36:6: inlining call to math.Float64bits
/home/jules/go/pkg/mod/go.opentelemetry.io/otel/sdk/metric@v1.44.0/internal/aggregate/atomic.go:36:6: inlining call to atomic.(*Uint64).CompareAndSwap
/home/jules/go/pkg/mod/go.opentelemetry.io/otel/sdk/metric@v1.44.0/internal/aggregate/atomic.go:30:6: inlining call to aggregate.(*atomicCounter[go.shape.float64]).load
/home/jules/go/pkg/mod/go.opentelemetry.io/otel/sdk/metric@v1.44.0/internal/aggregate/atomic.go:30:6: inlining call to atomic.(*Uint64).Load
/home/jules/go/pkg/mod/go.opentelemetry.io/otel/sdk/metric@v1.44.0/internal/aggregate/atomic.go:30:6: inlining call to math.Float64frombits
/home/jules/go/pkg/mod/go.opentelemetry.io/otel/sdk/metric@v1.44.0/internal/aggregate/atomic.go:30:6: inlining call to atomic.(*Int64).Load
/home/jules/go/pkg/mod/go.opentelemetry.io/otel/sdk/metric@v1.44.0/internal/aggregate/lastvalue.go:215:6: inlining call to aggregate.(*precomputedLastValue[go.shape.float64]).delta
/home/jules/go/pkg/mod/go.opentelemetry.io/otel/sdk/metric@v1.44.0/metricdata/data.go:58:6: inlining call to metricdata.Gauge[go.shape.float64].privateAggregation
/home/jules/go/pkg/mod/go.opentelemetry.io/otel/sdk/metric@v1.44.0/internal/aggregate/atomic.go:91:6: inlining call to aggregate.(*atomicN[go.shape.float64]).CompareAndSwap
/home/jules/go/pkg/mod/go.opentelemetry.io/otel/sdk/metric@v1.44.0/internal/aggregate/atomic.go:91:6: inlining call to math.Float64bits
/home/jules/go/pkg/mod/go.opentelemetry.io/otel/sdk/metric@v1.44.0/internal/aggregate/atomic.go:91:6: inlining call to math.Float64bits
/home/jules/go/pkg/mod/go.opentelemetry.io/otel/sdk/metric@v1.44.0/internal/aggregate/atomic.go:91:6: inlining call to atomic.(*Uint64).CompareAndSwap
/home/jules/go/pkg/mod/go.opentelemetry.io/otel/sdk/metric@v1.44.0/internal/aggregate/atomic.go:78:6: inlining call to aggregate.(*atomicN[go.shape.float64]).Store
/home/jules/go/pkg/mod/go.opentelemetry.io/otel/sdk/metric@v1.44.0/internal/aggregate/atomic.go:78:6: inlining call to math.Float64bits
/home/jules/go/pkg/mod/go.opentelemetry.io/otel/sdk/metric@v1.44.0/internal/aggregate/atomic.go:78:6: inlining call to atomic.(*Uint64).Store
/home/jules/go/pkg/mod/go.opentelemetry.io/otel/sdk/metric@v1.44.0/internal/aggregate/atomic.go:65:6: inlining call to aggregate.(*atomicN[go.shape.float64]).Load
/home/jules/go/pkg/mod/go.opentelemetry.io/otel/sdk/metric@v1.44.0/internal/aggregate/atomic.go:65:6: inlining call to atomic.(*Uint64).Load
/home/jules/go/pkg/mod/go.opentelemetry.io/otel/sdk/metric@v1.44.0/internal/aggregate/atomic.go:65:6: inlining call to math.Float64frombits
/home/jules/go/pkg/mod/go.opentelemetry.io/otel/sdk/metric@v1.44.0/internal/aggregate/drop.go:24:6: inlining call to aggregate.(*dropRes[go.shape.float64]).Collect
/home/jules/go/pkg/mod/go.opentelemetry.io/otel/sdk/metric@v1.44.0/internal/aggregate/drop.go:21:6: inlining call to aggregate.(*dropRes[go.shape.float64]).Offer
/home/jules/go/pkg/mod/go.opentelemetry.io/otel/sdk/metric@v1.44.0/internal/aggregate/aggregate.go:62:6: inlining call to aggregate.Builder[go.shape.float64].filter
/home/jules/go/pkg/mod/go.opentelemetry.io/otel/sdk/metric@v1.44.0/internal/aggregate/aggregate.go:52:6: inlining call to aggregate.Builder[go.shape.float64].resFunc
/home/jules/go/pkg/mod/go.opentelemetry.io/otel/sdk/metric@v1.44.0/pipeline.go:436:6: inlining call to metric.(*inserter[go.shape.float64]).getCardinalityLimit
/home/jules/go/pkg/mod/go.opentelemetry.io/otel/sdk/metric@v1.44.0/internal/aggregate/limit.go:35:45: inlining call to attribute.(*Set).Equivalent
/home/jules/go/pkg/mod/go.opentelemetry.io/otel/sdk/metric@v1.44.0/metricdata/data.go:141:6: inlining call to metricdata.ExponentialHistogram[go.shape.int64].privateAggregation
/home/jules/go/pkg/mod/go.opentelemetry.io/otel/sdk/metric@v1.44.0/internal/aggregate/limit.go:33:6: inlining call to aggregate.limiter[go.shape.e657650a1d161854162e4d2ece7671cbda483ddbee34f6f8a2b919769e39802d].Attributes
/home/jules/go/pkg/mod/go.opentelemetry.io/otel/sdk/metric@v1.44.0/internal/aggregate/limit.go:33:6: inlining call to attribute.(*Set).Equivalent
/home/jules/go/pkg/mod/go.opentelemetry.io/otel/sdk/metric@v1.44.0/internal/aggregate/exponential_histogram.go:181:6: inlining call to aggregate.(*expoHistogramDataPoint[go.shape.int64]).count
/home/jules/go/pkg/mod/go.opentelemetry.io/otel/sdk/metric@v1.44.0/internal/aggregate/exponential_histogram.go:181:6: inlining call to aggregate.(*expoBuckets).count
/home/jules/go/pkg/mod/go.opentelemetry.io/otel/sdk/metric@v1.44.0/internal/aggregate/exponential_histogram.go:181:6: inlining call to aggregate.(*expoBuckets).count
/home/jules/go/pkg/mod/go.opentelemetry.io/otel/sdk/metric@v1.44.0/internal/aggregate/exponential_histogram.go:181:6: inlining call to atomic.(*Uint64).Load
/home/jules/go/pkg/mod/go.opentelemetry.io/otel/sdk/metric@v1.44.0/internal/aggregate/exponential_histogram.go:181:6: inlining call to atomic.(*Uint64).Load
/home/jules/go/pkg/mod/go.opentelemetry.io/otel/sdk/metric@v1.44.0/internal/aggregate/exponential_histogram.go:181:6: inlining call to atomic.(*Uint64).Load
/home/jules/go/pkg/mod/go.opentelemetry.io/otel/sdk/metric@v1.44.0/internal/aggregate/exponential_histogram.go:156:6: inlining call to aggregate.(*expoHistogramDataPoint[go.shape.int64]).scaleChange
/home/jules/go/pkg/mod/go.opentelemetry.io/otel/sdk/metric@v1.44.0/metricdata/data.go:100:6: inlining call to metricdata.Histogram[go.shape.int64].privateAggregation
/home/jules/go/pkg/mod/go.opentelemetry.io/otel/sdk/metric@v1.44.0/internal/aggregate/histogram.go:46:6: inlining call to aggregate.(*histogramPointCounters[go.shape.int64]).loadCountsInto
/home/jules/go/pkg/mod/go.opentelemetry.io/otel/sdk/metric@v1.44.0/internal/aggregate/histogram.go:46:6: inlining call to aggregate.reset[go.shape.uint64]
/home/jules/go/pkg/mod/go.opentelemetry.io/otel/sdk/metric@v1.44.0/internal/aggregate/histogram.go:46:6: inlining call to atomic.(*Uint64).Load
/home/jules/go/pkg/mod/go.opentelemetry.io/otel/sdk/metric@v1.44.0/metricdata/data.go:225:6: inlining call to metricdata.Extrema[go.shape.int64].Value
/home/jules/go/pkg/mod/go.opentelemetry.io/otel/sdk/metric@v1.44.0/metricdata/data.go:214:6: inlining call to metricdata.(*Extrema[go.shape.int64]).MarshalJSON
/home/jules/go/pkg/mod/go.opentelemetry.io/otel/sdk/metric@v1.44.0/metricdata/data.go:72:6: inlining call to metricdata.Sum[go.shape.int64].privateAggregation
/home/jules/go/pkg/mod/go.opentelemetry.io/otel/sdk/metric@v1.44.0/internal/aggregate/atomic.go:55:6: inlining call to aggregate.(*atomicCounter[go.shape.int64]).reset
/home/jules/go/pkg/mod/go.opentelemetry.io/otel/sdk/metric@v1.44.0/internal/aggregate/atomic.go:55:6: inlining call to atomic.(*Uint64).Store
/home/jules/go/pkg/mod/go.opentelemetry.io/otel/sdk/metric@v1.44.0/internal/aggregate/atomic.go:55:6: inlining call to atomic.(*Int64).Store
/home/jules/go/pkg/mod/go.opentelemetry.io/otel/sdk/metric@v1.44.0/internal/aggregate/atomic.go:36:6: inlining call to aggregate.(*atomicCounter[go.shape.int64]).add
/home/jules/go/pkg/mod/go.opentelemetry.io/otel/sdk/metric@v1.44.0/internal/aggregate/atomic.go:36:6: inlining call to atomic.(*Int64).Add
/home/jules/go/pkg/mod/go.opentelemetry.io/otel/sdk/metric@v1.44.0/internal/aggregate/atomic.go:36:6: inlining call to atomic.(*Uint64).Load
/home/jules/go/pkg/mod/go.opentelemetry.io/otel/sdk/metric@v1.44.0/internal/aggregate/atomic.go:36:6: inlining call to math.Float64frombits
/home/jules/go/pkg/mod/go.opentelemetry.io/otel/sdk/metric@v1.44.0/internal/aggregate/atomic.go:36:6: inlining call to math.Float64bits
/home/jules/go/pkg/mod/go.opentelemetry.io/otel/sdk/metric@v1.44.0/internal/aggregate/atomic.go:36:6: inlining call to atomic.(*Uint64).CompareAndSwap
/home/jules/go/pkg/mod/go.opentelemetry.io/otel/sdk/metric@v1.44.0/internal/aggregate/atomic.go:30:6: inlining call to aggregate.(*atomicCounter[go.shape.int64]).load
/home/jules/go/pkg/mod/go.opentelemetry.io/otel/sdk/metric@v1.44.0/internal/aggregate/atomic.go:30:6: inlining call to atomic.(*Uint64).Load
/home/jules/go/pkg/mod/go.opentelemetry.io/otel/sdk/metric@v1.44.0/internal/aggregate/atomic.go:30:6: inlining call to math.Float64frombits
/home/jules/go/pkg/mod/go.opentelemetry.io/otel/sdk/metric@v1.44.0/internal/aggregate/atomic.go:30:6: inlining call to atomic.(*Int64).Load
/home/jules/go/pkg/mod/go.opentelemetry.io/otel/sdk/metric@v1.44.0/internal/aggregate/lastvalue.go:215:6: inlining call to aggregate.(*precomputedLastValue[go.shape.int64]).delta
/home/jules/go/pkg/mod/go.opentelemetry.io/otel/sdk/metric@v1.44.0/metricdata/data.go:58:6: inlining call to metricdata.Gauge[go.shape.int64].privateAggregation
/home/jules/go/pkg/mod/go.opentelemetry.io/otel/sdk/metric@v1.44.0/internal/aggregate/atomic.go:91:6: inlining call to aggregate.(*atomicN[go.shape.int64]).CompareAndSwap
/home/jules/go/pkg/mod/go.opentelemetry.io/otel/sdk/metric@v1.44.0/internal/aggregate/atomic.go:91:6: inlining call to math.Float64bits
/home/jules/go/pkg/mod/go.opentelemetry.io/otel/sdk/metric@v1.44.0/internal/aggregate/atomic.go:91:6: inlining call to math.Float64bits
/home/jules/go/pkg/mod/go.opentelemetry.io/otel/sdk/metric@v1.44.0/internal/aggregate/atomic.go:91:6: inlining call to atomic.(*Uint64).CompareAndSwap
/home/jules/go/pkg/mod/go.opentelemetry.io/otel/sdk/metric@v1.44.0/internal/aggregate/atomic.go:78:6: inlining call to aggregate.(*atomicN[go.shape.int64]).Store
/home/jules/go/pkg/mod/go.opentelemetry.io/otel/sdk/metric@v1.44.0/internal/aggregate/atomic.go:78:6: inlining call to math.Float64bits
/home/jules/go/pkg/mod/go.opentelemetry.io/otel/sdk/metric@v1.44.0/internal/aggregate/atomic.go:78:6: inlining call to atomic.(*Uint64).Store
/home/jules/go/pkg/mod/go.opentelemetry.io/otel/sdk/metric@v1.44.0/internal/aggregate/atomic.go:65:6: inlining call to aggregate.(*atomicN[go.shape.int64]).Load
/home/jules/go/pkg/mod/go.opentelemetry.io/otel/sdk/metric@v1.44.0/internal/aggregate/atomic.go:65:6: inlining call to atomic.(*Uint64).Load
/home/jules/go/pkg/mod/go.opentelemetry.io/otel/sdk/metric@v1.44.0/internal/aggregate/atomic.go:65:6: inlining call to math.Float64frombits
/home/jules/go/pkg/mod/go.opentelemetry.io/otel/sdk/metric@v1.44.0/internal/aggregate/drop.go:24:6: inlining call to aggregate.(*dropRes[go.shape.int64]).Collect
/home/jules/go/pkg/mod/go.opentelemetry.io/otel/sdk/metric@v1.44.0/internal/aggregate/drop.go:21:6: inlining call to aggregate.(*dropRes[go.shape.int64]).Offer
/home/jules/go/pkg/mod/go.opentelemetry.io/otel/sdk/metric@v1.44.0/internal/aggregate/aggregate.go:62:6: inlining call to aggregate.Builder[go.shape.int64].filter
/home/jules/go/pkg/mod/go.opentelemetry.io/otel/sdk/metric@v1.44.0/internal/aggregate/aggregate.go:52:6: inlining call to aggregate.Builder[go.shape.int64].resFunc
/home/jules/go/pkg/mod/go.opentelemetry.io/otel/sdk/metric@v1.44.0/pipeline.go:436:6: inlining call to metric.(*inserter[go.shape.int64]).getCardinalityLimit
/home/jules/go/pkg/mod/go.opentelemetry.io/otel/sdk/metric@v1.44.0/instrument.go:337:6: inlining call to metric.(*observable[go.shape.float64]).appendMeasures
/home/jules/go/pkg/mod/go.opentelemetry.io/otel/sdk/metric@v1.44.0/instrument.go:344:6: inlining call to metric.measures[go.shape.float64].observe
/home/jules/go/pkg/mod/go.opentelemetry.io/otel/sdk/metric@v1.44.0/instrument.go:344:6: inlining call to context.Background
/home/jules/go/pkg/mod/go.opentelemetry.io/otel/sdk/metric@v1.44.0/instrument.go:337:6: inlining call to metric.(*observable[go.shape.int64]).appendMeasures
/home/jules/go/pkg/mod/go.opentelemetry.io/otel/sdk/metric@v1.44.0/instrument.go:344:6: inlining call to metric.measures[go.shape.int64].observe
/home/jules/go/pkg/mod/go.opentelemetry.io/otel/sdk/metric@v1.44.0/instrument.go:344:6: inlining call to context.Background
/home/jules/go/pkg/mod/golang.org/toolchain@v0.0.1-go1.26.5.linux-amd64/src/sync/atomic/type.go:67:6: inlining call to atomic.(*Pointer[go.shape.[]*go.opentelemetry.io/otel/sdk/trace.spanProcessorState]).CompareAndSwap
/home/jules/go/pkg/mod/golang.org/toolchain@v0.0.1-go1.26.5.linux-amd64/src/sync/atomic/type.go:64:6: inlining call to atomic.(*Pointer[go.shape.[]*go.opentelemetry.io/otel/sdk/trace.spanProcessorState]).Swap
/home/jules/go/pkg/mod/golang.org/toolchain@v0.0.1-go1.26.5.linux-amd64/src/sync/atomic/type.go:61:6: inlining call to atomic.(*Pointer[go.shape.[]*go.opentelemetry.io/otel/sdk/trace.spanProcessorState]).Store
/home/jules/go/pkg/mod/golang.org/toolchain@v0.0.1-go1.26.5.linux-amd64/src/sync/atomic/type.go:58:6: inlining call to atomic.(*Pointer[go.shape.[]*go.opentelemetry.io/otel/sdk/trace.spanProcessorState]).Load
/home/jules/go/pkg/mod/go.opentelemetry.io/otel/sdk@v1.44.0/trace/evictedqueue.go:62:6: inlining call to trace.(*evictedQueue[go.shape.struct { SpanContext go.opentelemetry.io/otel/trace.SpanContext; Attributes []go.opentelemetry.io/otel/attribute.KeyValue; DroppedAttributeCount int }]).copy
/home/jules/go/pkg/mod/go.opentelemetry.io/otel/sdk@v1.44.0/trace/evictedqueue.go:62:6: inlining call to slices.Clone[go.shape.[]go.shape.struct { SpanContext go.opentelemetry.io/otel/trace.SpanContext; Attributes []go.opentelemetry.io/otel/attribute.KeyValue; DroppedAttributeCount int },go.shape.struct { SpanContext go.opentelemetry.io/otel/trace.SpanContext; Attributes []go.opentelemetry.io/otel/attribute.KeyValue; DroppedAttributeCount int }]
/home/jules/go/pkg/mod/go.opentelemetry.io/otel/sdk@v1.44.0/trace/evictedqueue.go:62:6: inlining call to trace.(*evictedQueue[go.shape.struct { Name string; Attributes []go.opentelemetry.io/otel/attribute.KeyValue; DroppedAttributeCount int; Time time.Time }]).copy
/home/jules/go/pkg/mod/go.opentelemetry.io/otel/sdk@v1.44.0/trace/evictedqueue.go:62:6: inlining call to slices.Clone[go.shape.[]go.shape.struct { Name string; Attributes []go.opentelemetry.io/otel/attribute.KeyValue; DroppedAttributeCount int; Time time.Time },go.shape.struct { Name string; Attributes []go.opentelemetry.io/otel/attribute.KeyValue; DroppedAttributeCount int; Time time.Time }]
/home/jules/go/pkg/mod/golang.org/toolchain@v0.0.1-go1.26.5.linux-amd64/src/sync/atomic/type.go:67:6: inlining call to atomic.(*Pointer[go.shape.struct { sync.poolDequeue; sync.next sync/atomic.Pointer[sync.poolChainElt]; sync.prev sync/atomic.Pointer[sync.poolChainElt] }]).CompareAndSwap
/home/jules/go/pkg/mod/golang.org/toolchain@v0.0.1-go1.26.5.linux-amd64/src/sync/atomic/type.go:64:6: inlining call to atomic.(*Pointer[go.shape.struct { sync.poolDequeue; sync.next sync/atomic.Pointer[sync.poolChainElt]; sync.prev sync/atomic.Pointer[sync.poolChainElt] }]).Swap
/home/jules/go/pkg/mod/golang.org/toolchain@v0.0.1-go1.26.5.linux-amd64/src/sync/atomic/type.go:61:6: inlining call to atomic.(*Pointer[go.shape.struct { sync.poolDequeue; sync.next sync/atomic.Pointer[sync.poolChainElt]; sync.prev sync/atomic.Pointer[sync.poolChainElt] }]).Store
/home/jules/go/pkg/mod/golang.org/toolchain@v0.0.1-go1.26.5.linux-amd64/src/sync/atomic/type.go:58:6: inlining call to atomic.(*Pointer[go.shape.struct { sync.poolDequeue; sync.next sync/atomic.Pointer[sync.poolChainElt]; sync.prev sync/atomic.Pointer[sync.poolChainElt] }]).Load
/home/jules/go/pkg/mod/golang.org/toolchain@v0.0.1-go1.26.5.linux-amd64/src/sync/atomic/type.go:67:6: inlining call to atomic.(*Pointer[go.shape.chan struct {}]).CompareAndSwap
/home/jules/go/pkg/mod/golang.org/toolchain@v0.0.1-go1.26.5.linux-amd64/src/sync/atomic/type.go:64:6: inlining call to atomic.(*Pointer[go.shape.chan struct {}]).Swap
/home/jules/go/pkg/mod/golang.org/toolchain@v0.0.1-go1.26.5.linux-amd64/src/sync/atomic/type.go:61:6: inlining call to atomic.(*Pointer[go.shape.chan struct {}]).Store
/home/jules/go/pkg/mod/golang.org/toolchain@v0.0.1-go1.26.5.linux-amd64/src/sync/atomic/type.go:58:6: inlining call to atomic.(*Pointer[go.shape.chan struct {}]).Load
/home/jules/go/pkg/mod/golang.org/toolchain@v0.0.1-go1.26.5.linux-amd64/src/sync/atomic/type.go:67:6: inlining call to atomic.(*Pointer[go.shape.struct { google.golang.org/grpc.picker google.golang.org/grpc/balancer.Picker; google.golang.org/grpc.blockingCh chan struct {} }]).CompareAndSwap
/home/jules/go/pkg/mod/golang.org/toolchain@v0.0.1-go1.26.5.linux-amd64/src/sync/atomic/type.go:64:6: inlining call to atomic.(*Pointer[go.shape.struct { google.golang.org/grpc.picker google.golang.org/grpc/balancer.Picker; google.golang.org/grpc.blockingCh chan struct {} }]).Swap
/home/jules/go/pkg/mod/golang.org/toolchain@v0.0.1-go1.26.5.linux-amd64/src/sync/atomic/type.go:61:6: inlining call to atomic.(*Pointer[go.shape.struct { google.golang.org/grpc.picker google.golang.org/grpc/balancer.Picker; google.golang.org/grpc.blockingCh chan struct {} }]).Store
/home/jules/go/pkg/mod/golang.org/toolchain@v0.0.1-go1.26.5.linux-amd64/src/sync/atomic/type.go:58:6: inlining call to atomic.(*Pointer[go.shape.struct { google.golang.org/grpc.picker google.golang.org/grpc/balancer.Picker; google.golang.org/grpc.blockingCh chan struct {} }]).Load
/home/jules/go/pkg/mod/golang.org/toolchain@v0.0.1-go1.26.5.linux-amd64/src/sync/atomic/type.go:67:6: inlining call to atomic.(*Pointer[go.shape.string]).CompareAndSwap
/home/jules/go/pkg/mod/golang.org/toolchain@v0.0.1-go1.26.5.linux-amd64/src/sync/atomic/type.go:64:6: inlining call to atomic.(*Pointer[go.shape.string]).Swap
/home/jules/go/pkg/mod/golang.org/toolchain@v0.0.1-go1.26.5.linux-amd64/src/sync/atomic/type.go:61:6: inlining call to atomic.(*Pointer[go.shape.string]).Store
/home/jules/go/pkg/mod/golang.org/toolchain@v0.0.1-go1.26.5.linux-amd64/src/sync/atomic/type.go:58:6: inlining call to atomic.(*Pointer[go.shape.string]).Load
/home/jules/go/pkg/mod/golang.org/toolchain@v0.0.1-go1.26.5.linux-amd64/src/sync/atomic/type.go:67:6: inlining call to atomic.(*Pointer[go.shape.int]).CompareAndSwap
/home/jules/go/pkg/mod/golang.org/toolchain@v0.0.1-go1.26.5.linux-amd64/src/sync/atomic/type.go:64:6: inlining call to atomic.(*Pointer[go.shape.int]).Swap
/home/jules/go/pkg/mod/golang.org/toolchain@v0.0.1-go1.26.5.linux-amd64/src/sync/atomic/type.go:61:6: inlining call to atomic.(*Pointer[go.shape.int]).Store
/home/jules/go/pkg/mod/golang.org/toolchain@v0.0.1-go1.26.5.linux-amd64/src/sync/atomic/type.go:58:6: inlining call to atomic.(*Pointer[go.shape.int]).Load
<autogenerated>:1: inlining call to sync.(*poolDequeue).pack
<autogenerated>:1: inlining call to sync.(*poolDequeue).unpack
<autogenerated>:1: inlining call to reflect.flag.kind
<autogenerated>:1: inlining call to reflect.flag.kind
<autogenerated>:1: inlining call to reflect.flag.mustBe
<autogenerated>:1: inlining call to reflect.flag.kind
<autogenerated>:1: inlining call to reflect.flag.mustBe
<autogenerated>:1: inlining call to reflect.flag.kind
<autogenerated>:1: inlining call to reflect.flag.mustBeAssignable
<autogenerated>:1: inlining call to reflect.flag.mustBeAssignable
<autogenerated>:1: inlining call to reflect.flag.mustBeExported
<autogenerated>:1: inlining call to reflect.flag.mustBeExported
<autogenerated>:1: inlining call to reflect.flag.ro
<autogenerated>:1: inlining call to reflect.flag.ro
<autogenerated>:1: inlining call to sync.(*Mutex).Lock
<autogenerated>:1: inlining call to sync.(*Mutex).Lock
<autogenerated>:1: inlining call to sync.(*Mutex).TryLock
<autogenerated>:1: inlining call to sync.(*Mutex).TryLock
<autogenerated>:1: inlining call to sync.(*Mutex).Unlock
<autogenerated>:1: inlining call to sync.(*Mutex).Unlock
<autogenerated>:1: inlining call to sync.(*Mutex).Lock
<autogenerated>:1: inlining call to sync.(*Mutex).Lock
<autogenerated>:1: inlining call to sync.(*Mutex).TryLock
<autogenerated>:1: inlining call to sync.(*Mutex).TryLock
<autogenerated>:1: inlining call to sync.(*Mutex).Unlock
<autogenerated>:1: inlining call to sync.(*Mutex).Unlock
<autogenerated>:1: inlining call to metric.measures[int64].observe
<autogenerated>:1: inlining call to metric.measures[go.shape.int64].observe
<autogenerated>:1: inlining call to context.Background
<autogenerated>:1: inlining call to sync.(*Mutex).Lock
<autogenerated>:1: inlining call to sync.(*Mutex).Lock
<autogenerated>:1: inlining call to sync.(*Mutex).TryLock
<autogenerated>:1: inlining call to sync.(*Mutex).TryLock
<autogenerated>:1: inlining call to sync.(*Mutex).Unlock
<autogenerated>:1: inlining call to sync.(*Mutex).Unlock
<autogenerated>:1: inlining call to metric.measures[float64].observe
<autogenerated>:1: inlining call to metric.measures[go.shape.float64].observe
<autogenerated>:1: inlining call to context.Background
<autogenerated>:1: inlining call to sync.(*Mutex).Lock
<autogenerated>:1: inlining call to sync.(*Mutex).Lock
<autogenerated>:1: inlining call to sync.(*Mutex).TryLock
<autogenerated>:1: inlining call to sync.(*Mutex).TryLock
<autogenerated>:1: inlining call to sync.(*Mutex).Unlock
<autogenerated>:1: inlining call to sync.(*Mutex).Unlock
<autogenerated>:1: inlining call to sync.(*Mutex).Lock
<autogenerated>:1: inlining call to sync.(*Mutex).Lock
<autogenerated>:1: inlining call to sync.(*Mutex).TryLock
<autogenerated>:1: inlining call to sync.(*Mutex).TryLock
<autogenerated>:1: inlining call to sync.(*Mutex).Unlock
<autogenerated>:1: inlining call to sync.(*Mutex).Unlock
<autogenerated>:1: inlining call to sync.(*Mutex).Lock
<autogenerated>:1: inlining call to sync.(*Mutex).Lock
<autogenerated>:1: inlining call to sync.(*Mutex).TryLock
<autogenerated>:1: inlining call to sync.(*Mutex).TryLock
<autogenerated>:1: inlining call to sync.(*Mutex).Unlock
<autogenerated>:1: inlining call to sync.(*Mutex).Unlock
<autogenerated>:1: inlining call to aggregate.Builder[int64].ExplicitBucketHistogram
<autogenerated>:1: inlining call to aggregate.Builder[int64].ExponentialBucketHistogram
<autogenerated>:1: inlining call to aggregate.Builder[int64].LastValue
<autogenerated>:1: inlining call to aggregate.Builder[int64].PrecomputedLastValue
<autogenerated>:1: inlining call to aggregate.Builder[int64].PrecomputedSum
<autogenerated>:1: inlining call to aggregate.Builder[int64].Sum
<autogenerated>:1: inlining call to aggregate.Builder[int64].filter
<autogenerated>:1: inlining call to aggregate.Builder[go.shape.int64].filter
<autogenerated>:1: inlining call to aggregate.Builder[int64].resFunc
<autogenerated>:1: inlining call to aggregate.Builder[go.shape.int64].resFunc
<autogenerated>:1: inlining call to sync.(*Mutex).Lock
<autogenerated>:1: inlining call to sync.(*Mutex).Lock
<autogenerated>:1: inlining call to sync.(*Mutex).TryLock
<autogenerated>:1: inlining call to sync.(*Mutex).TryLock
<autogenerated>:1: inlining call to sync.(*Mutex).Unlock
<autogenerated>:1: inlining call to sync.(*Mutex).Unlock
<autogenerated>:1: inlining call to aggregate.Builder[float64].ExplicitBucketHistogram
<autogenerated>:1: inlining call to aggregate.Builder[float64].ExponentialBucketHistogram
<autogenerated>:1: inlining call to aggregate.Builder[float64].LastValue
<autogenerated>:1: inlining call to aggregate.Builder[float64].PrecomputedLastValue
<autogenerated>:1: inlining call to aggregate.Builder[float64].PrecomputedSum
<autogenerated>:1: inlining call to aggregate.Builder[float64].Sum
<autogenerated>:1: inlining call to aggregate.Builder[float64].filter
<autogenerated>:1: inlining call to aggregate.Builder[go.shape.float64].filter
<autogenerated>:1: inlining call to aggregate.Builder[float64].resFunc
<autogenerated>:1: inlining call to aggregate.Builder[go.shape.float64].resFunc
<autogenerated>:1: inlining call to sync.(*Mutex).Lock
<autogenerated>:1: inlining call to sync.(*Mutex).Lock
<autogenerated>:1: inlining call to sync.(*Mutex).TryLock
<autogenerated>:1: inlining call to sync.(*Mutex).TryLock
<autogenerated>:1: inlining call to sync.(*Mutex).Unlock
<autogenerated>:1: inlining call to sync.(*Mutex).Unlock
<autogenerated>:1: inlining call to sync.(*Mutex).Lock
<autogenerated>:1: inlining call to sync.(*Mutex).Lock
<autogenerated>:1: inlining call to sync.(*Mutex).TryLock
<autogenerated>:1: inlining call to sync.(*Mutex).TryLock
<autogenerated>:1: inlining call to sync.(*Mutex).Unlock
<autogenerated>:1: inlining call to sync.(*Mutex).Unlock
<autogenerated>:1: inlining call to aggregate.Builder[go.shape.float64].filter
<autogenerated>:1: inlining call to aggregate.Builder[go.shape.float64].resFunc
<autogenerated>:1: inlining call to sync.(*Mutex).Lock
<autogenerated>:1: inlining call to sync.(*Mutex).Lock
<autogenerated>:1: inlining call to sync.(*Mutex).TryLock
<autogenerated>:1: inlining call to sync.(*Mutex).TryLock
<autogenerated>:1: inlining call to sync.(*Mutex).Unlock
<autogenerated>:1: inlining call to sync.(*Mutex).Unlock
<autogenerated>:1: inlining call to sync.(*Mutex).Lock
<autogenerated>:1: inlining call to sync.(*Mutex).Lock
<autogenerated>:1: inlining call to sync.(*Mutex).TryLock
<autogenerated>:1: inlining call to sync.(*Mutex).TryLock
<autogenerated>:1: inlining call to sync.(*Mutex).Unlock
<autogenerated>:1: inlining call to sync.(*Mutex).Unlock
<autogenerated>:1: inlining call to aggregate.Builder[go.shape.int64].filter
<autogenerated>:1: inlining call to aggregate.Builder[go.shape.int64].resFunc
<autogenerated>:1: inlining call to sync.(*Mutex).Lock
<autogenerated>:1: inlining call to sync.(*Mutex).Lock
<autogenerated>:1: inlining call to sync.(*Mutex).TryLock
<autogenerated>:1: inlining call to sync.(*Mutex).TryLock
<autogenerated>:1: inlining call to sync.(*Mutex).Unlock
<autogenerated>:1: inlining call to sync.(*Mutex).Unlock
<autogenerated>:1: inlining call to sync.(*Mutex).Lock
<autogenerated>:1: inlining call to sync.(*Mutex).Lock
<autogenerated>:1: inlining call to sync.(*Mutex).TryLock
<autogenerated>:1: inlining call to sync.(*Mutex).TryLock
<autogenerated>:1: inlining call to sync.(*Mutex).Unlock
<autogenerated>:1: inlining call to sync.(*Mutex).Unlock
<autogenerated>:1: inlining call to metric.(*observable[float64]).appendMeasures
<autogenerated>:1: inlining call to metric.(*observable[go.shape.float64]).appendMeasures
<autogenerated>:1: inlining call to metric.(*observable[float64]).appendMeasures
<autogenerated>:1: inlining call to metric.(*observable[go.shape.float64]).appendMeasures
<autogenerated>:1: inlining call to metric.(*observable[float64]).observe
<autogenerated>:1: inlining call to metric.(*observable[float64]).observe
<autogenerated>:1: inlining call to metric.(*observable[float64]).registerable
<autogenerated>:1: inlining call to metric.(*observable[float64]).registerable
<autogenerated>:1: inlining call to sync.(*Mutex).Lock
<autogenerated>:1: inlining call to sync.(*Mutex).Lock
<autogenerated>:1: inlining call to sync.(*Mutex).TryLock
<autogenerated>:1: inlining call to sync.(*Mutex).TryLock
<autogenerated>:1: inlining call to sync.(*Mutex).Unlock
<autogenerated>:1: inlining call to sync.(*Mutex).Unlock
<autogenerated>:1: inlining call to sync.(*Mutex).Lock
<autogenerated>:1: inlining call to sync.(*Mutex).Lock
<autogenerated>:1: inlining call to sync.(*Mutex).TryLock
<autogenerated>:1: inlining call to sync.(*Mutex).TryLock
<autogenerated>:1: inlining call to sync.(*Mutex).Unlock
<autogenerated>:1: inlining call to sync.(*Mutex).Unlock
<autogenerated>:1: inlining call to sync.(*Mutex).Lock
<autogenerated>:1: inlining call to sync.(*Mutex).Lock
<autogenerated>:1: inlining call to sync.(*Mutex).TryLock
<autogenerated>:1: inlining call to sync.(*Mutex).TryLock
<autogenerated>:1: inlining call to sync.(*Mutex).Unlock
<autogenerated>:1: inlining call to sync.(*Mutex).Unlock
<autogenerated>:1: inlining call to metric.measures[go.shape.float64].observe
<autogenerated>:1: inlining call to context.Background
<autogenerated>:1: inlining call to metric.(*observable[int64]).appendMeasures
<autogenerated>:1: inlining call to metric.(*observable[go.shape.int64]).appendMeasures
<autogenerated>:1: inlining call to metric.(*observable[int64]).appendMeasures
<autogenerated>:1: inlining call to metric.(*observable[go.shape.int64]).appendMeasures
<autogenerated>:1: inlining call to metric.(*observable[int64]).observe
<autogenerated>:1: inlining call to metric.(*observable[int64]).observe
<autogenerated>:1: inlining call to metric.(*observable[int64]).registerable
<autogenerated>:1: inlining call to metric.(*observable[int64]).registerable
<autogenerated>:1: inlining call to sync.(*Mutex).Lock
<autogenerated>:1: inlining call to sync.(*Mutex).Lock
<autogenerated>:1: inlining call to sync.(*Mutex).TryLock
<autogenerated>:1: inlining call to sync.(*Mutex).TryLock
<autogenerated>:1: inlining call to sync.(*Mutex).Unlock
<autogenerated>:1: inlining call to sync.(*Mutex).Unlock
<autogenerated>:1: inlining call to sync.(*Mutex).Lock
<autogenerated>:1: inlining call to sync.(*Mutex).Lock
<autogenerated>:1: inlining call to sync.(*Mutex).TryLock
<autogenerated>:1: inlining call to sync.(*Mutex).TryLock
<autogenerated>:1: inlining call to sync.(*Mutex).Unlock
<autogenerated>:1: inlining call to sync.(*Mutex).Unlock
<autogenerated>:1: inlining call to sync.(*Mutex).Lock
<autogenerated>:1: inlining call to sync.(*Mutex).Lock
<autogenerated>:1: inlining call to sync.(*Mutex).TryLock
<autogenerated>:1: inlining call to sync.(*Mutex).TryLock
<autogenerated>:1: inlining call to sync.(*Mutex).Unlock
<autogenerated>:1: inlining call to sync.(*Mutex).Unlock
<autogenerated>:1: inlining call to metric.measures[go.shape.int64].observe
<autogenerated>:1: inlining call to context.Background
<autogenerated>:1: inlining call to sync.(*Mutex).Lock
<autogenerated>:1: inlining call to sync.(*Mutex).Lock
<autogenerated>:1: inlining call to sync.(*Mutex).TryLock
<autogenerated>:1: inlining call to sync.(*Mutex).TryLock
<autogenerated>:1: inlining call to sync.(*Mutex).Unlock
<autogenerated>:1: inlining call to sync.(*Mutex).Unlock
<autogenerated>:1: inlining call to sync.(*Mutex).Lock
<autogenerated>:1: inlining call to sync.(*Mutex).Lock
<autogenerated>:1: inlining call to sync.(*Mutex).TryLock
<autogenerated>:1: inlining call to sync.(*Mutex).TryLock
<autogenerated>:1: inlining call to sync.(*Mutex).Unlock
<autogenerated>:1: inlining call to sync.(*Mutex).Unlock
<autogenerated>:1: inlining call to sync.(*Mutex).Lock
<autogenerated>:1: inlining call to sync.(*Mutex).Lock
<autogenerated>:1: inlining call to sync.(*Mutex).TryLock
<autogenerated>:1: inlining call to sync.(*Mutex).TryLock
<autogenerated>:1: inlining call to sync.(*Mutex).Unlock
<autogenerated>:1: inlining call to sync.(*Mutex).Unlock
<autogenerated>:1: inlining call to sync.(*Mutex).Lock
<autogenerated>:1: inlining call to sync.(*Mutex).Lock
<autogenerated>:1: inlining call to sync.(*Mutex).TryLock
<autogenerated>:1: inlining call to sync.(*Mutex).TryLock
<autogenerated>:1: inlining call to sync.(*Mutex).Unlock
<autogenerated>:1: inlining call to sync.(*Mutex).Unlock
<autogenerated>:1: inlining call to aggregate.limiter[go.shape.b24d11fe63213ba3e19efce44cbb29366d3fa8b1b6b0819161af96028a7b7fbc].Attributes
<autogenerated>:1: inlining call to attribute.(*Set).Equivalent
<autogenerated>:1: inlining call to metricdata.Extrema[go.shape.int64].Value
<autogenerated>:1: inlining call to metricdata.ExponentialHistogram[go.shape.int64].privateAggregation
<autogenerated>:1: inlining call to x.Feature[go.shape.bool].Enabled
<autogenerated>:1: inlining call to x.Feature[go.shape.bool].Keys
<autogenerated>:1: inlining call to sync.(*node[interface {},interface {}]).entry
<autogenerated>:1: inlining call to sync.(*node[go.shape.interface {},go.shape.interface {}]).entry
<autogenerated>:1: inlining call to sync.(*node[interface {},interface {}]).indirect
<autogenerated>:1: inlining call to sync.(*node[go.shape.interface {},go.shape.interface {}]).indirect
<autogenerated>:1: inlining call to sync.(*node[interface {},interface {}]).entry
<autogenerated>:1: inlining call to sync.(*node[go.shape.interface {},go.shape.interface {}]).entry
<autogenerated>:1: inlining call to sync.(*node[interface {},interface {}]).indirect
<autogenerated>:1: inlining call to sync.(*node[go.shape.interface {},go.shape.interface {}]).indirect
<autogenerated>:1: inlining call to sync.(*node[go.shape.interface {},go.shape.interface {}]).entry
<autogenerated>:1: inlining call to sync.(*node[go.shape.interface {},go.shape.interface {}]).indirect
<autogenerated>:1: inlining call to sync.(*node[go.shape.interface {},go.shape.interface {}]).entry
<autogenerated>:1: inlining call to sync.(*node[go.shape.interface {},go.shape.interface {}]).indirect
<autogenerated>:1: inlining call to sync.(*node[go.shape.interface {},go.shape.interface {}]).entry
<autogenerated>:1: inlining call to sync.(*node[go.shape.interface {},go.shape.interface {}]).indirect
<autogenerated>:1: inlining call to sync.(*node[interface {},interface {}]).entry
<autogenerated>:1: inlining call to sync.(*node[go.shape.interface {},go.shape.interface {}]).entry
<autogenerated>:1: inlining call to sync.(*node[interface {},interface {}]).indirect
<autogenerated>:1: inlining call to sync.(*node[go.shape.interface {},go.shape.interface {}]).indirect
<autogenerated>:1: inlining call to sync.(*node[interface {},interface {}]).entry
<autogenerated>:1: inlining call to sync.(*node[go.shape.interface {},go.shape.interface {}]).entry
<autogenerated>:1: inlining call to sync.(*node[interface {},interface {}]).indirect
<autogenerated>:1: inlining call to sync.(*node[go.shape.interface {},go.shape.interface {}]).indirect
<autogenerated>:1: inlining call to sync.(*node[go.shape.interface {},go.shape.interface {}]).entry
<autogenerated>:1: inlining call to sync.(*node[go.shape.interface {},go.shape.interface {}]).indirect
<autogenerated>:1: inlining call to metricdata.Histogram[go.shape.int64].privateAggregation
<autogenerated>:1: inlining call to aggregate.(*histogramPointCounters[go.shape.int64]).loadCountsInto
<autogenerated>:1: inlining call to aggregate.reset[go.shape.uint64]
<autogenerated>:1: inlining call to atomic.(*Uint64).Load
<autogenerated>:1: inlining call to metricdata.Sum[go.shape.int64].privateAggregation
<autogenerated>:1: inlining call to metricdata.Gauge[go.shape.int64].privateAggregation
<autogenerated>:1: inlining call to aggregate.limiter[go.shape.9c74d0f725e4f60a27458a2cbaaa0bf1332fdd6a51c2fc1b1d2d7a8409a154ed].Attributes
<autogenerated>:1: inlining call to attribute.(*Set).Equivalent
<autogenerated>:1: inlining call to metricdata.Extrema[go.shape.float64].Value
<autogenerated>:1: inlining call to metricdata.ExponentialHistogram[go.shape.float64].privateAggregation
<autogenerated>:1: inlining call to metricdata.Histogram[go.shape.float64].privateAggregation
<autogenerated>:1: inlining call to aggregate.(*histogramPointCounters[go.shape.float64]).loadCountsInto
<autogenerated>:1: inlining call to aggregate.reset[go.shape.uint64]
<autogenerated>:1: inlining call to atomic.(*Uint64).Load
<autogenerated>:1: inlining call to metricdata.Sum[go.shape.float64].privateAggregation
<autogenerated>:1: inlining call to metricdata.Gauge[go.shape.float64].privateAggregation
<autogenerated>:1: inlining call to metricdata.Gauge[float64].privateAggregation
<autogenerated>:1: inlining call to metricdata.Gauge[go.shape.float64].privateAggregation
<autogenerated>:1: inlining call to aggregate.(*lastValueMap[float64]).measure
<autogenerated>:1: inlining call to aggregate.(*deltaLastValue[float64]).collect
<autogenerated>:1: inlining call to aggregate.(*deltaLastValue[float64]).collect
<autogenerated>:1: inlining call to aggregate.(*deltaLastValue[float64]).copyAndClearDpts
<autogenerated>:1: inlining call to aggregate.(*deltaLastValue[float64]).copyAndClearDpts
<autogenerated>:1: inlining call to aggregate.(*deltaLastValue[float64]).measure
<autogenerated>:1: inlining call to aggregate.(*deltaLastValue[float64]).measure
<autogenerated>:1: inlining call to aggregate.(*deltaSum[float64]).collect
<autogenerated>:1: inlining call to aggregate.(*deltaSum[float64]).collect
<autogenerated>:1: inlining call to aggregate.(*deltaSum[float64]).measure
<autogenerated>:1: inlining call to aggregate.(*deltaSum[float64]).measure
<autogenerated>:1: inlining call to metricdata.Sum[float64].privateAggregation
<autogenerated>:1: inlining call to metricdata.Sum[go.shape.float64].privateAggregation
<autogenerated>:1: inlining call to aggregate.(*sumValueMap[float64]).measure
<autogenerated>:1: inlining call to metricdata.Extrema[float64].MarshalText
<autogenerated>:1: inlining call to metricdata.Extrema[float64].Value
<autogenerated>:1: inlining call to metricdata.Extrema[go.shape.float64].Value
<autogenerated>:1: inlining call to aggregate.(*histogramPointCounters[float64]).loadCountsInto
<autogenerated>:1: inlining call to aggregate.(*histogramPointCounters[go.shape.float64]).loadCountsInto
<autogenerated>:1: inlining call to aggregate.reset[go.shape.uint64]
<autogenerated>:1: inlining call to atomic.(*Uint64).Load
<autogenerated>:1: inlining call to aggregate.(*histogramPointCounters[float64]).mergeIntoAndReset
<autogenerated>:1: inlining call to metricdata.Histogram[float64].privateAggregation
<autogenerated>:1: inlining call to metricdata.Histogram[go.shape.float64].privateAggregation
<autogenerated>:1: inlining call to aggregate.limiter[go.opentelemetry.io/otel/sdk/metric/internal/aggregate.expoHistogramDataPoint[float64]].Attributes
<autogenerated>:1: inlining call to aggregate.limiter[go.shape.1bd081b9b2a180608fdba0565440d159f20227e2bf1b91146f29d7dcc4873370].Attributes
<autogenerated>:1: inlining call to attribute.(*Set).Equivalent
<autogenerated>:1: inlining call to metricdata.ExponentialHistogram[float64].privateAggregation
<autogenerated>:1: inlining call to metricdata.ExponentialHistogram[go.shape.float64].privateAggregation
<autogenerated>:1: inlining call to aggregate.limiter[go.shape.1bd081b9b2a180608fdba0565440d159f20227e2bf1b91146f29d7dcc4873370].Attributes
<autogenerated>:1: inlining call to attribute.(*Set).Equivalent
<autogenerated>:1: inlining call to metricdata.Gauge[int64].privateAggregation
<autogenerated>:1: inlining call to metricdata.Gauge[go.shape.int64].privateAggregation
<autogenerated>:1: inlining call to aggregate.(*lastValueMap[int64]).measure
<autogenerated>:1: inlining call to aggregate.(*deltaLastValue[int64]).collect
<autogenerated>:1: inlining call to aggregate.(*deltaLastValue[int64]).collect
<autogenerated>:1: inlining call to aggregate.(*deltaLastValue[int64]).copyAndClearDpts
<autogenerated>:1: inlining call to aggregate.(*deltaLastValue[int64]).copyAndClearDpts
<autogenerated>:1: inlining call to aggregate.(*deltaLastValue[int64]).measure
<autogenerated>:1: inlining call to aggregate.(*deltaLastValue[int64]).measure
<autogenerated>:1: inlining call to aggregate.(*deltaSum[int64]).collect
<autogenerated>:1: inlining call to aggregate.(*deltaSum[int64]).collect
<autogenerated>:1: inlining call to aggregate.(*deltaSum[int64]).measure
<autogenerated>:1: inlining call to aggregate.(*deltaSum[int64]).measure
<autogenerated>:1: inlining call to metricdata.Sum[int64].privateAggregation
<autogenerated>:1: inlining call to metricdata.Sum[go.shape.int64].privateAggregation
<autogenerated>:1: inlining call to aggregate.(*sumValueMap[int64]).measure
<autogenerated>:1: inlining call to metricdata.Extrema[int64].MarshalText
<autogenerated>:1: inlining call to metricdata.Extrema[int64].Value
<autogenerated>:1: inlining call to metricdata.Extrema[go.shape.int64].Value
<autogenerated>:1: inlining call to aggregate.(*histogramPointCounters[int64]).loadCountsInto
<autogenerated>:1: inlining call to aggregate.(*histogramPointCounters[go.shape.int64]).loadCountsInto
<autogenerated>:1: inlining call to aggregate.reset[go.shape.uint64]
<autogenerated>:1: inlining call to atomic.(*Uint64).Load
<autogenerated>:1: inlining call to aggregate.(*histogramPointCounters[int64]).mergeIntoAndReset
<autogenerated>:1: inlining call to metricdata.Histogram[int64].privateAggregation
<autogenerated>:1: inlining call to metricdata.Histogram[go.shape.int64].privateAggregation
<autogenerated>:1: inlining call to aggregate.limiter[go.opentelemetry.io/otel/sdk/metric/internal/aggregate.expoHistogramDataPoint[int64]].Attributes
<autogenerated>:1: inlining call to aggregate.limiter[go.shape.e657650a1d161854162e4d2ece7671cbda483ddbee34f6f8a2b919769e39802d].Attributes
<autogenerated>:1: inlining call to attribute.(*Set).Equivalent
<autogenerated>:1: inlining call to metricdata.ExponentialHistogram[int64].privateAggregation
<autogenerated>:1: inlining call to metricdata.ExponentialHistogram[go.shape.int64].privateAggregation
<autogenerated>:1: inlining call to aggregate.limiter[go.shape.e657650a1d161854162e4d2ece7671cbda483ddbee34f6f8a2b919769e39802d].Attributes
<autogenerated>:1: inlining call to attribute.(*Set).Equivalent
otelkit/otelkit.go:33:14: leaking param: ctx
otelkit/otelkit.go:33:35: leaking param: serviceName
/home/jules/go/pkg/mod/go.opentelemetry.io/otel/sdk@v1.44.0/trace/provider.go:368:38: leaking param: cfg to result ~r0 level=0
/home/jules/go/pkg/mod/go.opentelemetry.io/otel/sdk/metric@v1.44.0/config.go:131:25: leaking param content: cfg
/home/jules/go/pkg/mod/go.opentelemetry.io/otel/sdk/metric@v1.44.0/config.go:131:25: leaking param: cfg to result ~r0 level=0
/home/jules/go/pkg/mod/go.opentelemetry.io/otel/sdk/metric@v1.44.0/config.go:116:25: leaking param: conf to result ~r0 level=0
otelkit/otelkit.go:76:19: leaking param: ctx
otelkit/otelkit.go:40:19: context.backgroundCtx{} escapes to heap
otelkit/otelkit.go:42:20: context.backgroundCtx{} escapes to heap
otelkit/otelkit.go:41:29: ... argument does not escape
otelkit/otelkit.go:51:69: ... argument escapes to heap
otelkit/otelkit.go:51:94: propagation.TraceContext{} escapes to heap
otelkit/otelkit.go:51:117: propagation.Baggage{} escapes to heap
otelkit/otelkit.go:51:69: propagation.compositeTextMapPropagator(propagation.p) escapes to heap
otelkit/otelkit.go:58:34: ... argument does not escape
otelkit/otelkit.go:60:24: func literal escapes to heap
otelkit/otelkit.go:70:34: ... argument does not escape
otelkit/otelkit.go:71:23: func literal escapes to heap
/home/jules/go/pkg/mod/go.opentelemetry.io/otel/sdk/metric@v1.44.0/config.go:135:23: append escapes to heap
otelkit/otelkit.go:72:25: func literal escapes to heap
otelkit/otelkit.go:76:14: func literal escapes to heap
otelkit/otelkit.go:77:21: ... argument does not escape
otelkit/otelkit.go:77:21: &errors.joinError{...} escapes to heap
otelkit/otelkit.go:77:21: make([]error, 0, errors.n) escapes to heap
otelkit/otelkit.go:77:21: append escapes to heap
/home/jules/go/pkg/mod/go.opentelemetry.io/otel/sdk@v1.44.0/trace/evictedqueue.go:63:21: go.shape.[]go.shape.struct { Name string; Attributes []go.opentelemetry.io/otel/attribute.KeyValue; DroppedAttributeCount int; Time time.Time }{} escapes to heap
/home/jules/go/pkg/mod/go.opentelemetry.io/otel/sdk@v1.44.0/trace/evictedqueue.go:63:21: append escapes to heap
/home/jules/go/pkg/mod/golang.org/toolchain@v0.0.1-go1.26.5.linux-amd64/src/slices/slices.go:360:17: go.shape.[]go.shape.struct { Name string; Attributes []go.opentelemetry.io/otel/attribute.KeyValue; DroppedAttributeCount int; Time time.Time }{} escapes to heap
/home/jules/go/pkg/mod/golang.org/toolchain@v0.0.1-go1.26.5.linux-amd64/src/slices/slices.go:360:15: append escapes to heap
/home/jules/go/pkg/mod/go.opentelemetry.io/otel/sdk@v1.44.0/trace/evictedqueue.go:58:23: func literal does not escape
/home/jules/go/pkg/mod/go.opentelemetry.io/otel/sdk@v1.44.0/trace/evictedqueue.go:50:12: trace.(*evictedQueue[go.shape.struct { Name string; Attributes []go.opentelemetry.io/otel/attribute.KeyValue; DroppedAttributeCount int; Time time.Time }]).add ignoring self-assignment in trace.eq.queue = trace.eq.queue[:trace.eq.capacity - 1]
/home/jules/go/pkg/mod/go.opentelemetry.io/otel/sdk@v1.44.0/trace/evictedqueue.go:54:19: append escapes to heap
/home/jules/go/pkg/mod/go.opentelemetry.io/otel/sdk@v1.44.0/trace/evictedqueue.go:63:21: go.shape.[]go.shape.struct { SpanContext go.opentelemetry.io/otel/trace.SpanContext; Attributes []go.opentelemetry.io/otel/attribute.KeyValue; DroppedAttributeCount int }{} escapes to heap
/home/jules/go/pkg/mod/go.opentelemetry.io/otel/sdk@v1.44.0/trace/evictedqueue.go:63:21: append escapes to heap
/home/jules/go/pkg/mod/golang.org/toolchain@v0.0.1-go1.26.5.linux-amd64/src/slices/slices.go:360:17: go.shape.[]go.shape.struct { SpanContext go.opentelemetry.io/otel/trace.SpanContext; Attributes []go.opentelemetry.io/otel/attribute.KeyValue; DroppedAttributeCount int }{} escapes to heap
/home/jules/go/pkg/mod/golang.org/toolchain@v0.0.1-go1.26.5.linux-amd64/src/slices/slices.go:360:15: append escapes to heap
/home/jules/go/pkg/mod/go.opentelemetry.io/otel/sdk@v1.44.0/trace/evictedqueue.go:58:23: func literal does not escape
/home/jules/go/pkg/mod/go.opentelemetry.io/otel/sdk@v1.44.0/trace/evictedqueue.go:50:12: trace.(*evictedQueue[go.shape.struct { SpanContext go.opentelemetry.io/otel/trace.SpanContext; Attributes []go.opentelemetry.io/otel/attribute.KeyValue; DroppedAttributeCount int }]).add ignoring self-assignment in trace.eq.queue = trace.eq.queue[:trace.eq.capacity - 1]
/home/jules/go/pkg/mod/go.opentelemetry.io/otel/sdk@v1.44.0/trace/evictedqueue.go:54:19: append escapes to heap
/home/jules/go/pkg/mod/go.opentelemetry.io/otel/sdk/metric@v1.44.0/cache.go:34:19: map[go.shape.struct { Name string; Description string; Kind go.opentelemetry.io/otel/sdk/metric.InstrumentKind; Unit string; Number string }]go.shape.struct { go.opentelemetry.io/otel/sdk/metric.val *go.opentelemetry.io/otel/sdk/metric.int64Inst; go.opentelemetry.io/otel/sdk/metric.err error }{...} escapes to heap
/home/jules/go/pkg/mod/go.opentelemetry.io/otel/sdk/metric@v1.44.0/cache.go:34:19: map[go.shape.struct { Name string; Description string; Kind go.opentelemetry.io/otel/sdk/metric.InstrumentKind; Unit string; Number string }]go.shape.struct { go.opentelemetry.io/otel/sdk/metric.val *go.opentelemetry.io/otel/sdk/metric.float64Inst; go.opentelemetry.io/otel/sdk/metric.err error }{...} escapes to heap
/home/jules/go/pkg/mod/go.opentelemetry.io/otel/sdk/metric@v1.44.0/cache.go:34:19: map[go.shape.struct { Name string; Description string; Kind go.opentelemetry.io/otel/sdk/metric.InstrumentKind; Unit string; Number string }]go.shape.struct { go.opentelemetry.io/otel/sdk/metric.val go.shape.*uint8; go.opentelemetry.io/otel/sdk/metric.err error }{...} escapes to heap
/home/jules/go/pkg/mod/go.opentelemetry.io/otel/sdk/metric@v1.44.0/cache.go:78:34: func literal does not escape
/home/jules/go/pkg/mod/go.opentelemetry.io/otel/sdk/metric@v1.44.0/instrument.go:361:20: ... argument does not escape
/home/jules/go/pkg/mod/go.opentelemetry.io/otel/sdk/metric@v1.44.0/instrument.go:363:5: metric.o.observableID.name escapes to heap
/home/jules/go/pkg/mod/go.opentelemetry.io/otel/sdk/metric@v1.44.0/instrument.go:364:11: metric.o.observableID.scope.Name escapes to heap
/home/jules/go/pkg/mod/go.opentelemetry.io/otel/sdk/metric@v1.44.0/instrument.go:365:11: metric.m.scope.Name escapes to heap
/home/jules/go/pkg/mod/go.opentelemetry.io/otel/sdk/metric@v1.44.0/instrument.go:361:20: &errors.errorString{...} escapes to heap
/home/jules/go/pkg/mod/go.opentelemetry.io/otel/sdk/metric@v1.44.0/instrument.go:338:21: append escapes to heap
/home/jules/go/pkg/mod/go.opentelemetry.io/otel/sdk/metric@v1.44.0/instrument.go:334:20: context.backgroundCtx{} escapes to heap
/home/jules/go/pkg/mod/go.opentelemetry.io/otel/sdk/metric@v1.44.0/instrument.go:346:24: context.backgroundCtx{} escapes to heap
/home/jules/go/pkg/mod/go.opentelemetry.io/otel/sdk/metric@v1.44.0/cache.go:34:19: map[go.shape.struct { Name string; Description string; Kind go.opentelemetry.io/otel/sdk/metric.InstrumentKind; Unit string; Number string }]go.shape.struct { go.opentelemetry.io/otel/sdk/metric.val go.opentelemetry.io/otel/sdk/metric.int64Observable; go.opentelemetry.io/otel/sdk/metric.err error }{...} escapes to heap
/home/jules/go/pkg/mod/go.opentelemetry.io/otel/sdk/metric@v1.44.0/cache.go:34:19: map[go.shape.struct { Name string; Description string; Kind go.opentelemetry.io/otel/sdk/metric.InstrumentKind; Unit string; Number string }]go.shape.struct { go.opentelemetry.io/otel/sdk/metric.val go.shape.struct { go.opentelemetry.io/otel/metric.Int64Observable; go.opentelemetry.io/otel/sdk/metric.observable = *go.opentelemetry.io/otel/sdk/metric.observable[int64]; go.opentelemetry.io/otel/metric/embedded.Int64ObservableCounter; go.opentelemetry.io/otel/metric/embedded.Int64ObservableUpDownCounter; go.opentelemetry.io/otel/metric/embedded.Int64ObservableGauge }; go.opentelemetry.io/otel/sdk/metric.err error }{...} escapes to heap
/home/jules/go/pkg/mod/go.opentelemetry.io/otel/sdk/metric@v1.44.0/cache.go:78:34: func literal does not escape
/home/jules/go/pkg/mod/go.opentelemetry.io/otel/sdk/metric@v1.44.0/instrument.go:361:20: ... argument does not escape
/home/jules/go/pkg/mod/go.opentelemetry.io/otel/sdk/metric@v1.44.0/instrument.go:363:5: metric.o.observableID.name escapes to heap
/home/jules/go/pkg/mod/go.opentelemetry.io/otel/sdk/metric@v1.44.0/instrument.go:364:11: metric.o.observableID.scope.Name escapes to heap
/home/jules/go/pkg/mod/go.opentelemetry.io/otel/sdk/metric@v1.44.0/instrument.go:365:11: metric.m.scope.Name escapes to heap
/home/jules/go/pkg/mod/go.opentelemetry.io/otel/sdk/metric@v1.44.0/instrument.go:361:20: &errors.errorString{...} escapes to heap
/home/jules/go/pkg/mod/go.opentelemetry.io/otel/sdk/metric@v1.44.0/instrument.go:338:21: append escapes to heap
/home/jules/go/pkg/mod/go.opentelemetry.io/otel/sdk/metric@v1.44.0/instrument.go:334:20: context.backgroundCtx{} escapes to heap
/home/jules/go/pkg/mod/go.opentelemetry.io/otel/sdk/metric@v1.44.0/instrument.go:346:24: context.backgroundCtx{} escapes to heap
/home/jules/go/pkg/mod/go.opentelemetry.io/otel/sdk/metric@v1.44.0/cache.go:34:19: map[go.shape.struct { Name string; Description string; Kind go.opentelemetry.io/otel/sdk/metric.InstrumentKind; Unit string; Number string }]go.shape.struct { go.opentelemetry.io/otel/sdk/metric.val go.opentelemetry.io/otel/sdk/metric.float64Observable; go.opentelemetry.io/otel/sdk/metric.err error }{...} escapes to heap
/home/jules/go/pkg/mod/go.opentelemetry.io/otel/sdk/metric@v1.44.0/cache.go:34:19: map[go.shape.struct { Name string; Description string; Kind go.opentelemetry.io/otel/sdk/metric.InstrumentKind; Unit string; Number string }]go.shape.struct { go.opentelemetry.io/otel/sdk/metric.val go.shape.struct { go.opentelemetry.io/otel/metric.Float64Observable; go.opentelemetry.io/otel/sdk/metric.observable = *go.opentelemetry.io/otel/sdk/metric.observable[float64]; go.opentelemetry.io/otel/metric/embedded.Float64ObservableCounter; go.opentelemetry.io/otel/metric/embedded.Float64ObservableUpDownCounter; go.opentelemetry.io/otel/metric/embedded.Float64ObservableGauge }; go.opentelemetry.io/otel/sdk/metric.err error }{...} escapes to heap
/home/jules/go/pkg/mod/go.opentelemetry.io/otel/sdk/metric@v1.44.0/cache.go:78:34: func literal does not escape
/home/jules/go/pkg/mod/go.opentelemetry.io/otel/sdk/metric@v1.44.0/cache.go:34:19: map[go.shape.struct { Name string; Description string; Kind go.opentelemetry.io/otel/sdk/metric.InstrumentKind; Unit string; Number string }]go.shape.struct { ID uint64; Measure go.opentelemetry.io/otel/sdk/metric/internal/aggregate.Measure[int64]; Err error }{...} escapes to heap
/home/jules/go/pkg/mod/go.opentelemetry.io/otel/sdk/metric@v1.44.0/cache.go:34:19: map[go.shape.string]go.shape.struct { Name string; Description string; Kind go.opentelemetry.io/otel/sdk/metric.InstrumentKind; Unit string; Number string }{...} escapes to heap
/home/jules/go/pkg/mod/go.opentelemetry.io/otel/sdk/metric@v1.44.0/pipeline.go:332:43: metric.AggregationSum{} escapes to heap
/home/jules/go/pkg/mod/go.opentelemetry.io/otel/sdk/metric@v1.44.0/pipeline.go:332:43: metric.AggregationLastValue{} escapes to heap
/home/jules/go/pkg/mod/go.opentelemetry.io/otel/sdk/metric@v1.44.0/pipeline.go:332:43: metric.AggregationExplicitBucketHistogram{...} escapes to heap
/home/jules/go/pkg/mod/go.opentelemetry.io/otel/sdk/metric@v1.44.0/pipeline.go:332:43: []float64{...} escapes to heap
/home/jules/go/pkg/mod/go.opentelemetry.io/otel/sdk/metric@v1.44.0/pipeline.go:332:43: "unknown instrument kind" escapes to heap
/home/jules/go/pkg/mod/go.opentelemetry.io/otel/sdk/metric@v1.44.0/pipeline.go:338:44: metric.AggregationSum{} escapes to heap
/home/jules/go/pkg/mod/go.opentelemetry.io/otel/sdk/metric@v1.44.0/pipeline.go:338:44: metric.AggregationLastValue{} escapes to heap
/home/jules/go/pkg/mod/go.opentelemetry.io/otel/sdk/metric@v1.44.0/pipeline.go:338:44: metric.AggregationExplicitBucketHistogram{...} escapes to heap
/home/jules/go/pkg/mod/go.opentelemetry.io/otel/sdk/metric@v1.44.0/pipeline.go:338:44: []float64{...} escapes to heap
/home/jules/go/pkg/mod/go.opentelemetry.io/otel/sdk/metric@v1.44.0/pipeline.go:338:44: "unknown instrument kind" escapes to heap
/home/jules/go/pkg/mod/go.opentelemetry.io/otel/sdk/metric@v1.44.0/pipeline.go:339:16: ... argument escapes to heap
/home/jules/go/pkg/mod/go.opentelemetry.io/otel/sdk/metric@v1.44.0/pipeline.go:341:5: "aggregation" escapes to heap
/home/jules/go/pkg/mod/go.opentelemetry.io/otel/sdk/metric@v1.44.0/pipeline.go:342:5: "replacement" escapes to heap
/home/jules/go/pkg/mod/go.opentelemetry.io/otel/sdk/metric@v1.44.0/pipeline.go:498:27: ... argument does not escape
/home/jules/go/pkg/mod/go.opentelemetry.io/otel/sdk/metric@v1.44.0/pipeline.go:498:34: metric.zero escapes to heap
/home/jules/go/pkg/mod/go.opentelemetry.io/otel/sdk/metric@v1.44.0/pipeline.go:451:35: func literal does not escape
/home/jules/go/pkg/mod/go.opentelemetry.io/otel/sdk/metric@v1.44.0/pipeline.go:457:15: []any{...} escapes to heap
/home/jules/go/pkg/mod/go.opentelemetry.io/otel/sdk/metric@v1.44.0/pipeline.go:458:3: "names" escapes to heap
/home/jules/go/pkg/mod/go.opentelemetry.io/otel/sdk/metric@v1.44.0/pipeline.go:458:23: fmt.Sprintf("%q, %q", ... argument...) escapes to heap
/home/jules/go/pkg/mod/go.opentelemetry.io/otel/sdk/metric@v1.44.0/pipeline.go:458:23: ... argument does not escape
/home/jules/go/pkg/mod/go.opentelemetry.io/otel/sdk/metric@v1.44.0/pipeline.go:458:42: metric.existing.Name escapes to heap
/home/jules/go/pkg/mod/go.opentelemetry.io/otel/sdk/metric@v1.44.0/pipeline.go:458:51: metric.id.Name escapes to heap
/home/jules/go/pkg/mod/go.opentelemetry.io/otel/sdk/metric@v1.44.0/pipeline.go:459:3: "descriptions" escapes to heap
/home/jules/go/pkg/mod/go.opentelemetry.io/otel/sdk/metric@v1.44.0/pipeline.go:459:30: fmt.Sprintf("%q, %q", ... argument...) escapes to heap
/home/jules/go/pkg/mod/go.opentelemetry.io/otel/sdk/metric@v1.44.0/pipeline.go:459:30: ... argument does not escape
/home/jules/go/pkg/mod/go.opentelemetry.io/otel/sdk/metric@v1.44.0/pipeline.go:459:49: metric.existing.Description escapes to heap
/home/jules/go/pkg/mod/go.opentelemetry.io/otel/sdk/metric@v1.44.0/pipeline.go:459:65: metric.id.Description escapes to heap
/home/jules/go/pkg/mod/go.opentelemetry.io/otel/sdk/metric@v1.44.0/pipeline.go:460:3: "kinds" escapes to heap
/home/jules/go/pkg/mod/go.opentelemetry.io/otel/sdk/metric@v1.44.0/pipeline.go:460:23: fmt.Sprintf("%s, %s", ... argument...) escapes to heap
/home/jules/go/pkg/mod/go.opentelemetry.io/otel/sdk/metric@v1.44.0/pipeline.go:460:23: ... argument does not escape
/home/jules/go/pkg/mod/go.opentelemetry.io/otel/sdk/metric@v1.44.0/pipeline.go:460:42: metric.existing.Kind escapes to heap
/home/jules/go/pkg/mod/go.opentelemetry.io/otel/sdk/metric@v1.44.0/pipeline.go:460:51: metric.id.Kind escapes to heap
/home/jules/go/pkg/mod/go.opentelemetry.io/otel/sdk/metric@v1.44.0/pipeline.go:461:3: "units" escapes to heap
/home/jules/go/pkg/mod/go.opentelemetry.io/otel/sdk/metric@v1.44.0/pipeline.go:461:23: fmt.Sprintf("%s, %s", ... argument...) escapes to heap
/home/jules/go/pkg/mod/go.opentelemetry.io/otel/sdk/metric@v1.44.0/pipeline.go:461:23: ... argument does not escape
/home/jules/go/pkg/mod/go.opentelemetry.io/otel/sdk/metric@v1.44.0/pipeline.go:461:42: metric.existing.Unit escapes to heap
/home/jules/go/pkg/mod/go.opentelemetry.io/otel/sdk/metric@v1.44.0/pipeline.go:461:51: metric.id.Unit escapes to heap
/home/jules/go/pkg/mod/go.opentelemetry.io/otel/sdk/metric@v1.44.0/pipeline.go:462:3: "numbers" escapes to heap
/home/jules/go/pkg/mod/go.opentelemetry.io/otel/sdk/metric@v1.44.0/pipeline.go:462:25: fmt.Sprintf("%s, %s", ... argument...) escapes to heap
/home/jules/go/pkg/mod/go.opentelemetry.io/otel/sdk/metric@v1.44.0/pipeline.go:462:25: ... argument does not escape
/home/jules/go/pkg/mod/go.opentelemetry.io/otel/sdk/metric@v1.44.0/pipeline.go:462:44: metric.existing.Number escapes to heap
/home/jules/go/pkg/mod/go.opentelemetry.io/otel/sdk/metric@v1.44.0/pipeline.go:462:55: metric.id.Number escapes to heap
/home/jules/go/pkg/mod/go.opentelemetry.io/otel/sdk/metric@v1.44.0/pipeline.go:479:23: ... argument does not escape
/home/jules/go/pkg/mod/go.opentelemetry.io/otel/sdk/metric@v1.44.0/pipeline.go:479:59: metric.existing.Description escapes to heap
/home/jules/go/pkg/mod/go.opentelemetry.io/otel/sdk/metric@v1.44.0/pipeline.go:482:21: ... argument does not escape
/home/jules/go/pkg/mod/go.opentelemetry.io/otel/sdk/metric@v1.44.0/pipeline.go:484:5: metric.id.Name escapes to heap
/home/jules/go/pkg/mod/go.opentelemetry.io/otel/sdk/metric@v1.44.0/pipeline.go:484:14: metric.id.Description escapes to heap
/home/jules/go/pkg/mod/go.opentelemetry.io/otel/sdk/metric@v1.44.0/pipeline.go:484:44: "InstrumentKind" + metric.InstrumentKind.String(metric.id.Kind) escapes to heap
/home/jules/go/pkg/mod/go.opentelemetry.io/otel/sdk/metric@v1.44.0/pipeline.go:484:44: "InstrumentKind" + metric.InstrumentKind.String(metric.id.Kind) escapes to heap
/home/jules/go/pkg/mod/go.opentelemetry.io/otel/sdk/metric@v1.44.0/pipeline.go:484:65: metric.id.Unit escapes to heap
/home/jules/go/pkg/mod/go.opentelemetry.io/otel/sdk/metric@v1.44.0/pipeline.go:486:22: "suggested.view" escapes to heap
/home/jules/go/pkg/mod/go.opentelemetry.io/otel/sdk/metric@v1.44.0/pipeline.go:486:51: fmt.Sprintf("NewView(%s, %s)", ... argument...) escapes to heap
/home/jules/go/pkg/mod/go.opentelemetry.io/otel/sdk/metric@v1.44.0/pipeline.go:486:51: ... argument does not escape
/home/jules/go/pkg/mod/go.opentelemetry.io/otel/sdk/metric@v1.44.0/pipeline.go:486:71: metric.inst escapes to heap
/home/jules/go/pkg/mod/go.opentelemetry.io/otel/sdk/metric@v1.44.0/pipeline.go:486:77: metric.stream escapes to heap
/home/jules/go/pkg/mod/go.opentelemetry.io/otel/sdk/metric@v1.44.0/pipeline.go:486:15: append escapes to heap
/home/jules/go/pkg/mod/go.opentelemetry.io/otel/sdk/metric@v1.44.0/cache.go:34:19: map[go.shape.struct { Name string; Description string; Kind go.opentelemetry.io/otel/sdk/metric.InstrumentKind; Unit string; Number string }]go.shape.struct { ID uint64; Measure go.opentelemetry.io/otel/sdk/metric/internal/aggregate.Measure[go.shape.int64]; Err error }{...} escapes to heap
/home/jules/go/pkg/mod/go.opentelemetry.io/otel/sdk/metric@v1.44.0/exemplar.go:28:33: &aggregate.dropRes[go.shape.int64]{} escapes to heap
/home/jules/go/pkg/mod/go.opentelemetry.io/otel/sdk/metric@v1.44.0/exemplar.go:34:33: &aggregate.dropRes[go.shape.int64]{} escapes to heap
/home/jules/go/pkg/mod/go.opentelemetry.io/otel/sdk/metric@v1.44.0/exemplar.go:36:9: func literal escapes to heap
/home/jules/go/pkg/mod/go.opentelemetry.io/otel/sdk/metric@v1.44.0/exemplar.go:37:51: &aggregate.filteredExemplarReservoir[go.shape.int64]{...} escapes to heap
/home/jules/go/pkg/mod/go.opentelemetry.io/otel/sdk/metric@v1.44.0/internal/aggregate/lastvalue.go:59:9: &aggregate.deltaLastValue[go.shape.int64]{...} escapes to heap
/home/jules/go/pkg/mod/go.opentelemetry.io/otel/sdk/metric@v1.44.0/internal/aggregate/drop.go:15:9: &aggregate.dropRes[go.shape.int64]{} escapes to heap
/home/jules/go/pkg/mod/go.opentelemetry.io/otel/sdk/metric@v1.44.0/internal/aggregate/lastvalue.go:36:43: func literal does not escape
/home/jules/go/pkg/mod/go.opentelemetry.io/otel/sdk/metric@v1.44.0/internal/aggregate/lastvalue.go:39:8: &aggregate.lastValuePoint[go.shape.int64]{...} escapes to heap
/home/jules/go/pkg/mod/go.opentelemetry.io/otel/sdk/metric@v1.44.0/internal/aggregate/lastvalue.go:45:16: any(aggregate.v) does not escape
/home/jules/go/pkg/mod/go.opentelemetry.io/otel/sdk/metric@v1.44.0/internal/aggregate/lastvalue.go:45:16: "unsupported type" escapes to heap
/home/jules/go/pkg/mod/go.opentelemetry.io/otel/sdk/metric@v1.44.0/internal/aggregate/lastvalue.go:49:16: any(aggregate.v) does not escape
/home/jules/go/pkg/mod/go.opentelemetry.io/otel/sdk/metric@v1.44.0/internal/aggregate/lastvalue.go:49:16: "unsupported type" escapes to heap
/home/jules/go/pkg/mod/go.opentelemetry.io/otel/sdk/metric@v1.44.0/internal/aggregate/exemplar.go:21:9: aggregate.collectExemplars[go.shape.int64].func1 ignoring self-assignment in *aggregate.dest = (*aggregate.dest)[:0]
/home/jules/go/pkg/mod/go.opentelemetry.io/otel/sdk/metric@v1.44.0/internal/aggregate/exemplar.go:19:8: func literal does not escape
/home/jules/go/pkg/mod/go.opentelemetry.io/otel/sdk/metric@v1.44.0/internal/aggregate/exemplar.go:25:15: make([]go.shape.struct { FilteredAttributes []go.opentelemetry.io/otel/attribute.KeyValue; Time time.Time; Value go.opentelemetry.io/otel/sdk/metric/exemplar.Value; SpanID []uint8 "json:\",omitempty\""; TraceID []uint8 "json:\",omitempty\"" }, aggregate.length, aggregate.capacity) escapes to heap
/home/jules/go/pkg/mod/go.opentelemetry.io/otel/sdk/metric@v1.44.0/internal/aggregate/exemplar.go:29:14: make([]go.shape.struct { FilteredAttributes []go.opentelemetry.io/otel/attribute.KeyValue; Time time.Time; Value go.shape.int64; SpanID []uint8 "json:\",omitempty\""; TraceID []uint8 "json:\",omitempty\"" }, aggregate.length, aggregate.capacity) escapes to heap
/home/jules/go/pkg/mod/golang.org/toolchain@v0.0.1-go1.26.5.linux-amd64/src/internal/sync/hashtriemap.go:50:37: &sync.indirect[go.shape.interface {},go.shape.interface {}]{...} escapes to heap
/home/jules/go/pkg/mod/golang.org/toolchain@v0.0.1-go1.26.5.linux-amd64/src/internal/sync/hashtriemap.go:505:26: "called indirect on entry node" escapes to heap
/home/jules/go/pkg/mod/golang.org/toolchain@v0.0.1-go1.26.5.linux-amd64/src/internal/sync/hashtriemap.go:510:15: "called entry on non-entry node" escapes to heap
/home/jules/go/pkg/mod/go.opentelemetry.io/otel/sdk/metric@v1.44.0/internal/aggregate/lastvalue.go:119:15: make([]go.shape.struct { Attributes go.opentelemetry.io/otel/attribute.Set; StartTime time.Time "json:\",omitempty\""; Time time.Time "json:\",omitempty\""; Value go.shape.int64; Exemplars []go.opentelemetry.io/otel/sdk/metric/metricdata.Exemplar[go.shape.int64] "json:\",omitempty\"" }, aggregate.length, aggregate.capacity) escapes to heap
/home/jules/go/pkg/mod/go.opentelemetry.io/otel/sdk/metric@v1.44.0/internal/aggregate/lastvalue.go:122:40: func literal does not escape
/home/jules/go/pkg/mod/go.opentelemetry.io/otel/sdk/metric@v1.44.0/internal/aggregate/lastvalue.go:127:31: any(aggregate.value) does not escape
/home/jules/go/pkg/mod/go.opentelemetry.io/otel/sdk/metric@v1.44.0/internal/aggregate/lastvalue.go:127:31: "unsupported type" escapes to heap
/home/jules/go/pkg/mod/go.opentelemetry.io/otel/sdk/metric@v1.44.0/internal/aggregate/lastvalue.go:128:48: aggregate.FilteredExemplarReservoir[go.shape.int64](aggregate.v.res).Collect does not escape
/home/jules/go/pkg/mod/go.opentelemetry.io/otel/sdk/metric@v1.44.0/internal/aggregate/lastvalue.go:135:10: aggregate.gData escapes to heap
/home/jules/go/pkg/mod/go.opentelemetry.io/otel/sdk/metric@v1.44.0/internal/aggregate/lastvalue.go:168:15: make([]go.shape.struct { Attributes go.opentelemetry.io/otel/attribute.Set; StartTime time.Time "json:\",omitempty\""; Time time.Time "json:\",omitempty\""; Value go.shape.int64; Exemplars []go.opentelemetry.io/otel/sdk/metric/metricdata.Exemplar[go.shape.int64] "json:\",omitempty\"" }, aggregate.length, aggregate.capacity) escapes to heap
/home/jules/go/pkg/mod/go.opentelemetry.io/otel/sdk/metric@v1.44.0/internal/aggregate/lastvalue.go:173:17: func literal does not escape
/home/jules/go/pkg/mod/go.opentelemetry.io/otel/sdk/metric@v1.44.0/internal/aggregate/lastvalue.go:184:28: any(aggregate.value) does not escape
/home/jules/go/pkg/mod/go.opentelemetry.io/otel/sdk/metric@v1.44.0/internal/aggregate/lastvalue.go:184:28: "unsupported type" escapes to heap
/home/jules/go/pkg/mod/go.opentelemetry.io/otel/sdk/metric@v1.44.0/internal/aggregate/lastvalue.go:186:46: aggregate.FilteredExemplarReservoir[go.shape.int64](aggregate.v.res).Collect does not escape
/home/jules/go/pkg/mod/go.opentelemetry.io/otel/sdk/metric@v1.44.0/internal/aggregate/lastvalue.go:187:16: append escapes to heap
/home/jules/go/pkg/mod/go.opentelemetry.io/otel/sdk/metric@v1.44.0/internal/aggregate/lastvalue.go:196:10: aggregate.gData escapes to heap
/home/jules/go/pkg/mod/go.opentelemetry.io/otel/sdk/metric@v1.44.0/internal/aggregate/aggregate.go:80:18: func literal escapes to heap
/home/jules/go/pkg/mod/go.opentelemetry.io/otel/sdk/metric@v1.44.0/internal/aggregate/aggregate.go:80:18: func literal escapes to heap
/home/jules/go/pkg/mod/go.opentelemetry.io/otel/sdk/metric@v1.44.0/internal/aggregate/aggregate.go:82:34: &aggregate.cumulativeLastValue[go.shape.int64]{...} escapes to heap
/home/jules/go/pkg/mod/go.opentelemetry.io/otel/sdk/metric@v1.44.0/internal/aggregate/aggregate.go:83:18: func literal escapes to heap
/home/jules/go/pkg/mod/go.opentelemetry.io/otel/sdk/metric@v1.44.0/internal/aggregate/aggregate.go:83:18: func literal escapes to heap
/home/jules/go/pkg/mod/go.opentelemetry.io/otel/sdk/metric@v1.44.0/internal/aggregate/aggregate.go:91:34: &aggregate.precomputedLastValue[go.shape.int64]{...} escapes to heap
/home/jules/go/pkg/mod/go.opentelemetry.io/otel/sdk/metric@v1.44.0/internal/aggregate/aggregate.go:94:18: func literal escapes to heap
/home/jules/go/pkg/mod/go.opentelemetry.io/otel/sdk/metric@v1.44.0/internal/aggregate/aggregate.go:94:18: func literal escapes to heap
/home/jules/go/pkg/mod/go.opentelemetry.io/otel/sdk/metric@v1.44.0/internal/aggregate/aggregate.go:96:18: func literal escapes to heap
/home/jules/go/pkg/mod/go.opentelemetry.io/otel/sdk/metric@v1.44.0/internal/aggregate/aggregate.go:96:18: func literal escapes to heap
/home/jules/go/pkg/mod/go.opentelemetry.io/otel/sdk/metric@v1.44.0/internal/aggregate/sum.go:61:9: &aggregate.deltaSum[go.shape.int64]{...} escapes to heap
/home/jules/go/pkg/mod/go.opentelemetry.io/otel/sdk/metric@v1.44.0/internal/aggregate/sum.go:34:43: func literal does not escape
/home/jules/go/pkg/mod/go.opentelemetry.io/otel/sdk/metric@v1.44.0/internal/aggregate/sum.go:37:10: &aggregate.sumValue[go.shape.int64]{...} escapes to heap
/home/jules/go/pkg/mod/go.opentelemetry.io/otel/sdk/metric@v1.44.0/internal/aggregate/sum.go:228:21: make(map[any]go.shape.int64) escapes to heap
/home/jules/go/pkg/mod/go.opentelemetry.io/otel/sdk/metric@v1.44.0/internal/aggregate/sum.go:241:15: make([]go.shape.struct { Attributes go.opentelemetry.io/otel/attribute.Set; StartTime time.Time "json:\",omitempty\""; Time time.Time "json:\",omitempty\""; Value go.shape.int64; Exemplars []go.opentelemetry.io/otel/sdk/metric/metricdata.Exemplar[go.shape.int64] "json:\",omitempty\"" }, aggregate.length, aggregate.capacity) escapes to heap
/home/jules/go/pkg/mod/go.opentelemetry.io/otel/sdk/metric@v1.44.0/internal/aggregate/sum.go:244:40: func literal does not escape
/home/jules/go/pkg/mod/go.opentelemetry.io/otel/sdk/metric@v1.44.0/internal/aggregate/sum.go:249:47: aggregate.FilteredExemplarReservoir[go.shape.int64](aggregate.val.res).Collect does not escape
/home/jules/go/pkg/mod/go.opentelemetry.io/otel/sdk/metric@v1.44.0/internal/aggregate/sum.go:264:10: aggregate.sData escapes to heap
/home/jules/go/pkg/mod/go.opentelemetry.io/otel/sdk/metric@v1.44.0/internal/aggregate/sum.go:285:15: make([]go.shape.struct { Attributes go.opentelemetry.io/otel/attribute.Set; StartTime time.Time "json:\",omitempty\""; Time time.Time "json:\",omitempty\""; Value go.shape.int64; Exemplars []go.opentelemetry.io/otel/sdk/metric/metricdata.Exemplar[go.shape.int64] "json:\",omitempty\"" }, aggregate.length, aggregate.capacity) escapes to heap
/home/jules/go/pkg/mod/go.opentelemetry.io/otel/sdk/metric@v1.44.0/internal/aggregate/sum.go:288:40: func literal does not escape
/home/jules/go/pkg/mod/go.opentelemetry.io/otel/sdk/metric@v1.44.0/internal/aggregate/sum.go:290:47: aggregate.FilteredExemplarReservoir[go.shape.int64](aggregate.val.res).Collect does not escape
/home/jules/go/pkg/mod/go.opentelemetry.io/otel/sdk/metric@v1.44.0/internal/aggregate/sum.go:301:10: aggregate.sData escapes to heap
/home/jules/go/pkg/mod/go.opentelemetry.io/otel/sdk/metric@v1.44.0/internal/aggregate/aggregate.go:103:27: &aggregate.precomputedSum[go.shape.int64]{...} escapes to heap
/home/jules/go/pkg/mod/go.opentelemetry.io/otel/sdk/metric@v1.44.0/internal/aggregate/aggregate.go:106:18: func literal escapes to heap
/home/jules/go/pkg/mod/go.opentelemetry.io/otel/sdk/metric@v1.44.0/internal/aggregate/aggregate.go:106:18: func literal escapes to heap
/home/jules/go/pkg/mod/go.opentelemetry.io/otel/sdk/metric@v1.44.0/internal/aggregate/aggregate.go:108:18: func literal escapes to heap
/home/jules/go/pkg/mod/go.opentelemetry.io/otel/sdk/metric@v1.44.0/internal/aggregate/aggregate.go:108:18: func literal escapes to heap
/home/jules/go/pkg/mod/go.opentelemetry.io/otel/sdk/metric@v1.44.0/internal/aggregate/sum.go:108:15: make([]go.shape.struct { Attributes go.opentelemetry.io/otel/attribute.Set; StartTime time.Time "json:\",omitempty\""; Time time.Time "json:\",omitempty\""; Value go.shape.int64; Exemplars []go.opentelemetry.io/otel/sdk/metric/metricdata.Exemplar[go.shape.int64] "json:\",omitempty\"" }, aggregate.length, aggregate.capacity) escapes to heap
/home/jules/go/pkg/mod/go.opentelemetry.io/otel/sdk/metric@v1.44.0/internal/aggregate/sum.go:111:40: func literal does not escape
/home/jules/go/pkg/mod/go.opentelemetry.io/otel/sdk/metric@v1.44.0/internal/aggregate/sum.go:113:47: aggregate.FilteredExemplarReservoir[go.shape.int64](aggregate.val.res).Collect does not escape
/home/jules/go/pkg/mod/go.opentelemetry.io/otel/sdk/metric@v1.44.0/internal/aggregate/sum.go:126:10: aggregate.sData escapes to heap
/home/jules/go/pkg/mod/go.opentelemetry.io/otel/sdk/metric@v1.44.0/internal/aggregate/sum.go:170:15: make([]go.shape.struct { Attributes go.opentelemetry.io/otel/attribute.Set; StartTime time.Time "json:\",omitempty\""; Time time.Time "json:\",omitempty\""; Value go.shape.int64; Exemplars []go.opentelemetry.io/otel/sdk/metric/metricdata.Exemplar[go.shape.int64] "json:\",omitempty\"" }, aggregate.length, aggregate.capacity) escapes to heap
/home/jules/go/pkg/mod/go.opentelemetry.io/otel/sdk/metric@v1.44.0/internal/aggregate/sum.go:175:17: func literal does not escape
/home/jules/go/pkg/mod/go.opentelemetry.io/otel/sdk/metric@v1.44.0/internal/aggregate/sum.go:188:45: aggregate.FilteredExemplarReservoir[go.shape.int64](aggregate.val.res).Collect does not escape
/home/jules/go/pkg/mod/go.opentelemetry.io/otel/sdk/metric@v1.44.0/internal/aggregate/sum.go:189:16: append escapes to heap
/home/jules/go/pkg/mod/go.opentelemetry.io/otel/sdk/metric@v1.44.0/internal/aggregate/sum.go:199:10: aggregate.sData escapes to heap
/home/jules/go/pkg/mod/go.opentelemetry.io/otel/sdk/metric@v1.44.0/internal/aggregate/aggregate.go:117:18: func literal escapes to heap
/home/jules/go/pkg/mod/go.opentelemetry.io/otel/sdk/metric@v1.44.0/internal/aggregate/aggregate.go:117:18: func literal escapes to heap
/home/jules/go/pkg/mod/go.opentelemetry.io/otel/sdk/metric@v1.44.0/internal/aggregate/aggregate.go:119:27: &aggregate.cumulativeSum[go.shape.int64]{...} escapes to heap
/home/jules/go/pkg/mod/go.opentelemetry.io/otel/sdk/metric@v1.44.0/internal/aggregate/aggregate.go:120:18: func literal escapes to heap
/home/jules/go/pkg/mod/go.opentelemetry.io/otel/sdk/metric@v1.44.0/internal/aggregate/aggregate.go:120:18: func literal escapes to heap
/home/jules/go/pkg/mod/golang.org/toolchain@v0.0.1-go1.26.5.linux-amd64/src/slices/zsortordered.go:15:23: slices.insertionSortOrdered[go.shape.float64] ignoring self-assignment in slices.data[slices.j], slices.data[slices.j - 1] = slices.data[slices.j - 1], slices.data[slices.j]
/home/jules/go/pkg/mod/golang.org/toolchain@v0.0.1-go1.26.5.linux-amd64/src/slices/zsortordered.go:15:23: slices.insertionSortOrdered[go.shape.float64] ignoring self-assignment in slices.data[slices.j], slices.data[slices.j - 1] = slices.data[slices.j - 1], slices.data[slices.j]
/home/jules/go/pkg/mod/golang.org/toolchain@v0.0.1-go1.26.5.linux-amd64/src/slices/zsortordered.go:35:39: slices.siftDownOrdered[go.shape.float64] ignoring self-assignment in slices.data[slices.first + slices.root], slices.data[slices.first + slices.child] = slices.data[slices.first + slices.child], slices.data[slices.first + slices.root]
/home/jules/go/pkg/mod/golang.org/toolchain@v0.0.1-go1.26.5.linux-amd64/src/slices/zsortordered.go:35:39: slices.siftDownOrdered[go.shape.float64] ignoring self-assignment in slices.data[slices.first + slices.root], slices.data[slices.first + slices.child] = slices.data[slices.first + slices.child], slices.data[slices.first + slices.root]
/home/jules/go/pkg/mod/golang.org/toolchain@v0.0.1-go1.26.5.linux-amd64/src/slices/zsortordered.go:52:30: slices.heapSortOrdered[go.shape.float64] ignoring self-assignment in slices.data[slices.first], slices.data[slices.first + slices.i] = slices.data[slices.first + slices.i], slices.data[slices.first]
/home/jules/go/pkg/mod/golang.org/toolchain@v0.0.1-go1.26.5.linux-amd64/src/slices/zsortordered.go:52:30: slices.heapSortOrdered[go.shape.float64] ignoring self-assignment in slices.data[slices.first], slices.data[slices.first + slices.i] = slices.data[slices.first + slices.i], slices.data[slices.first]
/home/jules/go/pkg/mod/golang.org/toolchain@v0.0.1-go1.26.5.linux-amd64/src/slices/zsortordered.go:253:29: slices.breakPatternsOrdered[go.shape.float64] ignoring self-assignment in slices.data[slices.idx], slices.data[slices.a + slices.other] = slices.data[slices.a + slices.other], slices.data[slices.idx]
/home/jules/go/pkg/mod/golang.org/toolchain@v0.0.1-go1.26.5.linux-amd64/src/slices/zsortordered.go:253:29: slices.breakPatternsOrdered[go.shape.float64] ignoring self-assignment in slices.data[slices.idx], slices.data[slices.a + slices.other] = slices.data[slices.a + slices.other], slices.data[slices.idx]
/home/jules/go/pkg/mod/golang.org/toolchain@v0.0.1-go1.26.5.linux-amd64/src/slices/zsortordered.go:216:22: slices.partialInsertionSortOrdered[go.shape.float64] ignoring self-assignment in slices.data[slices.i], slices.data[slices.i - 1] = slices.data[slices.i - 1], slices.data[slices.i]
/home/jules/go/pkg/mod/golang.org/toolchain@v0.0.1-go1.26.5.linux-amd64/src/slices/zsortordered.go:216:22: slices.partialInsertionSortOrdered[go.shape.float64] ignoring self-assignment in slices.data[slices.i], slices.data[slices.i - 1] = slices.data[slices.i - 1], slices.data[slices.i]
/home/jules/go/pkg/mod/golang.org/toolchain@v0.0.1-go1.26.5.linux-amd64/src/slices/zsortordered.go:224:24: slices.partialInsertionSortOrdered[go.shape.float64] ignoring self-assignment in slices.data[slices.j], slices.data[slices.j - 1] = slices.data[slices.j - 1], slices.data[slices.j]
/home/jules/go/pkg/mod/golang.org/toolchain@v0.0.1-go1.26.5.linux-amd64/src/slices/zsortordered.go:224:24: slices.partialInsertionSortOrdered[go.shape.float64] ignoring self-assignment in slices.data[slices.j], slices.data[slices.j - 1] = slices.data[slices.j - 1], slices.data[slices.j]
/home/jules/go/pkg/mod/golang.org/toolchain@v0.0.1-go1.26.5.linux-amd64/src/slices/zsortordered.go:233:24: slices.partialInsertionSortOrdered[go.shape.float64] ignoring self-assignment in slices.data[slices.j], slices.data[slices.j - 1] = slices.data[slices.j - 1], slices.data[slices.j]
/home/jules/go/pkg/mod/golang.org/toolchain@v0.0.1-go1.26.5.linux-amd64/src/slices/zsortordered.go:233:24: slices.partialInsertionSortOrdered[go.shape.float64] ignoring self-assignment in slices.data[slices.j], slices.data[slices.j - 1] = slices.data[slices.j - 1], slices.data[slices.j]
/home/jules/go/pkg/mod/golang.org/toolchain@v0.0.1-go1.26.5.linux-amd64/src/slices/zsortordered.go:176:23: slices.partitionEqualOrdered[go.shape.float64] ignoring self-assignment in slices.data[slices.a], slices.data[slices.pivot] = slices.data[slices.pivot], slices.data[slices.a]
/home/jules/go/pkg/mod/golang.org/toolchain@v0.0.1-go1.26.5.linux-amd64/src/slices/zsortordered.go:176:23: slices.partitionEqualOrdered[go.shape.float64] ignoring self-assignment in slices.data[slices.a], slices.data[slices.pivot] = slices.data[slices.pivot], slices.data[slices.a]
/home/jules/go/pkg/mod/golang.org/toolchain@v0.0.1-go1.26.5.linux-amd64/src/slices/zsortordered.go:189:20: slices.partitionEqualOrdered[go.shape.float64] ignoring self-assignment in slices.data[slices.i], slices.data[slices.j] = slices.data[slices.j], slices.data[slices.i]
/home/jules/go/pkg/mod/golang.org/toolchain@v0.0.1-go1.26.5.linux-amd64/src/slices/zsortordered.go:189:20: slices.partitionEqualOrdered[go.shape.float64] ignoring self-assignment in slices.data[slices.i], slices.data[slices.j] = slices.data[slices.j], slices.data[slices.i]
/home/jules/go/pkg/mod/golang.org/toolchain@v0.0.1-go1.26.5.linux-amd64/src/slices/zsortordered.go:138:23: slices.partitionOrdered[go.shape.float64] ignoring self-assignment in slices.data[slices.a], slices.data[slices.pivot] = slices.data[slices.pivot], slices.data[slices.a]
/home/jules/go/pkg/mod/golang.org/toolchain@v0.0.1-go1.26.5.linux-amd64/src/slices/zsortordered.go:138:23: slices.partitionOrdered[go.shape.float64] ignoring self-assignment in slices.data[slices.a], slices.data[slices.pivot] = slices.data[slices.pivot], slices.data[slices.a]
/home/jules/go/pkg/mod/golang.org/toolchain@v0.0.1-go1.26.5.linux-amd64/src/slices/zsortordered.go:148:20: slices.partitionOrdered[go.shape.float64] ignoring self-assignment in slices.data[slices.j], slices.data[slices.a] = slices.data[slices.a], slices.data[slices.j]
/home/jules/go/pkg/mod/golang.org/toolchain@v0.0.1-go1.26.5.linux-amd64/src/slices/zsortordered.go:148:20: slices.partitionOrdered[go.shape.float64] ignoring self-assignment in slices.data[slices.j], slices.data[slices.a] = slices.data[slices.a], slices.data[slices.j]
/home/jules/go/pkg/mod/golang.org/toolchain@v0.0.1-go1.26.5.linux-amd64/src/slices/zsortordered.go:151:19: slices.partitionOrdered[go.shape.float64] ignoring self-assignment in slices.data[slices.i], slices.data[slices.j] = slices.data[slices.j], slices.data[slices.i]
/home/jules/go/pkg/mod/golang.org/toolchain@v0.0.1-go1.26.5.linux-amd64/src/slices/zsortordered.go:151:19: slices.partitionOrdered[go.shape.float64] ignoring self-assignment in slices.data[slices.i], slices.data[slices.j] = slices.data[slices.j], slices.data[slices.i]
/home/jules/go/pkg/mod/golang.org/toolchain@v0.0.1-go1.26.5.linux-amd64/src/slices/zsortordered.go:165:20: slices.partitionOrdered[go.shape.float64] ignoring self-assignment in slices.data[slices.i], slices.data[slices.j] = slices.data[slices.j], slices.data[slices.i]
/home/jules/go/pkg/mod/golang.org/toolchain@v0.0.1-go1.26.5.linux-amd64/src/slices/zsortordered.go:165:20: slices.partitionOrdered[go.shape.float64] ignoring self-assignment in slices.data[slices.i], slices.data[slices.j] = slices.data[slices.j], slices.data[slices.i]
/home/jules/go/pkg/mod/golang.org/toolchain@v0.0.1-go1.26.5.linux-amd64/src/slices/zsortordered.go:169:19: slices.partitionOrdered[go.shape.float64] ignoring self-assignment in slices.data[slices.j], slices.data[slices.a] = slices.data[slices.a], slices.data[slices.j]
/home/jules/go/pkg/mod/golang.org/toolchain@v0.0.1-go1.26.5.linux-amd64/src/slices/zsortordered.go:169:19: slices.partitionOrdered[go.shape.float64] ignoring self-assignment in slices.data[slices.j], slices.data[slices.a] = slices.data[slices.a], slices.data[slices.j]
/home/jules/go/pkg/mod/golang.org/toolchain@v0.0.1-go1.26.5.linux-amd64/src/slices/zsortordered.go:93:23: slices.pdqsortOrdered[go.shape.float64] ignoring self-assignment in slices.data[slices.i], slices.data[slices.j] = slices.data[slices.j], slices.data[slices.i]
/home/jules/go/pkg/mod/golang.org/toolchain@v0.0.1-go1.26.5.linux-amd64/src/slices/zsortordered.go:93:23: slices.pdqsortOrdered[go.shape.float64] ignoring self-assignment in slices.data[slices.i], slices.data[slices.j] = slices.data[slices.j], slices.data[slices.i]
/home/jules/go/pkg/mod/go.opentelemetry.io/otel/sdk/metric@v1.44.0/internal/aggregate/histogram.go:166:19: go.shape.[]float64{} escapes to heap
/home/jules/go/pkg/mod/go.opentelemetry.io/otel/sdk/metric@v1.44.0/internal/aggregate/histogram.go:166:19: append escapes to heap
/home/jules/go/pkg/mod/go.opentelemetry.io/otel/sdk/metric@v1.44.0/internal/aggregate/histogram.go:168:9: &aggregate.deltaHistogram[go.shape.int64]{...} escapes to heap
/home/jules/go/pkg/mod/go.opentelemetry.io/otel/sdk/metric@v1.44.0/internal/aggregate/atomic.go:116:18: any(aggregate.v) does not escape
/home/jules/go/pkg/mod/go.opentelemetry.io/otel/sdk/metric@v1.44.0/internal/aggregate/atomic.go:116:18: "unsupported type" escapes to heap
/home/jules/go/pkg/mod/go.opentelemetry.io/otel/sdk/metric@v1.44.0/internal/aggregate/atomic.go:117:18: any(aggregate.v) does not escape
/home/jules/go/pkg/mod/go.opentelemetry.io/otel/sdk/metric@v1.44.0/internal/aggregate/atomic.go:117:18: "unsupported type" escapes to heap
/home/jules/go/pkg/mod/go.opentelemetry.io/otel/sdk/metric@v1.44.0/internal/aggregate/atomic.go:128:23: any(aggregate.value) does not escape
/home/jules/go/pkg/mod/go.opentelemetry.io/otel/sdk/metric@v1.44.0/internal/aggregate/atomic.go:128:23: "unsupported type" escapes to heap
/home/jules/go/pkg/mod/go.opentelemetry.io/otel/sdk/metric@v1.44.0/internal/aggregate/atomic.go:130:30: any(aggregate.oldN) does not escape
/home/jules/go/pkg/mod/go.opentelemetry.io/otel/sdk/metric@v1.44.0/internal/aggregate/atomic.go:130:30: "unsupported type" escapes to heap
/home/jules/go/pkg/mod/go.opentelemetry.io/otel/sdk/metric@v1.44.0/internal/aggregate/atomic.go:133:23: any(aggregate.value) does not escape
/home/jules/go/pkg/mod/go.opentelemetry.io/otel/sdk/metric@v1.44.0/internal/aggregate/atomic.go:133:23: "unsupported type" escapes to heap
/home/jules/go/pkg/mod/go.opentelemetry.io/otel/sdk/metric@v1.44.0/internal/aggregate/atomic.go:136:22: any(aggregate.value) does not escape
/home/jules/go/pkg/mod/go.opentelemetry.io/otel/sdk/metric@v1.44.0/internal/aggregate/atomic.go:136:22: "unsupported type" escapes to heap
/home/jules/go/pkg/mod/go.opentelemetry.io/otel/sdk/metric@v1.44.0/internal/aggregate/atomic.go:138:30: any(aggregate.oldN) does not escape
/home/jules/go/pkg/mod/go.opentelemetry.io/otel/sdk/metric@v1.44.0/internal/aggregate/atomic.go:138:30: "unsupported type" escapes to heap
/home/jules/go/pkg/mod/go.opentelemetry.io/otel/sdk/metric@v1.44.0/internal/aggregate/atomic.go:141:23: any(aggregate.value) does not escape
/home/jules/go/pkg/mod/go.opentelemetry.io/otel/sdk/metric@v1.44.0/internal/aggregate/atomic.go:141:23: "unsupported type" escapes to heap
/home/jules/go/pkg/mod/go.opentelemetry.io/otel/sdk/metric@v1.44.0/internal/aggregate/histogram.go:117:57: func literal does not escape
/home/jules/go/pkg/mod/go.opentelemetry.io/otel/sdk/metric@v1.44.0/internal/aggregate/histogram.go:120:10: &aggregate.histogramPoint[go.shape.int64]{...} escapes to heap
/home/jules/go/pkg/mod/go.opentelemetry.io/otel/sdk/metric@v1.44.0/internal/aggregate/histogram.go:131:66: make([]atomic.Uint64, len(aggregate.s.bounds) + 1) escapes to heap
/home/jules/go/pkg/mod/go.opentelemetry.io/otel/sdk/metric@v1.44.0/internal/aggregate/histogram.go:195:24: go.shape.[]float64{} escapes to heap
/home/jules/go/pkg/mod/go.opentelemetry.io/otel/sdk/metric@v1.44.0/internal/aggregate/histogram.go:195:24: append escapes to heap
/home/jules/go/pkg/mod/go.opentelemetry.io/otel/sdk/metric@v1.44.0/internal/aggregate/histogram.go:200:16: make([]go.shape.struct { Attributes go.opentelemetry.io/otel/attribute.Set; StartTime time.Time; Time time.Time; Count uint64; Bounds []float64; BucketCounts []uint64; Min go.opentelemetry.io/otel/sdk/metric/metricdata.Extrema[go.shape.int64]; Max go.opentelemetry.io/otel/sdk/metric/metricdata.Extrema[go.shape.int64]; Sum go.shape.int64; Exemplars []go.opentelemetry.io/otel/sdk/metric/metricdata.Exemplar[go.shape.int64] "json:\",omitempty\"" }, aggregate.length, aggregate.capacity) escapes to heap
/home/jules/go/pkg/mod/go.opentelemetry.io/otel/sdk/metric@v1.44.0/internal/aggregate/histogram.go:203:33: func literal does not escape
/home/jules/go/pkg/mod/go.opentelemetry.io/otel/sdk/metric@v1.44.0/internal/aggregate/histogram.go:206:30: make([]go.shape.uint64, aggregate.length, aggregate.capacity) escapes to heap
/home/jules/go/pkg/mod/go.opentelemetry.io/otel/sdk/metric@v1.44.0/internal/aggregate/histogram.go:219:65: any(aggregate.value) does not escape
/home/jules/go/pkg/mod/go.opentelemetry.io/otel/sdk/metric@v1.44.0/internal/aggregate/histogram.go:219:65: "unsupported type" escapes to heap
/home/jules/go/pkg/mod/go.opentelemetry.io/otel/sdk/metric@v1.44.0/internal/aggregate/histogram.go:220:65: any(aggregate.value) does not escape
/home/jules/go/pkg/mod/go.opentelemetry.io/otel/sdk/metric@v1.44.0/internal/aggregate/histogram.go:220:65: "unsupported type" escapes to heap
/home/jules/go/pkg/mod/go.opentelemetry.io/otel/sdk/metric@v1.44.0/internal/aggregate/histogram.go:224:48: aggregate.FilteredExemplarReservoir[go.shape.int64](aggregate.val.res).Collect does not escape
/home/jules/go/pkg/mod/go.opentelemetry.io/otel/sdk/metric@v1.44.0/internal/aggregate/histogram.go:235:10: aggregate.h escapes to heap
/home/jules/go/pkg/mod/go.opentelemetry.io/otel/sdk/metric@v1.44.0/internal/aggregate/histogram.go:273:19: go.shape.[]float64{} escapes to heap
/home/jules/go/pkg/mod/go.opentelemetry.io/otel/sdk/metric@v1.44.0/internal/aggregate/histogram.go:273:19: append escapes to heap
/home/jules/go/pkg/mod/go.opentelemetry.io/otel/sdk/metric@v1.44.0/internal/aggregate/histogram.go:275:9: &aggregate.cumulativeHistogram[go.shape.int64]{...} escapes to heap
/home/jules/go/pkg/mod/go.opentelemetry.io/otel/sdk/metric@v1.44.0/internal/aggregate/histogram.go:291:42: func literal does not escape
/home/jules/go/pkg/mod/go.opentelemetry.io/otel/sdk/metric@v1.44.0/internal/aggregate/histogram.go:294:10: &aggregate.hotColdHistogramPoint[go.shape.int64]{...} escapes to heap
/home/jules/go/pkg/mod/go.opentelemetry.io/otel/sdk/metric@v1.44.0/internal/aggregate/histogram.go:308:18: make([]atomic.Uint64, len(aggregate.s.bounds) + 1) escapes to heap
/home/jules/go/pkg/mod/go.opentelemetry.io/otel/sdk/metric@v1.44.0/internal/aggregate/histogram.go:311:18: make([]atomic.Uint64, len(aggregate.s.bounds) + 1) escapes to heap
/home/jules/go/pkg/mod/go.opentelemetry.io/otel/sdk/metric@v1.44.0/internal/aggregate/histogram.go:78:44: any(aggregate.value) does not escape
/home/jules/go/pkg/mod/go.opentelemetry.io/otel/sdk/metric@v1.44.0/internal/aggregate/histogram.go:78:44: "unsupported type" escapes to heap
/home/jules/go/pkg/mod/go.opentelemetry.io/otel/sdk/metric@v1.44.0/internal/aggregate/histogram.go:79:44: any(aggregate.value) does not escape
/home/jules/go/pkg/mod/go.opentelemetry.io/otel/sdk/metric@v1.44.0/internal/aggregate/histogram.go:79:44: "unsupported type" escapes to heap
/home/jules/go/pkg/mod/go.opentelemetry.io/otel/sdk/metric@v1.44.0/internal/aggregate/histogram.go:351:24: go.shape.[]float64{} escapes to heap
/home/jules/go/pkg/mod/go.opentelemetry.io/otel/sdk/metric@v1.44.0/internal/aggregate/histogram.go:351:24: append escapes to heap
/home/jules/go/pkg/mod/go.opentelemetry.io/otel/sdk/metric@v1.44.0/internal/aggregate/histogram.go:355:16: make([]go.shape.struct { Attributes go.opentelemetry.io/otel/attribute.Set; StartTime time.Time; Time time.Time; Count uint64; Bounds []float64; BucketCounts []uint64; Min go.opentelemetry.io/otel/sdk/metric/metricdata.Extrema[go.shape.int64]; Max go.opentelemetry.io/otel/sdk/metric/metricdata.Extrema[go.shape.int64]; Sum go.shape.int64; Exemplars []go.opentelemetry.io/otel/sdk/metric/metricdata.Exemplar[go.shape.int64] "json:\",omitempty\"" }, aggregate.length, aggregate.capacity) escapes to heap
/home/jules/go/pkg/mod/go.opentelemetry.io/otel/sdk/metric@v1.44.0/internal/aggregate/histogram.go:360:17: func literal does not escape
/home/jules/go/pkg/mod/go.opentelemetry.io/otel/sdk/metric@v1.44.0/internal/aggregate/histogram.go:370:52: make([]go.shape.uint64, aggregate.length, aggregate.capacity) escapes to heap
/home/jules/go/pkg/mod/go.opentelemetry.io/otel/sdk/metric@v1.44.0/internal/aggregate/histogram.go:387:84: any(aggregate.value) does not escape
/home/jules/go/pkg/mod/go.opentelemetry.io/otel/sdk/metric@v1.44.0/internal/aggregate/histogram.go:387:84: "unsupported type" escapes to heap
/home/jules/go/pkg/mod/go.opentelemetry.io/otel/sdk/metric@v1.44.0/internal/aggregate/histogram.go:388:84: any(aggregate.value) does not escape
/home/jules/go/pkg/mod/go.opentelemetry.io/otel/sdk/metric@v1.44.0/internal/aggregate/histogram.go:388:84: "unsupported type" escapes to heap
/home/jules/go/pkg/mod/go.opentelemetry.io/otel/sdk/metric@v1.44.0/internal/aggregate/histogram.go:396:45: aggregate.FilteredExemplarReservoir[go.shape.int64](aggregate.val.res).Collect does not escape
/home/jules/go/pkg/mod/go.opentelemetry.io/otel/sdk/metric@v1.44.0/internal/aggregate/histogram.go:397:17: append escapes to heap
/home/jules/go/pkg/mod/go.opentelemetry.io/otel/sdk/metric@v1.44.0/internal/aggregate/histogram.go:408:10: aggregate.h escapes to heap
/home/jules/go/pkg/mod/go.opentelemetry.io/otel/sdk/metric@v1.44.0/internal/aggregate/aggregate.go:133:18: func literal escapes to heap
/home/jules/go/pkg/mod/go.opentelemetry.io/otel/sdk/metric@v1.44.0/internal/aggregate/aggregate.go:133:18: func literal escapes to heap
/home/jules/go/pkg/mod/go.opentelemetry.io/otel/sdk/metric@v1.44.0/internal/aggregate/aggregate.go:136:18: func literal escapes to heap
/home/jules/go/pkg/mod/go.opentelemetry.io/otel/sdk/metric@v1.44.0/internal/aggregate/aggregate.go:136:18: func literal escapes to heap
/home/jules/go/pkg/mod/go.opentelemetry.io/otel/sdk/metric@v1.44.0/internal/aggregate/exponential_histogram.go:301:9: &aggregate.expoHistogram[go.shape.int64]{...} escapes to heap
/home/jules/go/pkg/mod/go.opentelemetry.io/otel/sdk/metric@v1.44.0/internal/aggregate/exponential_histogram.go:309:15: make(map[attribute.Distinct]*aggregate.expoHistogramDataPoint[go.shape.int64]) escapes to heap
/home/jules/go/pkg/mod/go.opentelemetry.io/otel/sdk/metric@v1.44.0/internal/aggregate/exponential_histogram.go:54:8: &aggregate.expoHistogramDataPoint[go.shape.int64]{...} escapes to heap
/home/jules/go/pkg/mod/go.opentelemetry.io/otel/sdk/metric@v1.44.0/internal/aggregate/exponential_histogram.go:95:26: &errors.errorString{...} escapes to heap
/home/jules/go/pkg/mod/go.opentelemetry.io/otel/sdk/metric@v1.44.0/internal/aggregate/exponential_histogram.go:381:16: make([]go.shape.b72151a75e611c6ff1bdb91fef142f2083903667903eadf92ae29b6de78ba08d, aggregate.length, aggregate.capacity) escapes to heap
/home/jules/go/pkg/mod/go.opentelemetry.io/otel/sdk/metric@v1.44.0/internal/aggregate/exponential_histogram.go:394:41: make([]go.shape.uint64, aggregate.length, aggregate.capacity) escapes to heap
/home/jules/go/pkg/mod/go.opentelemetry.io/otel/sdk/metric@v1.44.0/internal/aggregate/exponential_histogram.go:404:41: make([]go.shape.uint64, aggregate.length, aggregate.capacity) escapes to heap
/home/jules/go/pkg/mod/go.opentelemetry.io/otel/sdk/metric@v1.44.0/internal/aggregate/exponential_histogram.go:418:65: any(aggregate.value) does not escape
/home/jules/go/pkg/mod/go.opentelemetry.io/otel/sdk/metric@v1.44.0/internal/aggregate/exponential_histogram.go:418:65: "unsupported type" escapes to heap
/home/jules/go/pkg/mod/go.opentelemetry.io/otel/sdk/metric@v1.44.0/internal/aggregate/exponential_histogram.go:419:65: any(aggregate.value) does not escape
/home/jules/go/pkg/mod/go.opentelemetry.io/otel/sdk/metric@v1.44.0/internal/aggregate/exponential_histogram.go:419:65: "unsupported type" escapes to heap
/home/jules/go/pkg/mod/go.opentelemetry.io/otel/sdk/metric@v1.44.0/internal/aggregate/exponential_histogram.go:423:48: aggregate.FilteredExemplarReservoir[go.shape.int64](aggregate.val.res).Collect does not escape
/home/jules/go/pkg/mod/go.opentelemetry.io/otel/sdk/metric@v1.44.0/internal/aggregate/exponential_histogram.go:432:10: aggregate.h escapes to heap
/home/jules/go/pkg/mod/go.opentelemetry.io/otel/sdk/metric@v1.44.0/internal/aggregate/exponential_histogram.go:450:16: make([]go.shape.b72151a75e611c6ff1bdb91fef142f2083903667903eadf92ae29b6de78ba08d, aggregate.length, aggregate.capacity) escapes to heap
/home/jules/go/pkg/mod/go.opentelemetry.io/otel/sdk/metric@v1.44.0/internal/aggregate/exponential_histogram.go:470:41: make([]go.shape.uint64, aggregate.length, aggregate.capacity) escapes to heap
/home/jules/go/pkg/mod/go.opentelemetry.io/otel/sdk/metric@v1.44.0/internal/aggregate/exponential_histogram.go:480:41: make([]go.shape.uint64, aggregate.length, aggregate.capacity) escapes to heap
/home/jules/go/pkg/mod/go.opentelemetry.io/otel/sdk/metric@v1.44.0/internal/aggregate/exponential_histogram.go:494:65: any(aggregate.value) does not escape
/home/jules/go/pkg/mod/go.opentelemetry.io/otel/sdk/metric@v1.44.0/internal/aggregate/exponential_histogram.go:494:65: "unsupported type" escapes to heap
/home/jules/go/pkg/mod/go.opentelemetry.io/otel/sdk/metric@v1.44.0/internal/aggregate/exponential_histogram.go:495:65: any(aggregate.value) does not escape
/home/jules/go/pkg/mod/go.opentelemetry.io/otel/sdk/metric@v1.44.0/internal/aggregate/exponential_histogram.go:495:65: "unsupported type" escapes to heap
/home/jules/go/pkg/mod/go.opentelemetry.io/otel/sdk/metric@v1.44.0/internal/aggregate/exponential_histogram.go:499:48: aggregate.FilteredExemplarReservoir[go.shape.int64](aggregate.val.res).Collect does not escape
/home/jules/go/pkg/mod/go.opentelemetry.io/otel/sdk/metric@v1.44.0/internal/aggregate/exponential_histogram.go:509:10: aggregate.h escapes to heap
/home/jules/go/pkg/mod/go.opentelemetry.io/otel/sdk/metric@v1.44.0/internal/aggregate/aggregate.go:149:18: func literal escapes to heap
/home/jules/go/pkg/mod/go.opentelemetry.io/otel/sdk/metric@v1.44.0/internal/aggregate/aggregate.go:149:18: func literal escapes to heap
/home/jules/go/pkg/mod/go.opentelemetry.io/otel/sdk/metric@v1.44.0/internal/aggregate/aggregate.go:151:18: func literal escapes to heap
/home/jules/go/pkg/mod/go.opentelemetry.io/otel/sdk/metric@v1.44.0/internal/aggregate/aggregate.go:151:18: func literal escapes to heap
/home/jules/go/pkg/mod/go.opentelemetry.io/otel/sdk/metric@v1.44.0/pipeline.go:512:55: metric.AggregationSum{} does not escape
/home/jules/go/pkg/mod/go.opentelemetry.io/otel/sdk/metric@v1.44.0/pipeline.go:512:55: metric.AggregationLastValue{} does not escape
/home/jules/go/pkg/mod/go.opentelemetry.io/otel/sdk/metric@v1.44.0/pipeline.go:512:55: metric.AggregationExplicitBucketHistogram{...} does not escape
/home/jules/go/pkg/mod/go.opentelemetry.io/otel/sdk/metric@v1.44.0/pipeline.go:512:55: []float64{...} does not escape
/home/jules/go/pkg/mod/go.opentelemetry.io/otel/sdk/metric@v1.44.0/pipeline.go:512:55: "unknown instrument kind" escapes to heap
/home/jules/go/pkg/mod/go.opentelemetry.io/otel/sdk/metric@v1.44.0/pipeline.go:376:50: metric.AggregationSum{} escapes to heap
/home/jules/go/pkg/mod/go.opentelemetry.io/otel/sdk/metric@v1.44.0/pipeline.go:376:50: metric.AggregationLastValue{} escapes to heap
/home/jules/go/pkg/mod/go.opentelemetry.io/otel/sdk/metric@v1.44.0/pipeline.go:376:50: metric.AggregationExplicitBucketHistogram{...} escapes to heap
/home/jules/go/pkg/mod/go.opentelemetry.io/otel/sdk/metric@v1.44.0/pipeline.go:376:50: []float64{...} escapes to heap
/home/jules/go/pkg/mod/go.opentelemetry.io/otel/sdk/metric@v1.44.0/pipeline.go:376:50: "unknown instrument kind" escapes to heap
/home/jules/go/pkg/mod/go.opentelemetry.io/otel/sdk/metric@v1.44.0/pipeline.go:383:28: ... argument does not escape
/home/jules/go/pkg/mod/go.opentelemetry.io/otel/sdk/metric@v1.44.0/pipeline.go:385:4: metric.kind escapes to heap
/home/jules/go/pkg/mod/go.opentelemetry.io/otel/sdk/metric@v1.44.0/pipeline.go:383:28: &errors.errorString{...} escapes to heap
/home/jules/go/pkg/mod/go.opentelemetry.io/otel/sdk/metric@v1.44.0/pipeline.go:398:37: func literal does not escape
/home/jules/go/pkg/mod/go.opentelemetry.io/otel/sdk/metric@v1.44.0/pipeline.go:251:14: make(map[uint64]struct {}) does not escape
/home/jules/go/pkg/mod/go.opentelemetry.io/otel/sdk/metric@v1.44.0/pipeline.go:260:21: ... argument does not escape
/home/jules/go/pkg/mod/go.opentelemetry.io/otel/sdk/metric@v1.44.0/pipeline.go:260:21: &errors.joinError{...} escapes to heap
/home/jules/go/pkg/mod/go.opentelemetry.io/otel/sdk/metric@v1.44.0/pipeline.go:260:21: make([]error, 0, errors.n) escapes to heap
/home/jules/go/pkg/mod/go.opentelemetry.io/otel/sdk/metric@v1.44.0/pipeline.go:260:21: append escapes to heap
/home/jules/go/pkg/mod/go.opentelemetry.io/otel/sdk/metric@v1.44.0/pipeline.go:270:20: append escapes to heap
/home/jules/go/pkg/mod/go.opentelemetry.io/otel/sdk/metric@v1.44.0/pipeline.go:274:20: ... argument does not escape
/home/jules/go/pkg/mod/go.opentelemetry.io/otel/sdk/metric@v1.44.0/pipeline.go:274:20: &errors.joinError{...} escapes to heap
/home/jules/go/pkg/mod/go.opentelemetry.io/otel/sdk/metric@v1.44.0/pipeline.go:274:20: make([]error, 0, errors.n) escapes to heap
/home/jules/go/pkg/mod/go.opentelemetry.io/otel/sdk/metric@v1.44.0/pipeline.go:274:20: append escapes to heap
/home/jules/go/pkg/mod/go.opentelemetry.io/otel/sdk/metric@v1.44.0/pipeline.go:291:56: func literal escapes to heap
/home/jules/go/pkg/mod/go.opentelemetry.io/otel/sdk/metric@v1.44.0/pipeline.go:291:56: make(map[attribute.Key]struct {}, len(attribute.keys)) escapes to heap
/home/jules/go/pkg/mod/go.opentelemetry.io/otel/sdk/metric@v1.44.0/pipeline.go:291:56: func literal escapes to heap
/home/jules/go/pkg/mod/go.opentelemetry.io/otel/sdk/metric@v1.44.0/pipeline.go:298:20: ... argument does not escape
/home/jules/go/pkg/mod/go.opentelemetry.io/otel/sdk/metric@v1.44.0/pipeline.go:298:20: &errors.joinError{...} escapes to heap
/home/jules/go/pkg/mod/go.opentelemetry.io/otel/sdk/metric@v1.44.0/pipeline.go:298:20: make([]error, 0, errors.n) escapes to heap
/home/jules/go/pkg/mod/go.opentelemetry.io/otel/sdk/metric@v1.44.0/pipeline.go:298:20: append escapes to heap
/home/jules/go/pkg/mod/go.opentelemetry.io/otel/sdk/metric@v1.44.0/pipeline.go:302:20: append escapes to heap
/home/jules/go/pkg/mod/go.opentelemetry.io/otel/sdk/metric@v1.44.0/pipeline.go:705:10: metric.histAgg escapes to heap
/home/jules/go/pkg/mod/go.opentelemetry.io/otel/sdk/metric@v1.44.0/pipeline.go:709:21: ... argument does not escape
/home/jules/go/pkg/mod/go.opentelemetry.io/otel/sdk/metric@v1.44.0/pipeline.go:709:21: &errors.joinError{...} escapes to heap
/home/jules/go/pkg/mod/go.opentelemetry.io/otel/sdk/metric@v1.44.0/pipeline.go:709:21: make([]error, 0, errors.n) escapes to heap
/home/jules/go/pkg/mod/go.opentelemetry.io/otel/sdk/metric@v1.44.0/pipeline.go:709:21: append escapes to heap
/home/jules/go/pkg/mod/go.opentelemetry.io/otel/sdk/metric@v1.44.0/pipeline.go:711:20: append escapes to heap
/home/jules/go/pkg/mod/go.opentelemetry.io/otel/sdk/metric@v1.44.0/pipeline.go:683:21: ... argument does not escape
/home/jules/go/pkg/mod/go.opentelemetry.io/otel/sdk/metric@v1.44.0/pipeline.go:683:21: &errors.joinError{...} escapes to heap
/home/jules/go/pkg/mod/go.opentelemetry.io/otel/sdk/metric@v1.44.0/pipeline.go:683:21: make([]error, 0, errors.n) escapes to heap
/home/jules/go/pkg/mod/go.opentelemetry.io/otel/sdk/metric@v1.44.0/pipeline.go:683:21: append escapes to heap
/home/jules/go/pkg/mod/go.opentelemetry.io/otel/sdk/metric@v1.44.0/pipeline.go:685:20: append escapes to heap
/home/jules/go/pkg/mod/go.opentelemetry.io/otel/sdk/metric@v1.44.0/internal/aggregate/aggregate.go:159:14: make([]go.shape.struct { FilteredAttributes []go.opentelemetry.io/otel/attribute.KeyValue; Time time.Time; Value go.shape.int64; SpanID []uint8 "json:\",omitempty\""; TraceID []uint8 "json:\",omitempty\"" }, aggregate.length, aggregate.capacity) escapes to heap
/home/jules/go/pkg/mod/go.opentelemetry.io/otel/sdk/metric@v1.44.0/internal/aggregate/aggregate.go:159:14: make([]go.shape.struct { FilteredAttributes []go.opentelemetry.io/otel/attribute.KeyValue; Time time.Time; Value go.opentelemetry.io/otel/sdk/metric/exemplar.Value; SpanID []uint8 "json:\",omitempty\""; TraceID []uint8 "json:\",omitempty\"" }, aggregate.length, aggregate.capacity) escapes to heap
/home/jules/go/pkg/mod/go.opentelemetry.io/otel/sdk/metric@v1.44.0/internal/aggregate/aggregate.go:157:6: make([]go.shape.struct { FilteredAttributes []go.opentelemetry.io/otel/attribute.KeyValue; Time time.Time; Value go.opentelemetry.io/otel/sdk/metric/exemplar.Value; SpanID []uint8 "json:\",omitempty\""; TraceID []uint8 "json:\",omitempty\"" }, aggregate.length, aggregate.capacity) escapes to heap
/home/jules/go/pkg/mod/go.opentelemetry.io/otel/sdk/metric@v1.44.0/internal/aggregate/aggregate.go:159:14: make([]go.shape.uint64, aggregate.length, aggregate.capacity) escapes to heap
/home/jules/go/pkg/mod/go.opentelemetry.io/otel/sdk/metric@v1.44.0/internal/aggregate/aggregate.go:157:6: make([]go.shape.uint64, aggregate.length, aggregate.capacity) escapes to heap
/home/jules/go/pkg/mod/go.opentelemetry.io/otel/sdk/metric@v1.44.0/internal/aggregate/aggregate.go:159:14: make([]go.shape.b72151a75e611c6ff1bdb91fef142f2083903667903eadf92ae29b6de78ba08d, aggregate.length, aggregate.capacity) escapes to heap
/home/jules/go/pkg/mod/go.opentelemetry.io/otel/sdk/metric@v1.44.0/metricdata/data.go:210:23: metricdata.e.value escapes to heap
/home/jules/go/pkg/mod/go.opentelemetry.io/otel/sdk/metric@v1.44.0/internal/aggregate/drop.go:26:8: aggregate.(*dropRes[go.shape.int64]).Collect ignoring self-assignment in *aggregate.dest = (*aggregate.dest)[:0]
/home/jules/go/pkg/mod/go.opentelemetry.io/otel/sdk/metric@v1.44.0/internal/aggregate/atomic.go:93:13: any(aggregate.oldN) does not escape
/home/jules/go/pkg/mod/go.opentelemetry.io/otel/sdk/metric@v1.44.0/internal/aggregate/atomic.go:99:9: "unsupported type" escapes to heap
/home/jules/go/pkg/mod/go.opentelemetry.io/otel/sdk/metric@v1.44.0/internal/aggregate/atomic.go:80:13: any(aggregate.v) does not escape
/home/jules/go/pkg/mod/go.opentelemetry.io/otel/sdk/metric@v1.44.0/internal/aggregate/atomic.go:86:9: "unsupported type" escapes to heap
/home/jules/go/pkg/mod/go.opentelemetry.io/otel/sdk/metric@v1.44.0/internal/aggregate/atomic.go:67:13: any(aggregate.value) does not escape
/home/jules/go/pkg/mod/go.opentelemetry.io/otel/sdk/metric@v1.44.0/internal/aggregate/atomic.go:73:9: "unsupported type" escapes to heap
/home/jules/go/pkg/mod/golang.org/toolchain@v0.0.1-go1.26.5.linux-amd64/src/internal/sync/hashtriemap.go:527:37: &sync.indirect[go.shape.interface {},go.shape.interface {}]{...} escapes to heap
/home/jules/go/pkg/mod/golang.org/toolchain@v0.0.1-go1.26.5.linux-amd64/src/internal/sync/hashtriemap.go:550:9: &sync.indirect[go.shape.interface {},go.shape.interface {}]{...} escapes to heap
/home/jules/go/pkg/mod/golang.org/toolchain@v0.0.1-go1.26.5.linux-amd64/src/internal/sync/hashtriemap.go:483:9: func literal escapes to heap
/home/jules/go/pkg/mod/golang.org/toolchain@v0.0.1-go1.26.5.linux-amd64/src/internal/sync/hashtriemap.go:444:24: "called entry on non-entry node" escapes to heap
/home/jules/go/pkg/mod/golang.org/toolchain@v0.0.1-go1.26.5.linux-amd64/src/internal/sync/hashtriemap.go:444:42: new(<node DYNAMICTYPE>) does not escape
/home/jules/go/pkg/mod/golang.org/toolchain@v0.0.1-go1.26.5.linux-amd64/src/internal/sync/hashtriemap.go:454:18: "called indirect on entry node" escapes to heap
/home/jules/go/pkg/mod/golang.org/toolchain@v0.0.1-go1.26.5.linux-amd64/src/internal/sync/hashtriemap.go:457:10: "internal/sync.HashTrieMap: ran out of hash bits while iterating" escapes to heap
/home/jules/go/pkg/mod/golang.org/toolchain@v0.0.1-go1.26.5.linux-amd64/src/internal/sync/hashtriemap.go:371:9: "called CompareAndDelete when value is not of comparable type" escapes to heap
/home/jules/go/pkg/mod/golang.org/toolchain@v0.0.1-go1.26.5.linux-amd64/src/internal/sync/hashtriemap.go:376:55: new(<node DYNAMICTYPE>) does not escape
/home/jules/go/pkg/mod/golang.org/toolchain@v0.0.1-go1.26.5.linux-amd64/src/internal/sync/hashtriemap.go:385:23: "called entry on non-entry node" escapes to heap
/home/jules/go/pkg/mod/golang.org/toolchain@v0.0.1-go1.26.5.linux-amd64/src/internal/sync/hashtriemap.go:404:10: "internal/sync.HashTrieMap: ran out of hash bits while iterating" escapes to heap
/home/jules/go/pkg/mod/golang.org/toolchain@v0.0.1-go1.26.5.linux-amd64/src/internal/sync/hashtriemap.go:675:13: new(<node DYNAMICTYPE>) does not escape
/home/jules/go/pkg/mod/golang.org/toolchain@v0.0.1-go1.26.5.linux-amd64/src/internal/sync/hashtriemap.go:314:55: new(<node DYNAMICTYPE>) does not escape
/home/jules/go/pkg/mod/golang.org/toolchain@v0.0.1-go1.26.5.linux-amd64/src/internal/sync/hashtriemap.go:319:14: new(<node DYNAMICTYPE>) does not escape
/home/jules/go/pkg/mod/golang.org/toolchain@v0.0.1-go1.26.5.linux-amd64/src/internal/sync/hashtriemap.go:323:25: "called entry on non-entry node" escapes to heap
/home/jules/go/pkg/mod/golang.org/toolchain@v0.0.1-go1.26.5.linux-amd64/src/internal/sync/hashtriemap.go:327:14: new(<node DYNAMICTYPE>) does not escape
/home/jules/go/pkg/mod/golang.org/toolchain@v0.0.1-go1.26.5.linux-amd64/src/internal/sync/hashtriemap.go:342:10: "internal/sync.HashTrieMap: ran out of hash bits while iterating" escapes to heap
/home/jules/go/pkg/mod/golang.org/toolchain@v0.0.1-go1.26.5.linux-amd64/src/internal/sync/hashtriemap.go:635:20: &sync.entry[go.shape.interface {},go.shape.interface {}]{...} escapes to heap
/home/jules/go/pkg/mod/golang.org/toolchain@v0.0.1-go1.26.5.linux-amd64/src/internal/sync/hashtriemap.go:645:24: &sync.entry[go.shape.interface {},go.shape.interface {}]{...} escapes to heap
/home/jules/go/pkg/mod/golang.org/toolchain@v0.0.1-go1.26.5.linux-amd64/src/internal/sync/hashtriemap.go:283:9: "called CompareAndSwap when value is not of comparable type" escapes to heap
/home/jules/go/pkg/mod/golang.org/toolchain@v0.0.1-go1.26.5.linux-amd64/src/internal/sync/hashtriemap.go:297:23: "called entry on non-entry node" escapes to heap
/home/jules/go/pkg/mod/golang.org/toolchain@v0.0.1-go1.26.5.linux-amd64/src/internal/sync/hashtriemap.go:606:20: &sync.entry[go.shape.interface {},go.shape.interface {}]{...} escapes to heap
/home/jules/go/pkg/mod/golang.org/toolchain@v0.0.1-go1.26.5.linux-amd64/src/internal/sync/hashtriemap.go:616:24: &sync.entry[go.shape.interface {},go.shape.interface {}]{...} escapes to heap
/home/jules/go/pkg/mod/golang.org/toolchain@v0.0.1-go1.26.5.linux-amd64/src/internal/sync/hashtriemap.go:177:32: &sync.indirect[go.shape.interface {},go.shape.interface {}]{...} escapes to heap
/home/jules/go/pkg/mod/golang.org/toolchain@v0.0.1-go1.26.5.linux-amd64/src/internal/sync/hashtriemap.go:181:10: "internal/sync.HashTrieMap: ran out of hash bits while inserting (inc... escapes to heap
/home/jules/go/pkg/mod/golang.org/toolchain@v0.0.1-go1.26.5.linux-amd64/src/internal/sync/hashtriemap.go:191:34: &sync.indirect[go.shape.interface {},go.shape.interface {}]{...} escapes to heap
/home/jules/go/pkg/mod/golang.org/toolchain@v0.0.1-go1.26.5.linux-amd64/src/internal/sync/hashtriemap.go:228:18: "called indirect on entry node" escapes to heap
/home/jules/go/pkg/mod/golang.org/toolchain@v0.0.1-go1.26.5.linux-amd64/src/internal/sync/hashtriemap.go:231:10: "internal/sync.HashTrieMap: ran out of hash bits while iterating" escapes to heap
/home/jules/go/pkg/mod/golang.org/toolchain@v0.0.1-go1.26.5.linux-amd64/src/internal/sync/hashtriemap.go:255:21: "called entry on non-entry node" escapes to heap
/home/jules/go/pkg/mod/golang.org/toolchain@v0.0.1-go1.26.5.linux-amd64/src/internal/sync/hashtriemap.go:263:26: &sync.entry[go.shape.interface {},go.shape.interface {}]{...} escapes to heap
/home/jules/go/pkg/mod/golang.org/toolchain@v0.0.1-go1.26.5.linux-amd64/src/internal/sync/hashtriemap.go:572:9: &sync.entry[go.shape.interface {},go.shape.interface {}]{...} escapes to heap
/home/jules/go/pkg/mod/golang.org/toolchain@v0.0.1-go1.26.5.linux-amd64/src/internal/sync/hashtriemap.go:114:24: "called entry on non-entry node" escapes to heap
/home/jules/go/pkg/mod/golang.org/toolchain@v0.0.1-go1.26.5.linux-amd64/src/internal/sync/hashtriemap.go:114:33: new(<node DYNAMICTYPE>) does not escape
/home/jules/go/pkg/mod/golang.org/toolchain@v0.0.1-go1.26.5.linux-amd64/src/internal/sync/hashtriemap.go:120:18: "called indirect on entry node" escapes to heap
/home/jules/go/pkg/mod/golang.org/toolchain@v0.0.1-go1.26.5.linux-amd64/src/internal/sync/hashtriemap.go:123:10: "internal/sync.HashTrieMap: ran out of hash bits while iterating" escapes to heap
/home/jules/go/pkg/mod/golang.org/toolchain@v0.0.1-go1.26.5.linux-amd64/src/internal/sync/hashtriemap.go:145:21: "called entry on non-entry node" escapes to heap
/home/jules/go/pkg/mod/golang.org/toolchain@v0.0.1-go1.26.5.linux-amd64/src/internal/sync/hashtriemap.go:146:30: new(<node DYNAMICTYPE>) does not escape
/home/jules/go/pkg/mod/golang.org/toolchain@v0.0.1-go1.26.5.linux-amd64/src/internal/sync/hashtriemap.go:151:26: &sync.entry[go.shape.interface {},go.shape.interface {}]{...} escapes to heap
/home/jules/go/pkg/mod/golang.org/toolchain@v0.0.1-go1.26.5.linux-amd64/src/internal/sync/hashtriemap.go:75:15: new(<node DYNAMICTYPE>) does not escape
/home/jules/go/pkg/mod/golang.org/toolchain@v0.0.1-go1.26.5.linux-amd64/src/internal/sync/hashtriemap.go:78:18: "called entry on non-entry node" escapes to heap
/home/jules/go/pkg/mod/golang.org/toolchain@v0.0.1-go1.26.5.linux-amd64/src/internal/sync/hashtriemap.go:78:27: new(<node DYNAMICTYPE>) does not escape
/home/jules/go/pkg/mod/golang.org/toolchain@v0.0.1-go1.26.5.linux-amd64/src/internal/sync/hashtriemap.go:80:17: "called indirect on entry node" escapes to heap
/home/jules/go/pkg/mod/golang.org/toolchain@v0.0.1-go1.26.5.linux-amd64/src/internal/sync/hashtriemap.go:82:8: "internal/sync.HashTrieMap: ran out of hash bits while iterating" escapes to heap
/home/jules/go/pkg/mod/golang.org/toolchain@v0.0.1-go1.26.5.linux-amd64/src/internal/sync/hashtriemap.go:715:9: "called indirect on entry node" escapes to heap
/home/jules/go/pkg/mod/golang.org/toolchain@v0.0.1-go1.26.5.linux-amd64/src/internal/sync/hashtriemap.go:708:9: "called entry on non-entry node" escapes to heap
/home/jules/go/pkg/mod/golang.org/toolchain@v0.0.1-go1.26.5.linux-amd64/src/internal/sync/hashtriemap.go:596:13: new(<node DYNAMICTYPE>) does not escape
/home/jules/go/pkg/mod/golang.org/toolchain@v0.0.1-go1.26.5.linux-amd64/src/internal/sync/hashtriemap.go:586:13: new(<node DYNAMICTYPE>) does not escape
/home/jules/go/pkg/mod/golang.org/toolchain@v0.0.1-go1.26.5.linux-amd64/src/slices/zsortordered.go:325:20: slices.reverseRangeOrdered[go.shape.float64] ignoring self-assignment in slices.data[slices.i], slices.data[slices.j] = slices.data[slices.j], slices.data[slices.i]
/home/jules/go/pkg/mod/golang.org/toolchain@v0.0.1-go1.26.5.linux-amd64/src/slices/zsortordered.go:325:20: slices.reverseRangeOrdered[go.shape.float64] ignoring self-assignment in slices.data[slices.i], slices.data[slices.j] = slices.data[slices.j], slices.data[slices.i]
/home/jules/go/pkg/mod/golang.org/toolchain@v0.0.1-go1.26.5.linux-amd64/src/slices/slices.go:360:17: go.shape.[]float64{} escapes to heap
/home/jules/go/pkg/mod/golang.org/toolchain@v0.0.1-go1.26.5.linux-amd64/src/slices/slices.go:360:15: append escapes to heap
/home/jules/go/pkg/mod/golang.org/toolchain@v0.0.1-go1.26.5.linux-amd64/src/slices/slices.go:353:6: go.shape.[]float64{} escapes to heap
/home/jules/go/pkg/mod/golang.org/toolchain@v0.0.1-go1.26.5.linux-amd64/src/slices/slices.go:353:6: append escapes to heap
/home/jules/go/pkg/mod/go.opentelemetry.io/otel/sdk/metric@v1.44.0/internal/aggregate/histogram.go:49:17: make([]go.shape.uint64, aggregate.length, aggregate.capacity) escapes to heap
/home/jules/go/pkg/mod/go.opentelemetry.io/otel/sdk/metric@v1.44.0/internal/aggregate/aggregate.go:159:14: make([]go.shape.struct { Attributes go.opentelemetry.io/otel/attribute.Set; StartTime time.Time; Time time.Time; Count uint64; Bounds []float64; BucketCounts []uint64; Min go.opentelemetry.io/otel/sdk/metric/metricdata.Extrema[go.shape.int64]; Max go.opentelemetry.io/otel/sdk/metric/metricdata.Extrema[go.shape.int64]; Sum go.shape.int64; Exemplars []go.opentelemetry.io/otel/sdk/metric/metricdata.Exemplar[go.shape.int64] "json:\",omitempty\"" }, aggregate.length, aggregate.capacity) escapes to heap
/home/jules/go/pkg/mod/golang.org/toolchain@v0.0.1-go1.26.5.linux-amd64/src/internal/sync/hashtriemap.go:713:6: "called indirect on entry node" escapes to heap
/home/jules/go/pkg/mod/golang.org/toolchain@v0.0.1-go1.26.5.linux-amd64/src/internal/sync/hashtriemap.go:706:6: "called entry on non-entry node" escapes to heap
/home/jules/go/pkg/mod/golang.org/toolchain@v0.0.1-go1.26.5.linux-amd64/src/internal/sync/hashtriemap.go:589:6: new(<node DYNAMICTYPE>) does not escape
/home/jules/go/pkg/mod/golang.org/toolchain@v0.0.1-go1.26.5.linux-amd64/src/internal/sync/hashtriemap.go:579:6: new(<node DYNAMICTYPE>) does not escape
/home/jules/go/pkg/mod/go.opentelemetry.io/otel/sdk/metric@v1.44.0/internal/aggregate/sum.go:139:9: &aggregate.cumulativeSum[go.shape.int64]{...} escapes to heap
/home/jules/go/pkg/mod/go.opentelemetry.io/otel/sdk/metric@v1.44.0/internal/aggregate/aggregate.go:159:14: make([]go.shape.struct { Attributes go.opentelemetry.io/otel/attribute.Set; StartTime time.Time "json:\",omitempty\""; Time time.Time "json:\",omitempty\""; Value go.shape.int64; Exemplars []go.opentelemetry.io/otel/sdk/metric/metricdata.Exemplar[go.shape.int64] "json:\",omitempty\"" }, aggregate.length, aggregate.capacity) escapes to heap
/home/jules/go/pkg/mod/go.opentelemetry.io/otel/sdk/metric@v1.44.0/internal/aggregate/sum.go:212:9: &aggregate.precomputedSum[go.shape.int64]{...} escapes to heap
/home/jules/go/pkg/mod/go.opentelemetry.io/otel/sdk/metric@v1.44.0/internal/aggregate/lastvalue.go:207:9: &aggregate.precomputedLastValue[go.shape.int64]{...} escapes to heap
/home/jules/go/pkg/mod/go.opentelemetry.io/otel/sdk/metric@v1.44.0/internal/aggregate/lastvalue.go:149:9: &aggregate.cumulativeLastValue[go.shape.int64]{...} escapes to heap
/home/jules/go/pkg/mod/go.opentelemetry.io/otel/sdk/metric@v1.44.0/internal/aggregate/aggregate.go:65:10: func literal escapes to heap
/home/jules/go/pkg/mod/go.opentelemetry.io/otel/sdk/metric@v1.44.0/internal/aggregate/aggregate.go:70:9: func literal escapes to heap
/home/jules/go/pkg/mod/go.opentelemetry.io/otel/sdk/metric@v1.44.0/internal/aggregate/aggregate.go:57:9: &aggregate.dropRes[go.shape.int64]{} escapes to heap
/home/jules/go/pkg/mod/go.opentelemetry.io/otel/sdk/metric@v1.44.0/internal/aggregate/filtered_reservoir.go:48:9: &aggregate.filteredExemplarReservoir[go.shape.int64]{...} escapes to heap
/home/jules/go/pkg/mod/go.opentelemetry.io/otel/sdk/metric@v1.44.0/internal/aggregate/filtered_reservoir.go:63:47: any(exemplar.value) does not escape
/home/jules/go/pkg/mod/go.opentelemetry.io/otel/sdk/metric@v1.44.0/exemplar/value.go:29:18: any(exemplar.value) does not escape
/home/jules/go/pkg/mod/go.opentelemetry.io/otel/sdk/metric@v1.44.0/pipeline.go:312:31: append escapes to heap
/home/jules/go/pkg/mod/go.opentelemetry.io/otel/sdk/metric@v1.44.0/cache.go:34:19: map[go.shape.struct { Name string; Description string; Kind go.opentelemetry.io/otel/sdk/metric.InstrumentKind; Unit string; Number string }]go.shape.struct { ID uint64; Measure go.opentelemetry.io/otel/sdk/metric/internal/aggregate.Measure[float64]; Err error }{...} escapes to heap
/home/jules/go/pkg/mod/go.opentelemetry.io/otel/sdk/metric@v1.44.0/pipeline.go:332:43: metric.AggregationSum{} escapes to heap
/home/jules/go/pkg/mod/go.opentelemetry.io/otel/sdk/metric@v1.44.0/pipeline.go:332:43: metric.AggregationLastValue{} escapes to heap
/home/jules/go/pkg/mod/go.opentelemetry.io/otel/sdk/metric@v1.44.0/pipeline.go:332:43: metric.AggregationExplicitBucketHistogram{...} escapes to heap
/home/jules/go/pkg/mod/go.opentelemetry.io/otel/sdk/metric@v1.44.0/pipeline.go:332:43: []float64{...} escapes to heap
/home/jules/go/pkg/mod/go.opentelemetry.io/otel/sdk/metric@v1.44.0/pipeline.go:332:43: "unknown instrument kind" escapes to heap
/home/jules/go/pkg/mod/go.opentelemetry.io/otel/sdk/metric@v1.44.0/pipeline.go:338:44: metric.AggregationSum{} escapes to heap
/home/jules/go/pkg/mod/go.opentelemetry.io/otel/sdk/metric@v1.44.0/pipeline.go:338:44: metric.AggregationLastValue{} escapes to heap
/home/jules/go/pkg/mod/go.opentelemetry.io/otel/sdk/metric@v1.44.0/pipeline.go:338:44: metric.AggregationExplicitBucketHistogram{...} escapes to heap
/home/jules/go/pkg/mod/go.opentelemetry.io/otel/sdk/metric@v1.44.0/pipeline.go:338:44: []float64{...} escapes to heap
/home/jules/go/pkg/mod/go.opentelemetry.io/otel/sdk/metric@v1.44.0/pipeline.go:338:44: "unknown instrument kind" escapes to heap
/home/jules/go/pkg/mod/go.opentelemetry.io/otel/sdk/metric@v1.44.0/pipeline.go:339:16: ... argument escapes to heap
/home/jules/go/pkg/mod/go.opentelemetry.io/otel/sdk/metric@v1.44.0/pipeline.go:341:5: "aggregation" escapes to heap
/home/jules/go/pkg/mod/go.opentelemetry.io/otel/sdk/metric@v1.44.0/pipeline.go:342:5: "replacement" escapes to heap
/home/jules/go/pkg/mod/go.opentelemetry.io/otel/sdk/metric@v1.44.0/pipeline.go:498:27: ... argument does not escape
/home/jules/go/pkg/mod/go.opentelemetry.io/otel/sdk/metric@v1.44.0/pipeline.go:498:34: metric.zero escapes to heap
/home/jules/go/pkg/mod/go.opentelemetry.io/otel/sdk/metric@v1.44.0/pipeline.go:451:35: func literal does not escape
/home/jules/go/pkg/mod/go.opentelemetry.io/otel/sdk/metric@v1.44.0/pipeline.go:457:15: []any{...} escapes to heap
/home/jules/go/pkg/mod/go.opentelemetry.io/otel/sdk/metric@v1.44.0/pipeline.go:458:3: "names" escapes to heap
/home/jules/go/pkg/mod/go.opentelemetry.io/otel/sdk/metric@v1.44.0/pipeline.go:458:23: fmt.Sprintf("%q, %q", ... argument...) escapes to heap
/home/jules/go/pkg/mod/go.opentelemetry.io/otel/sdk/metric@v1.44.0/pipeline.go:458:23: ... argument does not escape
/home/jules/go/pkg/mod/go.opentelemetry.io/otel/sdk/metric@v1.44.0/pipeline.go:458:42: metric.existing.Name escapes to heap
/home/jules/go/pkg/mod/go.opentelemetry.io/otel/sdk/metric@v1.44.0/pipeline.go:458:51: metric.id.Name escapes to heap
/home/jules/go/pkg/mod/go.opentelemetry.io/otel/sdk/metric@v1.44.0/pipeline.go:459:3: "descriptions" escapes to heap
/home/jules/go/pkg/mod/go.opentelemetry.io/otel/sdk/metric@v1.44.0/pipeline.go:459:30: fmt.Sprintf("%q, %q", ... argument...) escapes to heap
/home/jules/go/pkg/mod/go.opentelemetry.io/otel/sdk/metric@v1.44.0/pipeline.go:459:30: ... argument does not escape
/home/jules/go/pkg/mod/go.opentelemetry.io/otel/sdk/metric@v1.44.0/pipeline.go:459:49: metric.existing.Description escapes to heap
/home/jules/go/pkg/mod/go.opentelemetry.io/otel/sdk/metric@v1.44.0/pipeline.go:459:65: metric.id.Description escapes to heap
/home/jules/go/pkg/mod/go.opentelemetry.io/otel/sdk/metric@v1.44.0/pipeline.go:460:3: "kinds" escapes to heap
/home/jules/go/pkg/mod/go.opentelemetry.io/otel/sdk/metric@v1.44.0/pipeline.go:460:23: fmt.Sprintf("%s, %s", ... argument...) escapes to heap
/home/jules/go/pkg/mod/go.opentelemetry.io/otel/sdk/metric@v1.44.0/pipeline.go:460:23: ... argument does not escape
/home/jules/go/pkg/mod/go.opentelemetry.io/otel/sdk/metric@v1.44.0/pipeline.go:460:42: metric.existing.Kind escapes to heap
/home/jules/go/pkg/mod/go.opentelemetry.io/otel/sdk/metric@v1.44.0/pipeline.go:460:51: metric.id.Kind escapes to heap
/home/jules/go/pkg/mod/go.opentelemetry.io/otel/sdk/metric@v1.44.0/pipeline.go:461:3: "units" escapes to heap
/home/jules/go/pkg/mod/go.opentelemetry.io/otel/sdk/metric@v1.44.0/pipeline.go:461:23: fmt.Sprintf("%s, %s", ... argument...) escapes to heap
/home/jules/go/pkg/mod/go.opentelemetry.io/otel/sdk/metric@v1.44.0/pipeline.go:461:23: ... argument does not escape
/home/jules/go/pkg/mod/go.opentelemetry.io/otel/sdk/metric@v1.44.0/pipeline.go:461:42: metric.existing.Unit escapes to heap
/home/jules/go/pkg/mod/go.opentelemetry.io/otel/sdk/metric@v1.44.0/pipeline.go:461:51: metric.id.Unit escapes to heap
/home/jules/go/pkg/mod/go.opentelemetry.io/otel/sdk/metric@v1.44.0/pipeline.go:462:3: "numbers" escapes to heap
/home/jules/go/pkg/mod/go.opentelemetry.io/otel/sdk/metric@v1.44.0/pipeline.go:462:25: fmt.Sprintf("%s, %s", ... argument...) escapes to heap
/home/jules/go/pkg/mod/go.opentelemetry.io/otel/sdk/metric@v1.44.0/pipeline.go:462:25: ... argument does not escape
/home/jules/go/pkg/mod/go.opentelemetry.io/otel/sdk/metric@v1.44.0/pipeline.go:462:44: metric.existing.Number escapes to heap
/home/jules/go/pkg/mod/go.opentelemetry.io/otel/sdk/metric@v1.44.0/pipeline.go:462:55: metric.id.Number escapes to heap
/home/jules/go/pkg/mod/go.opentelemetry.io/otel/sdk/metric@v1.44.0/pipeline.go:479:23: ... argument does not escape
/home/jules/go/pkg/mod/go.opentelemetry.io/otel/sdk/metric@v1.44.0/pipeline.go:479:59: metric.existing.Description escapes to heap
/home/jules/go/pkg/mod/go.opentelemetry.io/otel/sdk/metric@v1.44.0/pipeline.go:482:21: ... argument does not escape
/home/jules/go/pkg/mod/go.opentelemetry.io/otel/sdk/metric@v1.44.0/pipeline.go:484:5: metric.id.Name escapes to heap
/home/jules/go/pkg/mod/go.opentelemetry.io/otel/sdk/metric@v1.44.0/pipeline.go:484:14: metric.id.Description escapes to heap
/home/jules/go/pkg/mod/go.opentelemetry.io/otel/sdk/metric@v1.44.0/pipeline.go:484:44: "InstrumentKind" + metric.InstrumentKind.String(metric.id.Kind) escapes to heap
/home/jules/go/pkg/mod/go.opentelemetry.io/otel/sdk/metric@v1.44.0/pipeline.go:484:44: "InstrumentKind" + metric.InstrumentKind.String(metric.id.Kind) escapes to heap
/home/jules/go/pkg/mod/go.opentelemetry.io/otel/sdk/metric@v1.44.0/pipeline.go:484:65: metric.id.Unit escapes to heap
/home/jules/go/pkg/mod/go.opentelemetry.io/otel/sdk/metric@v1.44.0/pipeline.go:486:22: "suggested.view" escapes to heap
/home/jules/go/pkg/mod/go.opentelemetry.io/otel/sdk/metric@v1.44.0/pipeline.go:486:51: fmt.Sprintf("NewView(%s, %s)", ... argument...) escapes to heap
/home/jules/go/pkg/mod/go.opentelemetry.io/otel/sdk/metric@v1.44.0/pipeline.go:486:51: ... argument does not escape
/home/jules/go/pkg/mod/go.opentelemetry.io/otel/sdk/metric@v1.44.0/pipeline.go:486:71: metric.inst escapes to heap
/home/jules/go/pkg/mod/go.opentelemetry.io/otel/sdk/metric@v1.44.0/pipeline.go:486:77: metric.stream escapes to heap
/home/jules/go/pkg/mod/go.opentelemetry.io/otel/sdk/metric@v1.44.0/pipeline.go:486:15: append escapes to heap
/home/jules/go/pkg/mod/go.opentelemetry.io/otel/sdk/metric@v1.44.0/cache.go:34:19: map[go.shape.struct { Name string; Description string; Kind go.opentelemetry.io/otel/sdk/metric.InstrumentKind; Unit string; Number string }]go.shape.struct { ID uint64; Measure go.opentelemetry.io/otel/sdk/metric/internal/aggregate.Measure[go.shape.float64]; Err error }{...} escapes to heap
/home/jules/go/pkg/mod/go.opentelemetry.io/otel/sdk/metric@v1.44.0/exemplar.go:28:33: &aggregate.dropRes[go.shape.float64]{} escapes to heap
/home/jules/go/pkg/mod/go.opentelemetry.io/otel/sdk/metric@v1.44.0/exemplar.go:34:33: &aggregate.dropRes[go.shape.float64]{} escapes to heap
/home/jules/go/pkg/mod/go.opentelemetry.io/otel/sdk/metric@v1.44.0/exemplar.go:36:9: func literal escapes to heap
/home/jules/go/pkg/mod/go.opentelemetry.io/otel/sdk/metric@v1.44.0/exemplar.go:37:51: &aggregate.filteredExemplarReservoir[go.shape.float64]{...} escapes to heap
/home/jules/go/pkg/mod/go.opentelemetry.io/otel/sdk/metric@v1.44.0/internal/aggregate/lastvalue.go:59:9: &aggregate.deltaLastValue[go.shape.float64]{...} escapes to heap
/home/jules/go/pkg/mod/go.opentelemetry.io/otel/sdk/metric@v1.44.0/internal/aggregate/drop.go:15:9: &aggregate.dropRes[go.shape.float64]{} escapes to heap
/home/jules/go/pkg/mod/go.opentelemetry.io/otel/sdk/metric@v1.44.0/internal/aggregate/lastvalue.go:36:43: func literal does not escape
/home/jules/go/pkg/mod/go.opentelemetry.io/otel/sdk/metric@v1.44.0/internal/aggregate/lastvalue.go:39:8: &aggregate.lastValuePoint[go.shape.float64]{...} escapes to heap
/home/jules/go/pkg/mod/go.opentelemetry.io/otel/sdk/metric@v1.44.0/internal/aggregate/lastvalue.go:45:16: any(aggregate.v) does not escape
/home/jules/go/pkg/mod/go.opentelemetry.io/otel/sdk/metric@v1.44.0/internal/aggregate/lastvalue.go:45:16: "unsupported type" escapes to heap
/home/jules/go/pkg/mod/go.opentelemetry.io/otel/sdk/metric@v1.44.0/internal/aggregate/lastvalue.go:49:16: any(aggregate.v) does not escape
/home/jules/go/pkg/mod/go.opentelemetry.io/otel/sdk/metric@v1.44.0/internal/aggregate/lastvalue.go:49:16: "unsupported type" escapes to heap
/home/jules/go/pkg/mod/go.opentelemetry.io/otel/sdk/metric@v1.44.0/internal/aggregate/exemplar.go:21:9: aggregate.collectExemplars[go.shape.float64].func1 ignoring self-assignment in *aggregate.dest = (*aggregate.dest)[:0]
/home/jules/go/pkg/mod/go.opentelemetry.io/otel/sdk/metric@v1.44.0/internal/aggregate/exemplar.go:19:8: func literal does not escape
/home/jules/go/pkg/mod/go.opentelemetry.io/otel/sdk/metric@v1.44.0/internal/aggregate/exemplar.go:25:15: make([]go.shape.struct { FilteredAttributes []go.opentelemetry.io/otel/attribute.KeyValue; Time time.Time; Value go.opentelemetry.io/otel/sdk/metric/exemplar.Value; SpanID []uint8 "json:\",omitempty\""; TraceID []uint8 "json:\",omitempty\"" }, aggregate.length, aggregate.capacity) escapes to heap
/home/jules/go/pkg/mod/go.opentelemetry.io/otel/sdk/metric@v1.44.0/internal/aggregate/exemplar.go:29:14: make([]go.shape.struct { FilteredAttributes []go.opentelemetry.io/otel/attribute.KeyValue; Time time.Time; Value go.shape.float64; SpanID []uint8 "json:\",omitempty\""; TraceID []uint8 "json:\",omitempty\"" }, aggregate.length, aggregate.capacity) escapes to heap
/home/jules/go/pkg/mod/go.opentelemetry.io/otel/sdk/metric@v1.44.0/internal/aggregate/lastvalue.go:119:15: make([]go.shape.struct { Attributes go.opentelemetry.io/otel/attribute.Set; StartTime time.Time "json:\",omitempty\""; Time time.Time "json:\",omitempty\""; Value go.shape.float64; Exemplars []go.opentelemetry.io/otel/sdk/metric/metricdata.Exemplar[go.shape.float64] "json:\",omitempty\"" }, aggregate.length, aggregate.capacity) escapes to heap
/home/jules/go/pkg/mod/go.opentelemetry.io/otel/sdk/metric@v1.44.0/internal/aggregate/lastvalue.go:122:40: func literal does not escape
/home/jules/go/pkg/mod/go.opentelemetry.io/otel/sdk/metric@v1.44.0/internal/aggregate/lastvalue.go:127:31: any(aggregate.value) does not escape
/home/jules/go/pkg/mod/go.opentelemetry.io/otel/sdk/metric@v1.44.0/internal/aggregate/lastvalue.go:127:31: "unsupported type" escapes to heap
/home/jules/go/pkg/mod/go.opentelemetry.io/otel/sdk/metric@v1.44.0/internal/aggregate/lastvalue.go:128:48: aggregate.FilteredExemplarReservoir[go.shape.float64](aggregate.v.res).Collect does not escape
/home/jules/go/pkg/mod/go.opentelemetry.io/otel/sdk/metric@v1.44.0/internal/aggregate/lastvalue.go:135:10: aggregate.gData escapes to heap
/home/jules/go/pkg/mod/go.opentelemetry.io/otel/sdk/metric@v1.44.0/internal/aggregate/lastvalue.go:168:15: make([]go.shape.struct { Attributes go.opentelemetry.io/otel/attribute.Set; StartTime time.Time "json:\",omitempty\""; Time time.Time "json:\",omitempty\""; Value go.shape.float64; Exemplars []go.opentelemetry.io/otel/sdk/metric/metricdata.Exemplar[go.shape.float64] "json:\",omitempty\"" }, aggregate.length, aggregate.capacity) escapes to heap
/home/jules/go/pkg/mod/go.opentelemetry.io/otel/sdk/metric@v1.44.0/internal/aggregate/lastvalue.go:173:17: func literal does not escape
/home/jules/go/pkg/mod/go.opentelemetry.io/otel/sdk/metric@v1.44.0/internal/aggregate/lastvalue.go:184:28: any(aggregate.value) does not escape
/home/jules/go/pkg/mod/go.opentelemetry.io/otel/sdk/metric@v1.44.0/internal/aggregate/lastvalue.go:184:28: "unsupported type" escapes to heap
/home/jules/go/pkg/mod/go.opentelemetry.io/otel/sdk/metric@v1.44.0/internal/aggregate/lastvalue.go:186:46: aggregate.FilteredExemplarReservoir[go.shape.float64](aggregate.v.res).Collect does not escape
/home/jules/go/pkg/mod/go.opentelemetry.io/otel/sdk/metric@v1.44.0/internal/aggregate/lastvalue.go:187:16: append escapes to heap
/home/jules/go/pkg/mod/go.opentelemetry.io/otel/sdk/metric@v1.44.0/internal/aggregate/lastvalue.go:196:10: aggregate.gData escapes to heap
/home/jules/go/pkg/mod/go.opentelemetry.io/otel/sdk/metric@v1.44.0/internal/aggregate/aggregate.go:80:18: func literal escapes to heap
/home/jules/go/pkg/mod/go.opentelemetry.io/otel/sdk/metric@v1.44.0/internal/aggregate/aggregate.go:80:18: func literal escapes to heap
/home/jules/go/pkg/mod/go.opentelemetry.io/otel/sdk/metric@v1.44.0/internal/aggregate/aggregate.go:82:34: &aggregate.cumulativeLastValue[go.shape.float64]{...} escapes to heap
/home/jules/go/pkg/mod/go.opentelemetry.io/otel/sdk/metric@v1.44.0/internal/aggregate/aggregate.go:83:18: func literal escapes to heap
/home/jules/go/pkg/mod/go.opentelemetry.io/otel/sdk/metric@v1.44.0/internal/aggregate/aggregate.go:83:18: func literal escapes to heap
/home/jules/go/pkg/mod/go.opentelemetry.io/otel/sdk/metric@v1.44.0/internal/aggregate/aggregate.go:91:34: &aggregate.precomputedLastValue[go.shape.float64]{...} escapes to heap
/home/jules/go/pkg/mod/go.opentelemetry.io/otel/sdk/metric@v1.44.0/internal/aggregate/aggregate.go:94:18: func literal escapes to heap
/home/jules/go/pkg/mod/go.opentelemetry.io/otel/sdk/metric@v1.44.0/internal/aggregate/aggregate.go:94:18: func literal escapes to heap
/home/jules/go/pkg/mod/go.opentelemetry.io/otel/sdk/metric@v1.44.0/internal/aggregate/aggregate.go:96:18: func literal escapes to heap
/home/jules/go/pkg/mod/go.opentelemetry.io/otel/sdk/metric@v1.44.0/internal/aggregate/aggregate.go:96:18: func literal escapes to heap
/home/jules/go/pkg/mod/go.opentelemetry.io/otel/sdk/metric@v1.44.0/internal/aggregate/sum.go:61:9: &aggregate.deltaSum[go.shape.float64]{...} escapes to heap
/home/jules/go/pkg/mod/go.opentelemetry.io/otel/sdk/metric@v1.44.0/internal/aggregate/sum.go:34:43: func literal does not escape
/home/jules/go/pkg/mod/go.opentelemetry.io/otel/sdk/metric@v1.44.0/internal/aggregate/sum.go:37:10: &aggregate.sumValue[go.shape.float64]{...} escapes to heap
/home/jules/go/pkg/mod/go.opentelemetry.io/otel/sdk/metric@v1.44.0/internal/aggregate/sum.go:228:21: make(map[any]go.shape.float64) escapes to heap
/home/jules/go/pkg/mod/go.opentelemetry.io/otel/sdk/metric@v1.44.0/internal/aggregate/sum.go:241:15: make([]go.shape.struct { Attributes go.opentelemetry.io/otel/attribute.Set; StartTime time.Time "json:\",omitempty\""; Time time.Time "json:\",omitempty\""; Value go.shape.float64; Exemplars []go.opentelemetry.io/otel/sdk/metric/metricdata.Exemplar[go.shape.float64] "json:\",omitempty\"" }, aggregate.length, aggregate.capacity) escapes to heap
/home/jules/go/pkg/mod/go.opentelemetry.io/otel/sdk/metric@v1.44.0/internal/aggregate/sum.go:244:40: func literal does not escape
/home/jules/go/pkg/mod/go.opentelemetry.io/otel/sdk/metric@v1.44.0/internal/aggregate/sum.go:249:47: aggregate.FilteredExemplarReservoir[go.shape.float64](aggregate.val.res).Collect does not escape
/home/jules/go/pkg/mod/go.opentelemetry.io/otel/sdk/metric@v1.44.0/internal/aggregate/sum.go:264:10: aggregate.sData escapes to heap
/home/jules/go/pkg/mod/go.opentelemetry.io/otel/sdk/metric@v1.44.0/internal/aggregate/sum.go:285:15: make([]go.shape.struct { Attributes go.opentelemetry.io/otel/attribute.Set; StartTime time.Time "json:\",omitempty\""; Time time.Time "json:\",omitempty\""; Value go.shape.float64; Exemplars []go.opentelemetry.io/otel/sdk/metric/metricdata.Exemplar[go.shape.float64] "json:\",omitempty\"" }, aggregate.length, aggregate.capacity) escapes to heap
/home/jules/go/pkg/mod/go.opentelemetry.io/otel/sdk/metric@v1.44.0/internal/aggregate/sum.go:288:40: func literal does not escape
/home/jules/go/pkg/mod/go.opentelemetry.io/otel/sdk/metric@v1.44.0/internal/aggregate/sum.go:290:47: aggregate.FilteredExemplarReservoir[go.shape.float64](aggregate.val.res).Collect does not escape
/home/jules/go/pkg/mod/go.opentelemetry.io/otel/sdk/metric@v1.44.0/internal/aggregate/sum.go:301:10: aggregate.sData escapes to heap
/home/jules/go/pkg/mod/go.opentelemetry.io/otel/sdk/metric@v1.44.0/internal/aggregate/aggregate.go:103:27: &aggregate.precomputedSum[go.shape.float64]{...} escapes to heap
/home/jules/go/pkg/mod/go.opentelemetry.io/otel/sdk/metric@v1.44.0/internal/aggregate/aggregate.go:106:18: func literal escapes to heap
/home/jules/go/pkg/mod/go.opentelemetry.io/otel/sdk/metric@v1.44.0/internal/aggregate/aggregate.go:106:18: func literal escapes to heap
/home/jules/go/pkg/mod/go.opentelemetry.io/otel/sdk/metric@v1.44.0/internal/aggregate/aggregate.go:108:18: func literal escapes to heap
/home/jules/go/pkg/mod/go.opentelemetry.io/otel/sdk/metric@v1.44.0/internal/aggregate/aggregate.go:108:18: func literal escapes to heap
/home/jules/go/pkg/mod/go.opentelemetry.io/otel/sdk/metric@v1.44.0/internal/aggregate/sum.go:108:15: make([]go.shape.struct { Attributes go.opentelemetry.io/otel/attribute.Set; StartTime time.Time "json:\",omitempty\""; Time time.Time "json:\",omitempty\""; Value go.shape.float64; Exemplars []go.opentelemetry.io/otel/sdk/metric/metricdata.Exemplar[go.shape.float64] "json:\",omitempty\"" }, aggregate.length, aggregate.capacity) escapes to heap
/home/jules/go/pkg/mod/go.opentelemetry.io/otel/sdk/metric@v1.44.0/internal/aggregate/sum.go:111:40: func literal does not escape
/home/jules/go/pkg/mod/go.opentelemetry.io/otel/sdk/metric@v1.44.0/internal/aggregate/sum.go:113:47: aggregate.FilteredExemplarReservoir[go.shape.float64](aggregate.val.res).Collect does not escape
/home/jules/go/pkg/mod/go.opentelemetry.io/otel/sdk/metric@v1.44.0/internal/aggregate/sum.go:126:10: aggregate.sData escapes to heap
/home/jules/go/pkg/mod/go.opentelemetry.io/otel/sdk/metric@v1.44.0/internal/aggregate/sum.go:170:15: make([]go.shape.struct { Attributes go.opentelemetry.io/otel/attribute.Set; StartTime time.Time "json:\",omitempty\""; Time time.Time "json:\",omitempty\""; Value go.shape.float64; Exemplars []go.opentelemetry.io/otel/sdk/metric/metricdata.Exemplar[go.shape.float64] "json:\",omitempty\"" }, aggregate.length, aggregate.capacity) escapes to heap
/home/jules/go/pkg/mod/go.opentelemetry.io/otel/sdk/metric@v1.44.0/internal/aggregate/sum.go:175:17: func literal does not escape
/home/jules/go/pkg/mod/go.opentelemetry.io/otel/sdk/metric@v1.44.0/internal/aggregate/sum.go:188:45: aggregate.FilteredExemplarReservoir[go.shape.float64](aggregate.val.res).Collect does not escape
/home/jules/go/pkg/mod/go.opentelemetry.io/otel/sdk/metric@v1.44.0/internal/aggregate/sum.go:189:16: append escapes to heap
/home/jules/go/pkg/mod/go.opentelemetry.io/otel/sdk/metric@v1.44.0/internal/aggregate/sum.go:199:10: aggregate.sData escapes to heap
/home/jules/go/pkg/mod/go.opentelemetry.io/otel/sdk/metric@v1.44.0/internal/aggregate/aggregate.go:117:18: func literal escapes to heap
/home/jules/go/pkg/mod/go.opentelemetry.io/otel/sdk/metric@v1.44.0/internal/aggregate/aggregate.go:117:18: func literal escapes to heap
/home/jules/go/pkg/mod/go.opentelemetry.io/otel/sdk/metric@v1.44.0/internal/aggregate/aggregate.go:119:27: &aggregate.cumulativeSum[go.shape.float64]{...} escapes to heap
/home/jules/go/pkg/mod/go.opentelemetry.io/otel/sdk/metric@v1.44.0/internal/aggregate/aggregate.go:120:18: func literal escapes to heap
/home/jules/go/pkg/mod/go.opentelemetry.io/otel/sdk/metric@v1.44.0/internal/aggregate/aggregate.go:120:18: func literal escapes to heap
/home/jules/go/pkg/mod/go.opentelemetry.io/otel/sdk/metric@v1.44.0/internal/aggregate/histogram.go:166:19: go.shape.[]float64{} escapes to heap
/home/jules/go/pkg/mod/go.opentelemetry.io/otel/sdk/metric@v1.44.0/internal/aggregate/histogram.go:166:19: append escapes to heap
/home/jules/go/pkg/mod/go.opentelemetry.io/otel/sdk/metric@v1.44.0/internal/aggregate/histogram.go:168:9: &aggregate.deltaHistogram[go.shape.float64]{...} escapes to heap
/home/jules/go/pkg/mod/go.opentelemetry.io/otel/sdk/metric@v1.44.0/internal/aggregate/atomic.go:116:18: any(aggregate.v) does not escape
/home/jules/go/pkg/mod/go.opentelemetry.io/otel/sdk/metric@v1.44.0/internal/aggregate/atomic.go:116:18: "unsupported type" escapes to heap
/home/jules/go/pkg/mod/go.opentelemetry.io/otel/sdk/metric@v1.44.0/internal/aggregate/atomic.go:117:18: any(aggregate.v) does not escape
/home/jules/go/pkg/mod/go.opentelemetry.io/otel/sdk/metric@v1.44.0/internal/aggregate/atomic.go:117:18: "unsupported type" escapes to heap
/home/jules/go/pkg/mod/go.opentelemetry.io/otel/sdk/metric@v1.44.0/internal/aggregate/atomic.go:128:23: any(aggregate.value) does not escape
/home/jules/go/pkg/mod/go.opentelemetry.io/otel/sdk/metric@v1.44.0/internal/aggregate/atomic.go:128:23: "unsupported type" escapes to heap
/home/jules/go/pkg/mod/go.opentelemetry.io/otel/sdk/metric@v1.44.0/internal/aggregate/atomic.go:130:30: any(aggregate.oldN) does not escape
/home/jules/go/pkg/mod/go.opentelemetry.io/otel/sdk/metric@v1.44.0/internal/aggregate/atomic.go:130:30: "unsupported type" escapes to heap
/home/jules/go/pkg/mod/go.opentelemetry.io/otel/sdk/metric@v1.44.0/internal/aggregate/atomic.go:133:23: any(aggregate.value) does not escape
/home/jules/go/pkg/mod/go.opentelemetry.io/otel/sdk/metric@v1.44.0/internal/aggregate/atomic.go:133:23: "unsupported type" escapes to heap
/home/jules/go/pkg/mod/go.opentelemetry.io/otel/sdk/metric@v1.44.0/internal/aggregate/atomic.go:136:22: any(aggregate.value) does not escape
/home/jules/go/pkg/mod/go.opentelemetry.io/otel/sdk/metric@v1.44.0/internal/aggregate/atomic.go:136:22: "unsupported type" escapes to heap
/home/jules/go/pkg/mod/go.opentelemetry.io/otel/sdk/metric@v1.44.0/internal/aggregate/atomic.go:138:30: any(aggregate.oldN) does not escape
/home/jules/go/pkg/mod/go.opentelemetry.io/otel/sdk/metric@v1.44.0/internal/aggregate/atomic.go:138:30: "unsupported type" escapes to heap
/home/jules/go/pkg/mod/go.opentelemetry.io/otel/sdk/metric@v1.44.0/internal/aggregate/atomic.go:141:23: any(aggregate.value) does not escape
/home/jules/go/pkg/mod/go.opentelemetry.io/otel/sdk/metric@v1.44.0/internal/aggregate/atomic.go:141:23: "unsupported type" escapes to heap
/home/jules/go/pkg/mod/go.opentelemetry.io/otel/sdk/metric@v1.44.0/internal/aggregate/histogram.go:117:57: func literal does not escape
/home/jules/go/pkg/mod/go.opentelemetry.io/otel/sdk/metric@v1.44.0/internal/aggregate/histogram.go:120:10: &aggregate.histogramPoint[go.shape.float64]{...} escapes to heap
/home/jules/go/pkg/mod/go.opentelemetry.io/otel/sdk/metric@v1.44.0/internal/aggregate/histogram.go:131:66: make([]atomic.Uint64, len(aggregate.s.bounds) + 1) escapes to heap
/home/jules/go/pkg/mod/go.opentelemetry.io/otel/sdk/metric@v1.44.0/internal/aggregate/histogram.go:195:24: go.shape.[]float64{} escapes to heap
/home/jules/go/pkg/mod/go.opentelemetry.io/otel/sdk/metric@v1.44.0/internal/aggregate/histogram.go:195:24: append escapes to heap
/home/jules/go/pkg/mod/go.opentelemetry.io/otel/sdk/metric@v1.44.0/internal/aggregate/histogram.go:200:16: make([]go.shape.struct { Attributes go.opentelemetry.io/otel/attribute.Set; StartTime time.Time; Time time.Time; Count uint64; Bounds []float64; BucketCounts []uint64; Min go.opentelemetry.io/otel/sdk/metric/metricdata.Extrema[go.shape.float64]; Max go.opentelemetry.io/otel/sdk/metric/metricdata.Extrema[go.shape.float64]; Sum go.shape.float64; Exemplars []go.opentelemetry.io/otel/sdk/metric/metricdata.Exemplar[go.shape.float64] "json:\",omitempty\"" }, aggregate.length, aggregate.capacity) escapes to heap
/home/jules/go/pkg/mod/go.opentelemetry.io/otel/sdk/metric@v1.44.0/internal/aggregate/histogram.go:203:33: func literal does not escape
/home/jules/go/pkg/mod/go.opentelemetry.io/otel/sdk/metric@v1.44.0/internal/aggregate/histogram.go:206:30: make([]go.shape.uint64, aggregate.length, aggregate.capacity) escapes to heap
/home/jules/go/pkg/mod/go.opentelemetry.io/otel/sdk/metric@v1.44.0/internal/aggregate/histogram.go:219:65: any(aggregate.value) does not escape
/home/jules/go/pkg/mod/go.opentelemetry.io/otel/sdk/metric@v1.44.0/internal/aggregate/histogram.go:219:65: "unsupported type" escapes to heap
/home/jules/go/pkg/mod/go.opentelemetry.io/otel/sdk/metric@v1.44.0/internal/aggregate/histogram.go:220:65: any(aggregate.value) does not escape
/home/jules/go/pkg/mod/go.opentelemetry.io/otel/sdk/metric@v1.44.0/internal/aggregate/histogram.go:220:65: "unsupported type" escapes to heap
/home/jules/go/pkg/mod/go.opentelemetry.io/otel/sdk/metric@v1.44.0/internal/aggregate/histogram.go:224:48: aggregate.FilteredExemplarReservoir[go.shape.float64](aggregate.val.res).Collect does not escape
/home/jules/go/pkg/mod/go.opentelemetry.io/otel/sdk/metric@v1.44.0/internal/aggregate/histogram.go:235:10: aggregate.h escapes to heap
/home/jules/go/pkg/mod/go.opentelemetry.io/otel/sdk/metric@v1.44.0/internal/aggregate/histogram.go:273:19: go.shape.[]float64{} escapes to heap
/home/jules/go/pkg/mod/go.opentelemetry.io/otel/sdk/metric@v1.44.0/internal/aggregate/histogram.go:273:19: append escapes to heap
/home/jules/go/pkg/mod/go.opentelemetry.io/otel/sdk/metric@v1.44.0/internal/aggregate/histogram.go:275:9: &aggregate.cumulativeHistogram[go.shape.float64]{...} escapes to heap
/home/jules/go/pkg/mod/go.opentelemetry.io/otel/sdk/metric@v1.44.0/internal/aggregate/histogram.go:291:42: func literal does not escape
/home/jules/go/pkg/mod/go.opentelemetry.io/otel/sdk/metric@v1.44.0/internal/aggregate/histogram.go:294:10: &aggregate.hotColdHistogramPoint[go.shape.float64]{...} escapes to heap
/home/jules/go/pkg/mod/go.opentelemetry.io/otel/sdk/metric@v1.44.0/internal/aggregate/histogram.go:308:18: make([]atomic.Uint64, len(aggregate.s.bounds) + 1) escapes to heap
/home/jules/go/pkg/mod/go.opentelemetry.io/otel/sdk/metric@v1.44.0/internal/aggregate/histogram.go:311:18: make([]atomic.Uint64, len(aggregate.s.bounds) + 1) escapes to heap
/home/jules/go/pkg/mod/go.opentelemetry.io/otel/sdk/metric@v1.44.0/internal/aggregate/histogram.go:78:44: any(aggregate.value) does not escape
/home/jules/go/pkg/mod/go.opentelemetry.io/otel/sdk/metric@v1.44.0/internal/aggregate/histogram.go:78:44: "unsupported type" escapes to heap
/home/jules/go/pkg/mod/go.opentelemetry.io/otel/sdk/metric@v1.44.0/internal/aggregate/histogram.go:79:44: any(aggregate.value) does not escape
/home/jules/go/pkg/mod/go.opentelemetry.io/otel/sdk/metric@v1.44.0/internal/aggregate/histogram.go:79:44: "unsupported type" escapes to heap
/home/jules/go/pkg/mod/go.opentelemetry.io/otel/sdk/metric@v1.44.0/internal/aggregate/histogram.go:351:24: go.shape.[]float64{} escapes to heap
/home/jules/go/pkg/mod/go.opentelemetry.io/otel/sdk/metric@v1.44.0/internal/aggregate/histogram.go:351:24: append escapes to heap
/home/jules/go/pkg/mod/go.opentelemetry.io/otel/sdk/metric@v1.44.0/internal/aggregate/histogram.go:355:16: make([]go.shape.struct { Attributes go.opentelemetry.io/otel/attribute.Set; StartTime time.Time; Time time.Time; Count uint64; Bounds []float64; BucketCounts []uint64; Min go.opentelemetry.io/otel/sdk/metric/metricdata.Extrema[go.shape.float64]; Max go.opentelemetry.io/otel/sdk/metric/metricdata.Extrema[go.shape.float64]; Sum go.shape.float64; Exemplars []go.opentelemetry.io/otel/sdk/metric/metricdata.Exemplar[go.shape.float64] "json:\",omitempty\"" }, aggregate.length, aggregate.capacity) escapes to heap
/home/jules/go/pkg/mod/go.opentelemetry.io/otel/sdk/metric@v1.44.0/internal/aggregate/histogram.go:360:17: func literal does not escape
/home/jules/go/pkg/mod/go.opentelemetry.io/otel/sdk/metric@v1.44.0/internal/aggregate/histogram.go:370:52: make([]go.shape.uint64, aggregate.length, aggregate.capacity) escapes to heap
/home/jules/go/pkg/mod/go.opentelemetry.io/otel/sdk/metric@v1.44.0/internal/aggregate/histogram.go:387:84: any(aggregate.value) does not escape
/home/jules/go/pkg/mod/go.opentelemetry.io/otel/sdk/metric@v1.44.0/internal/aggregate/histogram.go:387:84: "unsupported type" escapes to heap
/home/jules/go/pkg/mod/go.opentelemetry.io/otel/sdk/metric@v1.44.0/internal/aggregate/histogram.go:388:84: any(aggregate.value) does not escape
/home/jules/go/pkg/mod/go.opentelemetry.io/otel/sdk/metric@v1.44.0/internal/aggregate/histogram.go:388:84: "unsupported type" escapes to heap
/home/jules/go/pkg/mod/go.opentelemetry.io/otel/sdk/metric@v1.44.0/internal/aggregate/histogram.go:396:45: aggregate.FilteredExemplarReservoir[go.shape.float64](aggregate.val.res).Collect does not escape
/home/jules/go/pkg/mod/go.opentelemetry.io/otel/sdk/metric@v1.44.0/internal/aggregate/histogram.go:397:17: append escapes to heap
/home/jules/go/pkg/mod/go.opentelemetry.io/otel/sdk/metric@v1.44.0/internal/aggregate/histogram.go:408:10: aggregate.h escapes to heap
/home/jules/go/pkg/mod/go.opentelemetry.io/otel/sdk/metric@v1.44.0/internal/aggregate/aggregate.go:133:18: func literal escapes to heap
/home/jules/go/pkg/mod/go.opentelemetry.io/otel/sdk/metric@v1.44.0/internal/aggregate/aggregate.go:133:18: func literal escapes to heap
/home/jules/go/pkg/mod/go.opentelemetry.io/otel/sdk/metric@v1.44.0/internal/aggregate/aggregate.go:136:18: func literal escapes to heap
/home/jules/go/pkg/mod/go.opentelemetry.io/otel/sdk/metric@v1.44.0/internal/aggregate/aggregate.go:136:18: func literal escapes to heap
/home/jules/go/pkg/mod/go.opentelemetry.io/otel/sdk/metric@v1.44.0/internal/aggregate/exponential_histogram.go:301:9: &aggregate.expoHistogram[go.shape.float64]{...} escapes to heap
/home/jules/go/pkg/mod/go.opentelemetry.io/otel/sdk/metric@v1.44.0/internal/aggregate/exponential_histogram.go:309:15: make(map[attribute.Distinct]*aggregate.expoHistogramDataPoint[go.shape.float64]) escapes to heap
/home/jules/go/pkg/mod/go.opentelemetry.io/otel/sdk/metric@v1.44.0/internal/aggregate/exponential_histogram.go:54:8: &aggregate.expoHistogramDataPoint[go.shape.float64]{...} escapes to heap
/home/jules/go/pkg/mod/go.opentelemetry.io/otel/sdk/metric@v1.44.0/internal/aggregate/exponential_histogram.go:95:26: &errors.errorString{...} escapes to heap
/home/jules/go/pkg/mod/go.opentelemetry.io/otel/sdk/metric@v1.44.0/internal/aggregate/exponential_histogram.go:381:16: make([]go.shape.887ebdfccc730a6ab5f17f44ea0d2ae2368c2c95ef67545ff043bdf39ddecf4a, aggregate.length, aggregate.capacity) escapes to heap
/home/jules/go/pkg/mod/go.opentelemetry.io/otel/sdk/metric@v1.44.0/internal/aggregate/exponential_histogram.go:394:41: make([]go.shape.uint64, aggregate.length, aggregate.capacity) escapes to heap
/home/jules/go/pkg/mod/go.opentelemetry.io/otel/sdk/metric@v1.44.0/internal/aggregate/exponential_histogram.go:404:41: make([]go.shape.uint64, aggregate.length, aggregate.capacity) escapes to heap
/home/jules/go/pkg/mod/go.opentelemetry.io/otel/sdk/metric@v1.44.0/internal/aggregate/exponential_histogram.go:418:65: any(aggregate.value) does not escape
/home/jules/go/pkg/mod/go.opentelemetry.io/otel/sdk/metric@v1.44.0/internal/aggregate/exponential_histogram.go:418:65: "unsupported type" escapes to heap
/home/jules/go/pkg/mod/go.opentelemetry.io/otel/sdk/metric@v1.44.0/internal/aggregate/exponential_histogram.go:419:65: any(aggregate.value) does not escape
/home/jules/go/pkg/mod/go.opentelemetry.io/otel/sdk/metric@v1.44.0/internal/aggregate/exponential_histogram.go:419:65: "unsupported type" escapes to heap
/home/jules/go/pkg/mod/go.opentelemetry.io/otel/sdk/metric@v1.44.0/internal/aggregate/exponential_histogram.go:423:48: aggregate.FilteredExemplarReservoir[go.shape.float64](aggregate.val.res).Collect does not escape
/home/jules/go/pkg/mod/go.opentelemetry.io/otel/sdk/metric@v1.44.0/internal/aggregate/exponential_histogram.go:432:10: aggregate.h escapes to heap
/home/jules/go/pkg/mod/go.opentelemetry.io/otel/sdk/metric@v1.44.0/internal/aggregate/exponential_histogram.go:450:16: make([]go.shape.887ebdfccc730a6ab5f17f44ea0d2ae2368c2c95ef67545ff043bdf39ddecf4a, aggregate.length, aggregate.capacity) escapes to heap
/home/jules/go/pkg/mod/go.opentelemetry.io/otel/sdk/metric@v1.44.0/internal/aggregate/exponential_histogram.go:470:41: make([]go.shape.uint64, aggregate.length, aggregate.capacity) escapes to heap
/home/jules/go/pkg/mod/go.opentelemetry.io/otel/sdk/metric@v1.44.0/internal/aggregate/exponential_histogram.go:480:41: make([]go.shape.uint64, aggregate.length, aggregate.capacity) escapes to heap
/home/jules/go/pkg/mod/go.opentelemetry.io/otel/sdk/metric@v1.44.0/internal/aggregate/exponential_histogram.go:494:65: any(aggregate.value) does not escape
/home/jules/go/pkg/mod/go.opentelemetry.io/otel/sdk/metric@v1.44.0/internal/aggregate/exponential_histogram.go:494:65: "unsupported type" escapes to heap
/home/jules/go/pkg/mod/go.opentelemetry.io/otel/sdk/metric@v1.44.0/internal/aggregate/exponential_histogram.go:495:65: any(aggregate.value) does not escape
/home/jules/go/pkg/mod/go.opentelemetry.io/otel/sdk/metric@v1.44.0/internal/aggregate/exponential_histogram.go:495:65: "unsupported type" escapes to heap
/home/jules/go/pkg/mod/go.opentelemetry.io/otel/sdk/metric@v1.44.0/internal/aggregate/exponential_histogram.go:499:48: aggregate.FilteredExemplarReservoir[go.shape.float64](aggregate.val.res).Collect does not escape
/home/jules/go/pkg/mod/go.opentelemetry.io/otel/sdk/metric@v1.44.0/internal/aggregate/exponential_histogram.go:509:10: aggregate.h escapes to heap
/home/jules/go/pkg/mod/go.opentelemetry.io/otel/sdk/metric@v1.44.0/internal/aggregate/aggregate.go:149:18: func literal escapes to heap
/home/jules/go/pkg/mod/go.opentelemetry.io/otel/sdk/metric@v1.44.0/internal/aggregate/aggregate.go:149:18: func literal escapes to heap
/home/jules/go/pkg/mod/go.opentelemetry.io/otel/sdk/metric@v1.44.0/internal/aggregate/aggregate.go:151:18: func literal escapes to heap
/home/jules/go/pkg/mod/go.opentelemetry.io/otel/sdk/metric@v1.44.0/internal/aggregate/aggregate.go:151:18: func literal escapes to heap
/home/jules/go/pkg/mod/go.opentelemetry.io/otel/sdk/metric@v1.44.0/pipeline.go:512:55: metric.AggregationSum{} does not escape
/home/jules/go/pkg/mod/go.opentelemetry.io/otel/sdk/metric@v1.44.0/pipeline.go:512:55: metric.AggregationLastValue{} does not escape
/home/jules/go/pkg/mod/go.opentelemetry.io/otel/sdk/metric@v1.44.0/pipeline.go:512:55: metric.AggregationExplicitBucketHistogram{...} does not escape
/home/jules/go/pkg/mod/go.opentelemetry.io/otel/sdk/metric@v1.44.0/pipeline.go:512:55: []float64{...} does not escape
/home/jules/go/pkg/mod/go.opentelemetry.io/otel/sdk/metric@v1.44.0/pipeline.go:512:55: "unknown instrument kind" escapes to heap
/home/jules/go/pkg/mod/go.opentelemetry.io/otel/sdk/metric@v1.44.0/pipeline.go:376:50: metric.AggregationSum{} escapes to heap
/home/jules/go/pkg/mod/go.opentelemetry.io/otel/sdk/metric@v1.44.0/pipeline.go:376:50: metric.AggregationLastValue{} escapes to heap
/home/jules/go/pkg/mod/go.opentelemetry.io/otel/sdk/metric@v1.44.0/pipeline.go:376:50: metric.AggregationExplicitBucketHistogram{...} escapes to heap
/home/jules/go/pkg/mod/go.opentelemetry.io/otel/sdk/metric@v1.44.0/pipeline.go:376:50: []float64{...} escapes to heap
/home/jules/go/pkg/mod/go.opentelemetry.io/otel/sdk/metric@v1.44.0/pipeline.go:376:50: "unknown instrument kind" escapes to heap
/home/jules/go/pkg/mod/go.opentelemetry.io/otel/sdk/metric@v1.44.0/pipeline.go:383:28: ... argument does not escape
/home/jules/go/pkg/mod/go.opentelemetry.io/otel/sdk/metric@v1.44.0/pipeline.go:385:4: metric.kind escapes to heap
/home/jules/go/pkg/mod/go.opentelemetry.io/otel/sdk/metric@v1.44.0/pipeline.go:383:28: &errors.errorString{...} escapes to heap
/home/jules/go/pkg/mod/go.opentelemetry.io/otel/sdk/metric@v1.44.0/pipeline.go:398:37: func literal does not escape
/home/jules/go/pkg/mod/go.opentelemetry.io/otel/sdk/metric@v1.44.0/pipeline.go:251:14: make(map[uint64]struct {}) does not escape
/home/jules/go/pkg/mod/go.opentelemetry.io/otel/sdk/metric@v1.44.0/pipeline.go:260:21: ... argument does not escape
/home/jules/go/pkg/mod/go.opentelemetry.io/otel/sdk/metric@v1.44.0/pipeline.go:260:21: &errors.joinError{...} escapes to heap
/home/jules/go/pkg/mod/go.opentelemetry.io/otel/sdk/metric@v1.44.0/pipeline.go:260:21: make([]error, 0, errors.n) escapes to heap
/home/jules/go/pkg/mod/go.opentelemetry.io/otel/sdk/metric@v1.44.0/pipeline.go:260:21: append escapes to heap
/home/jules/go/pkg/mod/go.opentelemetry.io/otel/sdk/metric@v1.44.0/pipeline.go:270:20: append escapes to heap
/home/jules/go/pkg/mod/go.opentelemetry.io/otel/sdk/metric@v1.44.0/pipeline.go:274:20: ... argument does not escape
/home/jules/go/pkg/mod/go.opentelemetry.io/otel/sdk/metric@v1.44.0/pipeline.go:274:20: &errors.joinError{...} escapes to heap
/home/jules/go/pkg/mod/go.opentelemetry.io/otel/sdk/metric@v1.44.0/pipeline.go:274:20: make([]error, 0, errors.n) escapes to heap
/home/jules/go/pkg/mod/go.opentelemetry.io/otel/sdk/metric@v1.44.0/pipeline.go:274:20: append escapes to heap
/home/jules/go/pkg/mod/go.opentelemetry.io/otel/sdk/metric@v1.44.0/pipeline.go:291:56: func literal escapes to heap
/home/jules/go/pkg/mod/go.opentelemetry.io/otel/sdk/metric@v1.44.0/pipeline.go:291:56: make(map[attribute.Key]struct {}, len(attribute.keys)) escapes to heap
/home/jules/go/pkg/mod/go.opentelemetry.io/otel/sdk/metric@v1.44.0/pipeline.go:291:56: func literal escapes to heap
/home/jules/go/pkg/mod/go.opentelemetry.io/otel/sdk/metric@v1.44.0/pipeline.go:298:20: ... argument does not escape
/home/jules/go/pkg/mod/go.opentelemetry.io/otel/sdk/metric@v1.44.0/pipeline.go:298:20: &errors.joinError{...} escapes to heap
/home/jules/go/pkg/mod/go.opentelemetry.io/otel/sdk/metric@v1.44.0/pipeline.go:298:20: make([]error, 0, errors.n) escapes to heap
/home/jules/go/pkg/mod/go.opentelemetry.io/otel/sdk/metric@v1.44.0/pipeline.go:298:20: append escapes to heap
/home/jules/go/pkg/mod/go.opentelemetry.io/otel/sdk/metric@v1.44.0/pipeline.go:302:20: append escapes to heap
/home/jules/go/pkg/mod/go.opentelemetry.io/otel/sdk/metric@v1.44.0/pipeline.go:705:10: metric.histAgg escapes to heap
/home/jules/go/pkg/mod/go.opentelemetry.io/otel/sdk/metric@v1.44.0/pipeline.go:709:21: ... argument does not escape
/home/jules/go/pkg/mod/go.opentelemetry.io/otel/sdk/metric@v1.44.0/pipeline.go:709:21: &errors.joinError{...} escapes to heap
/home/jules/go/pkg/mod/go.opentelemetry.io/otel/sdk/metric@v1.44.0/pipeline.go:709:21: make([]error, 0, errors.n) escapes to heap
/home/jules/go/pkg/mod/go.opentelemetry.io/otel/sdk/metric@v1.44.0/pipeline.go:709:21: append escapes to heap
/home/jules/go/pkg/mod/go.opentelemetry.io/otel/sdk/metric@v1.44.0/pipeline.go:711:20: append escapes to heap
/home/jules/go/pkg/mod/go.opentelemetry.io/otel/sdk/metric@v1.44.0/pipeline.go:683:21: ... argument does not escape
/home/jules/go/pkg/mod/go.opentelemetry.io/otel/sdk/metric@v1.44.0/pipeline.go:683:21: &errors.joinError{...} escapes to heap
/home/jules/go/pkg/mod/go.opentelemetry.io/otel/sdk/metric@v1.44.0/pipeline.go:683:21: make([]error, 0, errors.n) escapes to heap
/home/jules/go/pkg/mod/go.opentelemetry.io/otel/sdk/metric@v1.44.0/pipeline.go:683:21: append escapes to heap
/home/jules/go/pkg/mod/go.opentelemetry.io/otel/sdk/metric@v1.44.0/pipeline.go:685:20: append escapes to heap
/home/jules/go/pkg/mod/go.opentelemetry.io/otel/sdk/metric@v1.44.0/internal/aggregate/aggregate.go:159:14: make([]go.shape.struct { FilteredAttributes []go.opentelemetry.io/otel/attribute.KeyValue; Time time.Time; Value go.shape.float64; SpanID []uint8 "json:\",omitempty\""; TraceID []uint8 "json:\",omitempty\"" }, aggregate.length, aggregate.capacity) escapes to heap
/home/jules/go/pkg/mod/go.opentelemetry.io/otel/sdk/metric@v1.44.0/internal/aggregate/aggregate.go:159:14: make([]go.shape.887ebdfccc730a6ab5f17f44ea0d2ae2368c2c95ef67545ff043bdf39ddecf4a, aggregate.length, aggregate.capacity) escapes to heap
/home/jules/go/pkg/mod/go.opentelemetry.io/otel/sdk/metric@v1.44.0/metricdata/data.go:210:23: metricdata.e.value escapes to heap
/home/jules/go/pkg/mod/go.opentelemetry.io/otel/sdk/metric@v1.44.0/internal/aggregate/drop.go:26:8: aggregate.(*dropRes[go.shape.float64]).Collect ignoring self-assignment in *aggregate.dest = (*aggregate.dest)[:0]
/home/jules/go/pkg/mod/go.opentelemetry.io/otel/sdk/metric@v1.44.0/internal/aggregate/atomic.go:93:13: any(aggregate.oldN) does not escape
/home/jules/go/pkg/mod/go.opentelemetry.io/otel/sdk/metric@v1.44.0/internal/aggregate/atomic.go:99:9: "unsupported type" escapes to heap
/home/jules/go/pkg/mod/go.opentelemetry.io/otel/sdk/metric@v1.44.0/internal/aggregate/atomic.go:80:13: any(aggregate.v) does not escape
/home/jules/go/pkg/mod/go.opentelemetry.io/otel/sdk/metric@v1.44.0/internal/aggregate/atomic.go:86:9: "unsupported type" escapes to heap
/home/jules/go/pkg/mod/go.opentelemetry.io/otel/sdk/metric@v1.44.0/internal/aggregate/atomic.go:67:13: any(aggregate.value) does not escape
/home/jules/go/pkg/mod/go.opentelemetry.io/otel/sdk/metric@v1.44.0/internal/aggregate/atomic.go:73:9: "unsupported type" escapes to heap
/home/jules/go/pkg/mod/go.opentelemetry.io/otel/sdk/metric@v1.44.0/internal/aggregate/histogram.go:49:17: make([]go.shape.uint64, aggregate.length, aggregate.capacity) escapes to heap
/home/jules/go/pkg/mod/go.opentelemetry.io/otel/sdk/metric@v1.44.0/internal/aggregate/aggregate.go:159:14: make([]go.shape.struct { Attributes go.opentelemetry.io/otel/attribute.Set; StartTime time.Time; Time time.Time; Count uint64; Bounds []float64; BucketCounts []uint64; Min go.opentelemetry.io/otel/sdk/metric/metricdata.Extrema[go.shape.float64]; Max go.opentelemetry.io/otel/sdk/metric/metricdata.Extrema[go.shape.float64]; Sum go.shape.float64; Exemplars []go.opentelemetry.io/otel/sdk/metric/metricdata.Exemplar[go.shape.float64] "json:\",omitempty\"" }, aggregate.length, aggregate.capacity) escapes to heap
/home/jules/go/pkg/mod/go.opentelemetry.io/otel/sdk/metric@v1.44.0/internal/aggregate/sum.go:139:9: &aggregate.cumulativeSum[go.shape.float64]{...} escapes to heap
/home/jules/go/pkg/mod/go.opentelemetry.io/otel/sdk/metric@v1.44.0/internal/aggregate/aggregate.go:159:14: make([]go.shape.struct { Attributes go.opentelemetry.io/otel/attribute.Set; StartTime time.Time "json:\",omitempty\""; Time time.Time "json:\",omitempty\""; Value go.shape.float64; Exemplars []go.opentelemetry.io/otel/sdk/metric/metricdata.Exemplar[go.shape.float64] "json:\",omitempty\"" }, aggregate.length, aggregate.capacity) escapes to heap
/home/jules/go/pkg/mod/go.opentelemetry.io/otel/sdk/metric@v1.44.0/internal/aggregate/sum.go:212:9: &aggregate.precomputedSum[go.shape.float64]{...} escapes to heap
/home/jules/go/pkg/mod/go.opentelemetry.io/otel/sdk/metric@v1.44.0/internal/aggregate/lastvalue.go:207:9: &aggregate.precomputedLastValue[go.shape.float64]{...} escapes to heap
/home/jules/go/pkg/mod/go.opentelemetry.io/otel/sdk/metric@v1.44.0/internal/aggregate/lastvalue.go:149:9: &aggregate.cumulativeLastValue[go.shape.float64]{...} escapes to heap
/home/jules/go/pkg/mod/go.opentelemetry.io/otel/sdk/metric@v1.44.0/internal/aggregate/aggregate.go:65:10: func literal escapes to heap
/home/jules/go/pkg/mod/go.opentelemetry.io/otel/sdk/metric@v1.44.0/internal/aggregate/aggregate.go:70:9: func literal escapes to heap
/home/jules/go/pkg/mod/go.opentelemetry.io/otel/sdk/metric@v1.44.0/internal/aggregate/aggregate.go:57:9: &aggregate.dropRes[go.shape.float64]{} escapes to heap
/home/jules/go/pkg/mod/go.opentelemetry.io/otel/sdk/metric@v1.44.0/internal/aggregate/filtered_reservoir.go:48:9: &aggregate.filteredExemplarReservoir[go.shape.float64]{...} escapes to heap
/home/jules/go/pkg/mod/go.opentelemetry.io/otel/sdk/metric@v1.44.0/internal/aggregate/filtered_reservoir.go:63:47: any(exemplar.value) does not escape
/home/jules/go/pkg/mod/go.opentelemetry.io/otel/sdk/metric@v1.44.0/exemplar/value.go:29:18: any(exemplar.value) does not escape
/home/jules/go/pkg/mod/go.opentelemetry.io/otel/sdk/metric@v1.44.0/pipeline.go:312:31: append escapes to heap
/home/jules/go/pkg/mod/go.opentelemetry.io/otel/sdk/metric@v1.44.0/cache.go:34:19: map[go.shape.struct { Name string; Version string; SchemaURL string; Attributes go.opentelemetry.io/otel/attribute.Set }]go.shape.*uint8{...} escapes to heap
/home/jules/go/pkg/mod/go.opentelemetry.io/otel/sdk/metric@v1.44.0/internal/aggregate/histogram.go:46:6: make([]go.shape.uint64, aggregate.length, aggregate.capacity) escapes to heap
/home/jules/go/pkg/mod/go.opentelemetry.io/otel/sdk/metric@v1.44.0/internal/aggregate/atomic.go:91:6: any(aggregate.oldN) does not escape
/home/jules/go/pkg/mod/go.opentelemetry.io/otel/sdk/metric@v1.44.0/internal/aggregate/atomic.go:91:6: "unsupported type" escapes to heap
/home/jules/go/pkg/mod/go.opentelemetry.io/otel/sdk/metric@v1.44.0/internal/aggregate/atomic.go:78:6: any(aggregate.v) does not escape
/home/jules/go/pkg/mod/go.opentelemetry.io/otel/sdk/metric@v1.44.0/internal/aggregate/atomic.go:78:6: "unsupported type" escapes to heap
/home/jules/go/pkg/mod/go.opentelemetry.io/otel/sdk/metric@v1.44.0/internal/aggregate/atomic.go:65:6: any(aggregate.value) does not escape
/home/jules/go/pkg/mod/go.opentelemetry.io/otel/sdk/metric@v1.44.0/internal/aggregate/atomic.go:65:6: "unsupported type" escapes to heap
/home/jules/go/pkg/mod/go.opentelemetry.io/otel/sdk/metric@v1.44.0/internal/aggregate/drop.go:24:6: aggregate.(*dropRes[float64]).Collect ignoring self-assignment in *aggregate.dest = (*aggregate.dest)[:0]
/home/jules/go/pkg/mod/go.opentelemetry.io/otel/sdk/metric@v1.44.0/internal/aggregate/aggregate.go:62:6: func literal escapes to heap
/home/jules/go/pkg/mod/go.opentelemetry.io/otel/sdk/metric@v1.44.0/internal/aggregate/aggregate.go:62:6: func literal escapes to heap
/home/jules/go/pkg/mod/go.opentelemetry.io/otel/sdk/metric@v1.44.0/internal/aggregate/histogram.go:46:6: make([]go.shape.uint64, aggregate.length, aggregate.capacity) escapes to heap
/home/jules/go/pkg/mod/go.opentelemetry.io/otel/sdk/metric@v1.44.0/internal/aggregate/atomic.go:91:6: any(aggregate.oldN) does not escape
/home/jules/go/pkg/mod/go.opentelemetry.io/otel/sdk/metric@v1.44.0/internal/aggregate/atomic.go:91:6: "unsupported type" escapes to heap
/home/jules/go/pkg/mod/go.opentelemetry.io/otel/sdk/metric@v1.44.0/internal/aggregate/atomic.go:78:6: any(aggregate.v) does not escape
/home/jules/go/pkg/mod/go.opentelemetry.io/otel/sdk/metric@v1.44.0/internal/aggregate/atomic.go:78:6: "unsupported type" escapes to heap
/home/jules/go/pkg/mod/go.opentelemetry.io/otel/sdk/metric@v1.44.0/internal/aggregate/atomic.go:65:6: any(aggregate.value) does not escape
/home/jules/go/pkg/mod/go.opentelemetry.io/otel/sdk/metric@v1.44.0/internal/aggregate/atomic.go:65:6: "unsupported type" escapes to heap
/home/jules/go/pkg/mod/go.opentelemetry.io/otel/sdk/metric@v1.44.0/internal/aggregate/drop.go:24:6: aggregate.(*dropRes[int64]).Collect ignoring self-assignment in *aggregate.dest = (*aggregate.dest)[:0]
/home/jules/go/pkg/mod/go.opentelemetry.io/otel/sdk/metric@v1.44.0/internal/aggregate/aggregate.go:62:6: func literal escapes to heap
/home/jules/go/pkg/mod/go.opentelemetry.io/otel/sdk/metric@v1.44.0/internal/aggregate/aggregate.go:62:6: func literal escapes to heap
/home/jules/go/pkg/mod/go.opentelemetry.io/otel/sdk/metric@v1.44.0/instrument.go:337:6: append escapes to heap
/home/jules/go/pkg/mod/go.opentelemetry.io/otel/sdk/metric@v1.44.0/instrument.go:344:6: context.backgroundCtx{} escapes to heap
/home/jules/go/pkg/mod/go.opentelemetry.io/otel/sdk/metric@v1.44.0/instrument.go:337:6: append escapes to heap
/home/jules/go/pkg/mod/go.opentelemetry.io/otel/sdk/metric@v1.44.0/instrument.go:344:6: context.backgroundCtx{} escapes to heap
/home/jules/go/pkg/mod/go.opentelemetry.io/otel/sdk@v1.44.0/trace/evictedqueue.go:62:6: go.shape.[]go.shape.struct { SpanContext go.opentelemetry.io/otel/trace.SpanContext; Attributes []go.opentelemetry.io/otel/attribute.KeyValue; DroppedAttributeCount int }{} escapes to heap
/home/jules/go/pkg/mod/go.opentelemetry.io/otel/sdk@v1.44.0/trace/evictedqueue.go:62:6: append escapes to heap
/home/jules/go/pkg/mod/go.opentelemetry.io/otel/sdk@v1.44.0/trace/evictedqueue.go:62:6: go.shape.[]go.shape.struct { Name string; Attributes []go.opentelemetry.io/otel/attribute.KeyValue; DroppedAttributeCount int; Time time.Time }{} escapes to heap
/home/jules/go/pkg/mod/go.opentelemetry.io/otel/sdk@v1.44.0/trace/evictedqueue.go:62:6: append escapes to heap
<autogenerated>:1: &reflect.ValueError{...} escapes to heap
<autogenerated>:1: &reflect.ValueError{...} escapes to heap
<autogenerated>:1: context.backgroundCtx{} escapes to heap
<autogenerated>:1: context.backgroundCtx{} escapes to heap
<autogenerated>:1: func literal escapes to heap
<autogenerated>:1: func literal escapes to heap
<autogenerated>:1: func literal escapes to heap
<autogenerated>:1: func literal escapes to heap
<autogenerated>:1: func literal escapes to heap
<autogenerated>:1: func literal escapes to heap
<autogenerated>:1: func literal escapes to heap
<autogenerated>:1: func literal escapes to heap
<autogenerated>:1: append escapes to heap
<autogenerated>:1: append escapes to heap
<autogenerated>:1: context.backgroundCtx{} escapes to heap
<autogenerated>:1: append escapes to heap
<autogenerated>:1: append escapes to heap
<autogenerated>:1: context.backgroundCtx{} escapes to heap
<autogenerated>:1: "called entry on non-entry node" escapes to heap
<autogenerated>:1: "called indirect on entry node" escapes to heap
<autogenerated>:1: "called entry on non-entry node" escapes to heap
<autogenerated>:1: "called indirect on entry node" escapes to heap
<autogenerated>:1: "called entry on non-entry node" escapes to heap
<autogenerated>:1: "called indirect on entry node" escapes to heap
<autogenerated>:1: "called entry on non-entry node" escapes to heap
<autogenerated>:1: "called indirect on entry node" escapes to heap
<autogenerated>:1: "called entry on non-entry node" escapes to heap
<autogenerated>:1: "called indirect on entry node" escapes to heap
<autogenerated>:1: "called entry on non-entry node" escapes to heap
<autogenerated>:1: "called indirect on entry node" escapes to heap
<autogenerated>:1: "called entry on non-entry node" escapes to heap
<autogenerated>:1: "called indirect on entry node" escapes to heap
<autogenerated>:1: "called entry on non-entry node" escapes to heap
<autogenerated>:1: "called indirect on entry node" escapes to heap
<autogenerated>:1: make([]go.shape.uint64, aggregate.length, aggregate.capacity) escapes to heap
<autogenerated>:1: make([]go.shape.uint64, aggregate.length, aggregate.capacity) escapes to heap
<autogenerated>:1: make([]go.shape.uint64, aggregate.length, aggregate.capacity) escapes to heap
<autogenerated>:1: make([]go.shape.uint64, aggregate.length, aggregate.capacity) escapes to heap
/home/jules/go/pkg/mod/golang.org/toolchain@v0.0.1-go1.26.5.linux-amd64/src/internal/sync/hashtriemap.go:435:22: index bounds check elided
/home/jules/go/pkg/mod/golang.org/toolchain@v0.0.1-go1.26.5.linux-amd64/src/internal/sync/hashtriemap.go:412:18: index bounds check elided
/home/jules/go/pkg/mod/golang.org/toolchain@v0.0.1-go1.26.5.linux-amd64/src/internal/sync/hashtriemap.go:350:18: index bounds check elided
/home/jules/go/pkg/mod/golang.org/toolchain@v0.0.1-go1.26.5.linux-amd64/src/internal/sync/hashtriemap.go:220:22: index bounds check elided
/home/jules/go/pkg/mod/golang.org/toolchain@v0.0.1-go1.26.5.linux-amd64/src/internal/sync/hashtriemap.go:103:22: index bounds check elided
/home/jules/go/pkg/mod/golang.org/toolchain@v0.0.1-go1.26.5.linux-amd64/src/internal/sync/hashtriemap.go:73:18: index bounds check elided
